# AIoT-MOR-ALDC : FULL Intel Thermal Dataset (34400 readings)
# Stream with: python laptop_sensor_feeder.py -f intel_windows_full.txt
# At 1 Hz this takes ~9.5 hours to complete

20.00, 47.5
19.99, 47.5
19.30, 45.8
19.17, 45.4
19.18, 45.4
19.15, 45.4
19.17, 45.4
19.17, 45.4
19.15, 45.4
19.15, 45.4
19.15, 45.4
19.14, 45.3
19.12, 45.3
19.12, 45.3
19.11, 45.3
19.11, 45.3
19.10, 45.2
19.10, 45.2
19.09, 45.2
19.07, 45.2
19.07, 45.2
19.07, 45.2
19.09, 45.2
19.02, 45.0
19.02, 45.0
19.01, 45.0
19.01, 45.0
19.01, 45.0
19.00, 45.0
19.01, 45.0
18.99, 45.0
18.97, 44.9
18.98, 44.9
18.98, 44.9
18.97, 44.9
18.99, 45.0
18.98, 44.9
18.99, 45.0
18.97, 44.9
18.96, 44.9
18.96, 44.9
18.97, 44.9
18.94, 44.8
18.93, 44.8
18.92, 44.8
18.91, 44.8
18.90, 44.8
18.90, 44.8
18.91, 44.8
18.90, 44.8
18.89, 44.7
18.90, 44.8
18.91, 44.8
18.89, 44.7
18.87, 44.7
18.82, 44.6
18.81, 44.5
18.81, 44.5
18.80, 44.5
18.79, 44.5
18.79, 44.5
18.77, 44.4
18.77, 44.4
18.79, 44.5
18.77, 44.4
18.75, 44.4
18.77, 44.4
18.76, 44.4
18.75, 44.4
18.72, 44.3
18.73, 44.3
18.72, 44.3
18.73, 44.3
18.72, 44.3
18.71, 44.3
18.69, 44.2
18.69, 44.2
18.68, 44.2
18.67, 44.2
18.66, 44.1
18.65, 44.1
18.64, 44.1
18.64, 44.1
18.64, 44.1
18.64, 44.1
18.62, 44.0
18.61, 44.0
18.55, 43.9
18.52, 43.8
18.51, 43.8
18.50, 43.7
18.50, 43.7
18.50, 43.7
18.51, 43.8
18.51, 43.8
18.47, 43.7
18.46, 43.6
18.44, 43.6
18.42, 43.6
18.42, 43.6
18.41, 43.5
18.40, 43.5
18.40, 43.5
18.40, 43.5
18.41, 43.5
18.42, 43.6
18.41, 43.5
18.40, 43.5
18.40, 43.5
18.40, 43.5
18.38, 43.5
18.37, 43.4
18.38, 43.5
18.36, 43.4
18.34, 43.4
18.33, 43.3
18.33, 43.3
18.33, 43.3
18.34, 43.4
18.31, 43.3
18.32, 43.3
18.30, 43.3
18.30, 43.3
18.29, 43.2
18.30, 43.3
18.29, 43.2
18.28, 43.2
18.26, 43.2
18.27, 43.2
18.26, 43.2
18.26, 43.2
18.24, 43.1
18.20, 43.0
18.20, 43.0
18.19, 43.0
18.20, 43.0
18.20, 43.0
18.20, 43.0
18.19, 43.0
18.16, 42.9
18.17, 42.9
18.16, 42.9
18.16, 42.9
18.14, 42.8
18.13, 42.8
18.11, 42.8
18.10, 42.7
18.09, 42.7
18.09, 42.7
18.09, 42.7
18.09, 42.7
18.08, 42.7
18.07, 42.7
18.07, 42.7
18.07, 42.7
18.07, 42.7
18.03, 42.6
18.04, 42.6
18.03, 42.6
18.03, 42.6
18.02, 42.5
18.01, 42.5
18.01, 42.5
17.98, 42.4
17.96, 42.4
17.97, 42.4
17.96, 42.4
17.93, 42.3
17.93, 42.3
17.94, 42.4
17.95, 42.4
17.94, 42.4
17.91, 42.3
17.88, 42.2
17.88, 42.2
17.87, 42.2
17.89, 42.2
17.88, 42.2
17.87, 42.2
17.88, 42.2
17.89, 42.2
17.88, 42.2
17.87, 42.2
17.87, 42.2
17.85, 42.1
17.85, 42.1
17.85, 42.1
17.84, 42.1
17.83, 42.1
17.81, 42.0
17.82, 42.1
17.81, 42.0
17.79, 42.0
17.79, 42.0
17.79, 42.0
17.79, 42.0
17.80, 42.0
17.81, 42.0
17.78, 42.0
17.77, 41.9
17.77, 41.9
17.77, 41.9
17.75, 41.9
17.75, 41.9
17.75, 41.9
17.72, 41.8
17.73, 41.8
17.71, 41.8
17.71, 41.8
17.71, 41.8
17.71, 41.8
17.70, 41.7
17.70, 41.7
17.69, 41.7
17.70, 41.8
17.70, 41.7
17.70, 41.7
17.70, 41.7
17.70, 41.7
17.69, 41.7
17.69, 41.7
17.66, 41.6
17.66, 41.6
17.66, 41.6
17.67, 41.7
17.68, 41.7
17.68, 41.7
17.68, 41.7
17.67, 41.7
17.68, 41.7
17.67, 41.7
17.66, 41.6
17.66, 41.6
17.65, 41.6
17.64, 41.6
17.64, 41.6
17.64, 41.6
17.64, 41.6
17.63, 41.6
17.60, 41.5
17.61, 41.5
17.58, 41.4
17.57, 41.4
17.58, 41.4
17.58, 41.4
17.58, 41.4
17.58, 41.4
17.57, 41.4
17.58, 41.4
17.58, 41.4
17.58, 41.4
17.58, 41.4
17.58, 41.4
17.57, 41.4
17.57, 41.4
17.56, 41.4
17.56, 41.4
17.55, 41.4
17.54, 41.3
17.55, 41.4
17.51, 41.3
17.51, 41.3
17.51, 41.3
17.51, 41.3
17.55, 41.4
17.59, 41.5
17.60, 41.5
17.74, 41.9
17.75, 41.9
17.79, 42.0
17.83, 42.1
17.83, 42.1
17.85, 42.1
17.86, 42.2
17.85, 42.1
17.86, 42.2
17.89, 42.2
17.90, 42.3
17.95, 42.4
17.95, 42.4
17.95, 42.4
17.95, 42.4
17.96, 42.4
17.97, 42.4
17.99, 42.5
18.02, 42.5
18.03, 42.6
18.03, 42.6
18.06, 42.6
18.16, 42.9
18.17, 42.9
18.32, 43.3
18.38, 43.5
18.50, 43.7
18.58, 43.9
18.60, 44.0
18.64, 44.1
18.77, 44.4
18.85, 44.6
18.86, 44.7
18.89, 44.7
18.92, 44.8
18.93, 44.8
18.95, 44.9
18.96, 44.9
19.17, 45.4
19.18, 45.5
19.21, 45.5
19.24, 45.6
19.27, 45.7
19.32, 45.8
19.39, 46.0
19.44, 46.1
19.45, 46.1
19.54, 46.3
19.55, 46.4
19.60, 46.5
19.66, 46.7
19.76, 46.9
19.77, 46.9
19.78, 47.0
19.93, 47.3
20.02, 47.5
20.03, 47.6
20.05, 47.6
20.25, 48.1
20.28, 48.2
20.52, 48.8
20.60, 49.0
20.61, 49.0
20.71, 49.3
20.71, 49.3
20.76, 49.4
20.83, 49.6
20.89, 49.7
20.99, 50.0
21.21, 50.5
21.24, 50.6
21.28, 50.7
21.31, 50.8
21.31, 50.8
21.32, 50.8
21.32, 50.8
21.34, 50.9
21.37, 50.9
21.40, 51.0
21.44, 51.1
21.49, 51.2
21.52, 51.3
21.51, 51.3
21.53, 51.3
21.54, 51.3
21.65, 51.6
21.67, 51.7
21.71, 51.8
21.79, 52.0
21.81, 52.0
21.81, 52.0
21.89, 52.2
21.89, 52.2
21.95, 52.4
22.02, 52.5
22.04, 52.6
22.07, 52.7
22.09, 52.7
22.11, 52.8
22.10, 52.7
22.09, 52.7
22.10, 52.7
22.13, 52.8
22.19, 53.0
22.22, 53.1
22.24, 53.1
22.30, 53.3
22.36, 53.4
22.46, 53.6
22.50, 53.7
22.52, 53.8
22.49, 53.7
22.60, 54.0
22.66, 54.2
22.68, 54.2
22.63, 54.1
22.64, 54.1
22.71, 54.3
22.73, 54.3
22.76, 54.4
22.75, 54.4
22.73, 54.3
22.75, 54.4
22.79, 54.5
22.77, 54.4
22.81, 54.5
22.83, 54.6
22.88, 54.7
22.89, 54.7
22.99, 55.0
23.01, 55.0
23.03, 55.1
23.06, 55.1
23.08, 55.2
23.09, 55.2
23.09, 55.2
23.11, 55.3
23.19, 55.5
23.26, 55.7
23.30, 55.8
23.36, 55.9
23.33, 55.8
23.34, 55.9
23.46, 56.1
23.49, 56.2
23.53, 56.3
23.52, 56.3
23.60, 56.5
23.65, 56.6
23.68, 56.7
23.67, 56.7
23.68, 56.7
23.73, 56.8
23.73, 56.8
23.74, 56.9
23.81, 57.0
23.85, 57.1
23.91, 57.3
23.92, 57.3
23.91, 57.3
23.92, 57.3
23.94, 57.3
23.96, 57.4
23.97, 57.4
23.99, 57.5
24.01, 57.5
24.02, 57.5
24.11, 57.8
24.14, 57.9
24.18, 58.0
24.18, 58.0
24.08, 57.7
24.21, 58.0
24.28, 58.2
24.40, 58.5
24.32, 58.3
24.30, 58.3
24.31, 58.3
24.40, 58.5
24.46, 58.6
24.49, 58.7
24.44, 58.6
24.40, 58.5
24.39, 58.5
24.41, 58.5
24.40, 58.5
24.42, 58.5
24.26, 58.2
24.35, 58.4
24.51, 58.8
24.54, 58.8
24.52, 58.8
24.56, 58.9
24.56, 58.9
24.57, 58.9
24.57, 58.9
24.56, 58.9
24.44, 58.6
24.45, 58.6
24.46, 58.6
24.45, 58.6
24.46, 58.6
24.39, 58.5
24.35, 58.4
24.30, 58.3
24.31, 58.3
24.28, 58.2
24.20, 58.0
24.22, 58.1
24.28, 58.2
24.24, 58.1
24.31, 58.3
24.35, 58.4
24.33, 58.3
24.38, 58.4
24.36, 58.4
24.38, 58.4
24.39, 58.5
24.38, 58.4
24.40, 58.5
24.40, 58.5
24.39, 58.5
24.42, 58.5
24.44, 58.6
24.53, 58.8
24.53, 58.8
24.59, 59.0
24.61, 59.0
24.61, 59.0
24.64, 59.1
24.66, 59.2
24.65, 59.1
24.65, 59.1
24.61, 59.0
24.63, 59.1
24.61, 59.0
24.62, 59.1
24.60, 59.0
24.57, 58.9
24.57, 58.9
24.54, 58.8
24.53, 58.8
24.56, 58.9
24.46, 58.6
24.50, 58.7
24.55, 58.9
24.57, 58.9
24.59, 59.0
24.61, 59.0
24.60, 59.0
24.64, 59.1
24.63, 59.1
24.65, 59.1
24.66, 59.2
24.74, 59.4
24.68, 59.2
24.71, 59.3
24.67, 59.2
24.66, 59.2
24.59, 59.0
24.56, 58.9
24.57, 58.9
24.56, 58.9
24.57, 58.9
24.59, 59.0
24.63, 59.1
24.67, 59.2
24.70, 59.3
24.71, 59.3
24.70, 59.3
24.76, 59.4
24.79, 59.5
24.78, 59.5
24.79, 59.5
24.81, 59.5
24.78, 59.5
24.71, 59.3
24.75, 59.4
24.75, 59.4
24.77, 59.4
24.79, 59.5
24.77, 59.4
24.66, 59.2
24.68, 59.2
24.67, 59.2
24.64, 59.1
24.62, 59.1
24.61, 59.0
24.65, 59.1
24.67, 59.2
24.71, 59.3
24.75, 59.4
24.75, 59.4
24.73, 59.3
24.73, 59.3
24.72, 59.3
24.73, 59.3
24.72, 59.3
24.74, 59.4
24.79, 59.5
24.75, 59.4
24.81, 59.5
24.75, 59.4
24.78, 59.5
24.86, 59.6
24.86, 59.6
24.85, 59.6
24.83, 59.6
24.75, 59.4
24.73, 59.3
24.73, 59.3
24.69, 59.2
24.71, 59.3
24.70, 59.3
24.69, 59.2
24.71, 59.3
24.74, 59.4
24.88, 59.7
24.90, 59.7
24.88, 59.7
24.88, 59.7
24.89, 59.7
24.90, 59.7
24.99, 60.0
24.99, 60.0
24.93, 59.8
24.85, 59.6
24.83, 59.6
24.80, 59.5
24.71, 59.3
24.71, 59.3
24.72, 59.3
24.74, 59.4
24.79, 59.5
24.81, 59.5
24.84, 59.6
24.83, 59.6
24.76, 59.4
24.81, 59.5
24.92, 59.8
24.82, 59.5
24.71, 59.3
24.67, 59.2
24.65, 59.1
24.74, 59.4
24.77, 59.4
24.78, 59.5
24.94, 59.8
24.98, 59.9
24.98, 59.9
24.99, 60.0
24.97, 59.9
24.87, 59.7
24.67, 59.2
24.54, 58.8
24.53, 58.8
24.54, 58.8
24.46, 58.6
24.44, 58.6
24.26, 58.2
24.19, 58.0
24.07, 57.7
24.05, 57.6
24.05, 57.6
24.04, 57.6
24.02, 57.5
23.99, 57.5
23.91, 57.3
23.82, 57.1
23.83, 57.1
23.91, 57.3
23.90, 57.2
23.93, 57.3
23.87, 57.2
23.79, 57.0
23.72, 56.8
23.75, 56.9
23.77, 56.9
23.80, 57.0
23.81, 57.0
23.79, 57.0
23.76, 56.9
23.76, 56.9
23.77, 56.9
23.76, 56.9
23.75, 56.9
23.73, 56.8
23.73, 56.8
23.69, 56.7
23.66, 56.7
23.65, 56.6
23.61, 56.5
23.70, 56.8
23.76, 56.9
23.77, 56.9
23.76, 56.9
23.77, 56.9
23.78, 57.0
23.71, 56.8
23.69, 56.7
23.68, 56.7
23.71, 56.8
23.73, 56.8
23.75, 56.9
23.77, 56.9
23.77, 56.9
23.70, 56.8
23.68, 56.7
23.63, 56.6
23.62, 56.6
23.63, 56.6
23.67, 56.7
23.68, 56.7
23.67, 56.7
23.67, 56.7
23.60, 56.5
23.59, 56.5
23.61, 56.5
23.64, 56.6
23.66, 56.7
23.67, 56.7
23.69, 56.7
23.66, 56.7
23.65, 56.6
23.61, 56.5
23.52, 56.3
23.50, 56.2
23.47, 56.2
23.44, 56.1
23.44, 56.1
23.44, 56.1
23.45, 56.1
23.44, 56.1
23.46, 56.1
23.46, 56.1
23.37, 55.9
23.36, 55.9
23.36, 55.9
23.36, 55.9
23.34, 55.9
23.31, 55.8
23.33, 55.8
23.32, 55.8
23.29, 55.7
23.28, 55.7
23.28, 55.7
23.27, 55.7
23.26, 55.7
23.24, 55.6
23.22, 55.6
23.22, 55.6
23.22, 55.6
23.20, 55.5
23.18, 55.5
23.16, 55.4
23.15, 55.4
23.13, 55.3
23.12, 55.3
23.08, 55.2
23.07, 55.2
23.05, 55.1
23.03, 55.1
23.02, 55.0
23.01, 55.0
22.97, 54.9
22.94, 54.8
22.90, 54.7
22.85, 54.6
22.84, 54.6
22.84, 54.6
22.85, 54.6
22.84, 54.6
22.84, 54.6
22.83, 54.6
22.83, 54.6
22.84, 54.6
22.83, 54.6
22.82, 54.6
22.77, 54.4
22.77, 54.4
22.75, 54.4
22.73, 54.3
22.69, 54.2
22.67, 54.2
22.67, 54.2
22.66, 54.2
22.65, 54.1
22.63, 54.1
22.62, 54.1
22.61, 54.0
22.59, 54.0
22.52, 53.8
22.54, 53.8
22.55, 53.9
22.54, 53.8
22.53, 53.8
22.52, 53.8
22.53, 53.8
22.52, 53.8
22.52, 53.8
22.50, 53.7
22.48, 53.7
22.46, 53.6
22.46, 53.6
22.46, 53.6
22.41, 53.5
22.40, 53.5
22.38, 53.4
22.36, 53.4
22.34, 53.4
22.34, 53.4
22.32, 53.3
22.30, 53.3
22.28, 53.2
22.26, 53.2
22.24, 53.1
22.22, 53.1
22.22, 53.1
22.21, 53.0
22.22, 53.1
22.20, 53.0
22.19, 53.0
22.18, 53.0
22.16, 52.9
22.16, 52.9
22.11, 52.8
22.11, 52.8
22.07, 52.7
22.07, 52.7
22.04, 52.6
22.03, 52.6
22.01, 52.5
22.00, 52.5
21.98, 52.4
21.98, 52.4
21.99, 52.5
21.98, 52.4
22.00, 52.5
21.99, 52.5
21.97, 52.4
21.90, 52.2
21.89, 52.2
21.85, 52.1
21.83, 52.1
21.86, 52.2
21.83, 52.1
21.82, 52.1
21.81, 52.0
21.81, 52.0
21.81, 52.0
21.81, 52.0
21.81, 52.0
21.81, 52.0
21.82, 52.1
21.82, 52.1
21.81, 52.0
21.83, 52.1
21.81, 52.0
21.81, 52.0
21.81, 52.0
21.81, 52.0
21.75, 51.9
21.73, 51.8
21.71, 51.8
21.72, 51.8
21.71, 51.8
21.71, 51.8
21.71, 51.8
21.69, 51.7
21.67, 51.7
21.61, 51.5
21.61, 51.5
21.54, 51.3
21.54, 51.3
21.48, 51.2
21.46, 51.1
21.46, 51.1
21.43, 51.1
21.41, 51.0
21.42, 51.0
21.40, 51.0
21.38, 50.9
21.33, 50.8
21.32, 50.8
21.28, 50.7
21.27, 50.7
21.29, 50.7
21.29, 50.7
21.28, 50.7
21.27, 50.7
21.27, 50.7
21.18, 50.5
21.21, 50.5
21.20, 50.5
21.20, 50.5
21.20, 50.5
21.19, 50.5
21.17, 50.4
21.16, 50.4
21.15, 50.4
21.14, 50.3
21.12, 50.3
21.11, 50.3
21.13, 50.3
21.13, 50.3
21.11, 50.3
21.08, 50.2
21.09, 50.2
21.09, 50.2
21.09, 50.2
21.09, 50.2
21.09, 50.2
21.09, 50.2
21.08, 50.2
21.07, 50.2
21.06, 50.1
21.07, 50.2
21.07, 50.2
21.06, 50.1
21.05, 50.1
21.05, 50.1
21.05, 50.1
21.05, 50.1
21.04, 50.1
21.01, 50.0
21.01, 50.0
21.00, 50.0
21.00, 50.0
21.00, 50.0
20.98, 49.9
20.98, 49.9
20.99, 50.0
20.97, 49.9
20.96, 49.9
20.96, 49.9
20.97, 49.9
20.95, 49.9
20.95, 49.9
20.94, 49.8
20.92, 49.8
20.89, 49.7
20.89, 49.7
20.89, 49.7
20.89, 49.7
20.89, 49.7
20.87, 49.7
20.85, 49.6
20.85, 49.6
20.84, 49.6
20.83, 49.6
20.83, 49.6
20.82, 49.6
20.79, 49.5
20.80, 49.5
20.80, 49.5
20.80, 49.5
20.79, 49.5
20.79, 49.5
20.77, 49.4
20.77, 49.4
20.75, 49.4
20.75, 49.4
20.75, 49.4
20.75, 49.4
20.74, 49.4
20.74, 49.4
20.73, 49.3
20.73, 49.3
20.73, 49.3
20.72, 49.3
20.70, 49.3
20.71, 49.3
20.71, 49.3
20.69, 49.2
20.70, 49.3
20.70, 49.3
20.69, 49.2
20.69, 49.2
20.67, 49.2
20.68, 49.2
20.66, 49.2
20.65, 49.1
20.65, 49.1
20.65, 49.1
20.66, 49.2
20.64, 49.1
20.64, 49.1
20.63, 49.1
20.63, 49.1
20.61, 49.0
20.60, 49.0
20.60, 49.0
20.60, 49.0
20.60, 49.0
20.59, 49.0
20.58, 48.9
20.58, 48.9
20.58, 48.9
20.58, 48.9
20.58, 48.9
20.56, 48.9
20.56, 48.9
20.54, 48.8
20.54, 48.8
20.55, 48.9
20.54, 48.8
20.54, 48.8
20.53, 48.8
20.52, 48.8
20.52, 48.8
20.51, 48.8
20.50, 48.7
20.50, 48.7
20.48, 48.7
20.48, 48.7
20.48, 48.7
20.48, 48.7
20.47, 48.7
20.46, 48.6
20.46, 48.6
20.48, 48.7
20.47, 48.7
20.46, 48.6
20.44, 48.6
20.43, 48.6
20.44, 48.6
20.43, 48.6
20.44, 48.6
20.42, 48.5
20.41, 48.5
20.41, 48.5
20.40, 48.5
20.39, 48.5
20.39, 48.5
20.40, 48.5
20.40, 48.5
20.40, 48.5
20.39, 48.5
20.39, 48.5
20.39, 48.5
20.38, 48.5
20.38, 48.5
20.38, 48.5
20.37, 48.4
20.38, 48.5
20.39, 48.5
20.37, 48.4
20.37, 48.4
20.37, 48.4
20.38, 48.5
20.38, 48.5
20.38, 48.5
20.38, 48.5
20.36, 48.4
20.35, 48.4
20.34, 48.4
20.34, 48.4
20.34, 48.4
20.34, 48.4
20.33, 48.3
20.33, 48.3
20.33, 48.3
20.34, 48.4
20.33, 48.3
20.32, 48.3
20.32, 48.3
20.32, 48.3
20.32, 48.3
20.34, 48.4
20.32, 48.3
20.32, 48.3
20.32, 48.3
20.31, 48.3
20.31, 48.3
20.31, 48.3
20.31, 48.3
20.30, 48.3
20.31, 48.3
20.32, 48.3
20.32, 48.3
20.32, 48.3
20.31, 48.3
20.32, 48.3
20.30, 48.3
20.30, 48.3
20.30, 48.3
20.29, 48.2
20.30, 48.3
20.30, 48.3
20.28, 48.2
20.28, 48.2
20.28, 48.2
20.27, 48.2
20.27, 48.2
20.28, 48.2
20.27, 48.2
20.27, 48.2
20.27, 48.2
20.26, 48.2
20.26, 48.2
20.24, 48.1
20.24, 48.1
20.24, 48.1
20.24, 48.1
20.22, 48.1
20.22, 48.1
20.22, 48.1
20.22, 48.1
20.22, 48.1
20.22, 48.1
20.22, 48.1
20.22, 48.1
20.19, 48.0
20.18, 48.0
20.18, 48.0
20.18, 48.0
20.18, 48.0
20.19, 48.0
20.17, 47.9
20.17, 47.9
20.18, 48.0
20.19, 48.0
20.17, 47.9
20.17, 47.9
20.16, 47.9
20.16, 47.9
20.16, 47.9
20.16, 47.9
20.16, 47.9
20.15, 47.9
20.15, 47.9
20.15, 47.9
20.13, 47.8
20.10, 47.7
20.11, 47.8
20.10, 47.7
20.10, 47.7
20.11, 47.8
20.10, 47.7
20.10, 47.7
20.11, 47.8
20.10, 47.7
20.11, 47.8
20.10, 47.7
20.11, 47.8
20.09, 47.7
20.09, 47.7
20.09, 47.7
20.09, 47.7
20.11, 47.8
20.09, 47.7
20.09, 47.7
20.08, 47.7
20.09, 47.7
20.08, 47.7
20.08, 47.7
20.08, 47.7
20.08, 47.7
20.08, 47.7
20.07, 47.7
20.07, 47.7
20.05, 47.6
20.04, 47.6
20.04, 47.6
20.01, 47.5
20.00, 47.5
19.99, 47.5
19.99, 47.5
19.99, 47.5
19.99, 47.5
19.99, 47.5
19.98, 47.4
19.98, 47.4
19.95, 47.4
19.96, 47.4
19.95, 47.4
19.95, 47.4
19.94, 47.3
19.92, 47.3
19.92, 47.3
19.90, 47.3
19.91, 47.3
19.91, 47.3
19.90, 47.3
19.91, 47.3
19.90, 47.3
19.91, 47.3
19.89, 47.2
19.88, 47.2
19.87, 47.2
19.87, 47.2
19.88, 47.2
19.88, 47.2
19.86, 47.2
19.85, 47.1
19.83, 47.1
19.81, 47.0
19.81, 47.0
19.79, 47.0
19.80, 47.0
19.81, 47.0
19.79, 47.0
19.78, 47.0
19.78, 47.0
19.79, 47.0
19.79, 47.0
19.77, 46.9
19.77, 46.9
19.76, 46.9
19.76, 46.9
19.75, 46.9
19.75, 46.9
19.76, 46.9
19.77, 46.9
19.75, 46.9
19.74, 46.9
19.74, 46.9
19.75, 46.9
19.75, 46.9
19.73, 46.8
19.73, 46.8
19.72, 46.8
19.71, 46.8
19.70, 46.8
19.71, 46.8
19.70, 46.8
19.70, 46.8
19.70, 46.8
19.71, 46.8
19.70, 46.8
19.68, 46.7
19.67, 46.7
19.66, 46.6
19.66, 46.6
19.66, 46.6
19.66, 46.6
19.66, 46.6
19.65, 46.6
19.66, 46.6
19.62, 46.5
19.62, 46.5
19.64, 46.6
19.62, 46.5
19.60, 46.5
19.61, 46.5
19.61, 46.5
19.60, 46.5
19.60, 46.5
19.60, 46.5
19.58, 46.4
19.58, 46.4
19.59, 46.5
19.58, 46.4
19.58, 46.4
19.60, 46.5
19.58, 46.4
19.59, 46.5
19.57, 46.4
19.56, 46.4
19.56, 46.4
19.54, 46.3
19.51, 46.3
19.49, 46.2
19.49, 46.2
19.50, 46.2
19.52, 46.3
19.50, 46.2
19.50, 46.2
19.51, 46.3
19.50, 46.2
19.50, 46.2
19.51, 46.3
19.50, 46.2
19.50, 46.2
19.50, 46.2
19.50, 46.2
19.47, 46.2
19.46, 46.1
19.47, 46.2
19.47, 46.2
19.50, 46.2
19.49, 46.2
19.48, 46.2
19.47, 46.2
19.49, 46.2
19.46, 46.1
19.46, 46.1
19.47, 46.2
19.46, 46.1
19.45, 46.1
19.45, 46.1
19.42, 46.1
19.44, 46.1
19.44, 46.1
19.44, 46.1
19.44, 46.1
19.41, 46.0
19.41, 46.0
19.40, 46.0
19.42, 46.1
19.40, 46.0
19.40, 46.0
19.40, 46.0
19.42, 46.1
19.40, 46.0
19.40, 46.0
19.41, 46.0
19.38, 46.0
19.38, 46.0
19.38, 46.0
19.38, 46.0
19.39, 46.0
19.36, 45.9
19.35, 45.9
19.35, 45.9
19.34, 45.9
19.32, 45.8
19.32, 45.8
19.30, 45.8
19.30, 45.8
19.31, 45.8
19.30, 45.8
19.30, 45.8
19.30, 45.8
19.31, 45.8
19.30, 45.8
19.30, 45.8
19.30, 45.8
19.29, 45.7
19.27, 45.7
19.28, 45.7
19.27, 45.7
19.27, 45.7
19.26, 45.7
19.27, 45.7
19.27, 45.7
19.26, 45.7
19.26, 45.7
19.24, 45.6
19.21, 45.5
19.22, 45.6
19.22, 45.6
19.23, 45.6
19.23, 45.6
19.22, 45.6
19.22, 45.6
19.21, 45.5
19.20, 45.5
19.22, 45.6
19.21, 45.5
19.22, 45.6
19.24, 45.6
19.22, 45.6
19.21, 45.5
19.18, 45.5
19.19, 45.5
19.18, 45.4
19.18, 45.5
19.18, 45.5
19.18, 45.4
19.16, 45.4
19.16, 45.4
19.13, 45.3
19.15, 45.4
19.13, 45.3
19.14, 45.3
19.14, 45.3
19.12, 45.3
19.11, 45.3
19.12, 45.3
19.12, 45.3
19.11, 45.3
19.11, 45.3
19.11, 45.3
19.13, 45.3
19.12, 45.3
19.11, 45.3
19.11, 45.3
19.11, 45.3
19.11, 45.3
19.09, 45.2
19.09, 45.2
19.08, 45.2
19.09, 45.2
19.08, 45.2
19.08, 45.2
19.09, 45.2
19.09, 45.2
19.07, 45.2
19.06, 45.1
19.07, 45.2
19.06, 45.1
19.06, 45.1
19.06, 45.1
19.05, 45.1
19.03, 45.1
19.03, 45.1
19.02, 45.0
19.03, 45.1
19.03, 45.1
19.03, 45.1
19.03, 45.1
19.01, 45.0
19.01, 45.0
18.98, 44.9
18.97, 44.9
18.95, 44.9
18.94, 44.8
18.93, 44.8
18.93, 44.8
18.91, 44.8
18.90, 44.8
18.89, 44.7
18.89, 44.7
18.88, 44.7
18.85, 44.6
18.86, 44.7
18.85, 44.6
18.85, 44.6
18.86, 44.7
18.87, 44.7
18.86, 44.7
18.85, 44.6
18.85, 44.6
18.84, 44.6
18.83, 44.6
18.84, 44.6
18.81, 44.5
18.81, 44.5
18.82, 44.6
18.81, 44.5
18.79, 44.5
18.80, 44.5
18.80, 44.5
18.81, 44.5
18.80, 44.5
18.79, 44.5
18.78, 44.5
18.77, 44.4
18.77, 44.4
18.75, 44.4
18.76, 44.4
18.74, 44.4
18.74, 44.4
18.73, 44.3
18.74, 44.4
18.73, 44.3
18.72, 44.3
18.71, 44.3
18.69, 44.2
18.68, 44.2
18.68, 44.2
18.68, 44.2
18.68, 44.2
18.68, 44.2
18.68, 44.2
18.68, 44.2
18.68, 44.2
18.68, 44.2
18.66, 44.1
18.64, 44.1
18.64, 44.1
18.65, 44.1
18.64, 44.1
18.64, 44.1
18.64, 44.1
18.63, 44.1
18.64, 44.1
18.61, 44.0
18.62, 44.0
18.63, 44.1
18.59, 44.0
18.58, 43.9
18.58, 43.9
18.59, 44.0
18.58, 43.9
18.59, 44.0
18.58, 43.9
18.58, 43.9
18.58, 43.9
18.56, 43.9
18.56, 43.9
18.55, 43.9
18.54, 43.8
18.53, 43.8
18.52, 43.8
18.51, 43.8
18.52, 43.8
18.51, 43.8
18.51, 43.8
18.50, 43.7
18.50, 43.7
18.52, 43.8
18.50, 43.7
18.50, 43.7
18.52, 43.8
18.50, 43.7
18.50, 43.7
18.49, 43.7
18.49, 43.7
18.48, 43.7
18.49, 43.7
18.48, 43.7
18.48, 43.7
18.47, 43.7
18.48, 43.7
18.46, 43.6
18.44, 43.6
18.43, 43.6
18.43, 43.6
18.44, 43.6
18.45, 43.6
18.44, 43.6
18.43, 43.6
18.45, 43.6
18.44, 43.6
18.45, 43.6
18.44, 43.6
18.44, 43.6
18.43, 43.6
18.43, 43.6
18.44, 43.6
18.43, 43.6
18.42, 43.6
18.42, 43.6
18.42, 43.6
18.41, 43.5
18.41, 43.5
18.41, 43.5
18.41, 43.5
18.40, 43.5
18.38, 43.5
18.38, 43.5
18.37, 43.4
18.36, 43.4
18.36, 43.4
18.34, 43.4
18.34, 43.4
18.34, 43.4
18.32, 43.3
18.34, 43.4
18.33, 43.3
18.34, 43.4
18.33, 43.3
18.30, 43.3
18.31, 43.3
18.30, 43.3
18.33, 43.3
18.32, 43.3
18.33, 43.3
18.31, 43.3
18.32, 43.3
18.30, 43.3
18.29, 43.2
18.30, 43.3
18.29, 43.2
18.28, 43.2
18.29, 43.2
18.28, 43.2
18.27, 43.2
18.26, 43.2
18.26, 43.2
18.26, 43.2
18.25, 43.1
18.24, 43.1
18.25, 43.1
18.23, 43.1
18.22, 43.1
18.23, 43.1
18.22, 43.1
18.22, 43.1
18.22, 43.1
18.22, 43.1
18.24, 43.1
18.24, 43.1
18.24, 43.1
18.24, 43.1
18.24, 43.1
18.22, 43.1
18.21, 43.0
18.20, 43.0
18.19, 43.0
18.18, 42.9
18.17, 42.9
18.18, 42.9
18.17, 42.9
18.16, 42.9
18.16, 42.9
18.17, 42.9
18.17, 42.9
18.16, 42.9
18.16, 42.9
18.16, 42.9
18.15, 42.9
18.15, 42.9
18.15, 42.9
18.18, 42.9
18.19, 43.0
18.16, 42.9
18.16, 42.9
18.16, 42.9
18.15, 42.9
18.16, 42.9
18.15, 42.9
18.15, 42.9
18.14, 42.8
18.15, 42.9
18.15, 42.9
18.14, 42.8
18.13, 42.8
18.13, 42.8
18.14, 42.8
18.13, 42.8
18.13, 42.8
18.12, 42.8
18.11, 42.8
18.11, 42.8
18.10, 42.7
18.11, 42.8
18.10, 42.7
18.10, 42.7
18.10, 42.7
18.11, 42.8
18.11, 42.8
18.09, 42.7
18.09, 42.7
18.08, 42.7
18.09, 42.7
18.07, 42.7
18.07, 42.7
18.07, 42.7
18.06, 42.6
18.07, 42.7
18.00, 42.5
18.00, 42.5
18.01, 42.5
18.01, 42.5
18.00, 42.5
18.02, 42.5
18.03, 42.6
18.01, 42.5
18.01, 42.5
18.03, 42.6
18.02, 42.5
18.03, 42.6
18.03, 42.6
18.03, 42.6
18.03, 42.6
18.03, 42.6
18.02, 42.5
18.02, 42.5
18.02, 42.5
18.01, 42.5
18.01, 42.5
18.01, 42.5
18.01, 42.5
17.99, 42.5
17.99, 42.5
17.99, 42.5
17.98, 42.4
18.01, 42.5
17.99, 42.5
17.99, 42.5
17.98, 42.4
17.97, 42.4
17.95, 42.4
17.95, 42.4
17.96, 42.4
17.97, 42.4
17.97, 42.4
17.93, 42.3
17.93, 42.3
17.95, 42.4
17.93, 42.3
17.93, 42.3
17.96, 42.4
17.93, 42.3
17.95, 42.4
17.94, 42.4
17.93, 42.3
17.93, 42.3
17.93, 42.3
17.92, 42.3
17.92, 42.3
17.91, 42.3
17.90, 42.3
17.88, 42.2
17.87, 42.2
17.88, 42.2
17.87, 42.2
17.87, 42.2
17.87, 42.2
17.88, 42.2
17.87, 42.2
17.88, 42.2
17.88, 42.2
17.87, 42.2
17.87, 42.2
17.87, 42.2
17.87, 42.2
17.87, 42.2
17.88, 42.2
17.87, 42.2
17.85, 42.1
17.87, 42.2
17.85, 42.1
17.86, 42.2
17.85, 42.1
17.85, 42.1
17.85, 42.1
17.84, 42.1
17.83, 42.1
17.81, 42.0
17.82, 42.1
17.81, 42.0
17.81, 42.0
17.82, 42.1
17.81, 42.0
17.83, 42.1
17.83, 42.1
17.83, 42.1
17.83, 42.1
17.81, 42.0
17.80, 42.0
17.81, 42.0
17.81, 42.0
17.80, 42.0
17.80, 42.0
17.80, 42.0
17.79, 42.0
17.78, 42.0
17.77, 41.9
17.77, 41.9
17.77, 41.9
17.78, 42.0
17.77, 41.9
17.77, 41.9
17.77, 41.9
17.77, 41.9
17.78, 42.0
17.77, 41.9
17.77, 41.9
17.76, 41.9
17.76, 41.9
17.77, 41.9
17.74, 41.9
17.73, 41.8
17.74, 41.9
17.75, 41.9
17.74, 41.9
17.74, 41.9
17.73, 41.8
17.73, 41.8
17.71, 41.8
17.73, 41.8
17.71, 41.8
17.70, 41.7
17.70, 41.7
17.70, 41.7
17.70, 41.8
17.70, 41.7
17.69, 41.7
17.70, 41.7
17.70, 41.7
17.70, 41.7
17.69, 41.7
17.68, 41.7
17.70, 41.7
17.69, 41.7
17.67, 41.7
17.66, 41.6
17.66, 41.6
17.66, 41.6
17.64, 41.6
17.62, 41.5
17.64, 41.6
17.62, 41.5
17.62, 41.5
17.62, 41.5
17.62, 41.5
17.63, 41.6
17.64, 41.6
17.64, 41.6
17.62, 41.5
17.60, 41.5
17.61, 41.5
17.60, 41.5
17.61, 41.5
17.60, 41.5
17.59, 41.5
17.57, 41.4
17.58, 41.4
17.57, 41.4
17.57, 41.4
17.56, 41.4
17.56, 41.4
17.56, 41.4
17.56, 41.4
17.56, 41.4
17.54, 41.3
17.54, 41.3
17.52, 41.3
17.54, 41.3
17.54, 41.3
17.54, 41.3
17.55, 41.4
17.54, 41.3
17.54, 41.3
17.52, 41.3
17.52, 41.3
17.52, 41.3
17.52, 41.3
17.52, 41.3
17.51, 41.3
17.50, 41.2
17.49, 41.2
17.50, 41.2
17.51, 41.3
17.51, 41.3
17.50, 41.2
17.49, 41.2
17.50, 41.2
17.50, 41.2
17.48, 41.2
17.50, 41.2
17.49, 41.2
17.51, 41.3
17.50, 41.2
17.51, 41.3
17.50, 41.2
17.47, 41.2
17.48, 41.2
17.48, 41.2
17.49, 41.2
17.50, 41.2
17.50, 41.2
17.51, 41.3
17.50, 41.2
17.48, 41.2
17.50, 41.2
17.48, 41.2
17.48, 41.2
17.48, 41.2
17.48, 41.2
17.47, 41.2
17.49, 41.2
17.50, 41.2
17.53, 41.3
17.52, 41.3
17.52, 41.3
17.50, 41.2
17.52, 41.3
17.51, 41.3
17.50, 41.2
17.50, 41.2
17.48, 41.2
17.47, 41.2
17.48, 41.2
17.48, 41.2
17.48, 41.2
17.46, 41.2
17.48, 41.2
17.49, 41.2
17.50, 41.2
17.48, 41.2
17.48, 41.2
17.48, 41.2
17.48, 41.2
17.48, 41.2
17.47, 41.2
17.46, 41.2
17.47, 41.2
17.48, 41.2
17.46, 41.2
17.45, 41.1
17.47, 41.2
17.46, 41.2
17.46, 41.2
17.44, 41.1
17.46, 41.2
17.47, 41.2
17.48, 41.2
17.46, 41.2
17.46, 41.2
17.47, 41.2
17.46, 41.2
17.47, 41.2
17.46, 41.2
17.46, 41.2
17.46, 41.2
17.47, 41.2
17.47, 41.2
17.47, 41.2
17.46, 41.2
17.45, 41.1
17.46, 41.2
17.45, 41.1
17.47, 41.2
17.47, 41.2
17.48, 41.2
17.46, 41.2
17.46, 41.2
17.46, 41.2
17.47, 41.2
17.48, 41.2
17.49, 41.2
17.50, 41.2
17.49, 41.2
17.50, 41.2
17.50, 41.2
17.52, 41.3
17.50, 41.2
17.52, 41.3
17.52, 41.3
17.52, 41.3
17.52, 41.3
17.52, 41.3
17.52, 41.3
17.54, 41.3
17.53, 41.3
17.54, 41.3
17.54, 41.3
17.55, 41.4
17.53, 41.3
17.56, 41.4
17.56, 41.4
17.58, 41.4
17.60, 41.5
17.60, 41.5
17.63, 41.6
17.64, 41.6
17.64, 41.6
17.66, 41.6
17.64, 41.6
17.67, 41.7
17.68, 41.7
17.69, 41.7
17.69, 41.7
17.71, 41.8
17.72, 41.8
17.73, 41.8
17.75, 41.9
17.77, 41.9
17.79, 42.0
17.79, 42.0
17.83, 42.1
17.87, 42.2
17.88, 42.2
17.90, 42.3
17.89, 42.2
17.91, 42.3
17.93, 42.3
17.95, 42.4
18.01, 42.5
18.01, 42.5
18.04, 42.6
18.06, 42.6
18.09, 42.7
18.12, 42.8
18.15, 42.9
18.17, 42.9
18.24, 43.1
18.26, 43.2
18.31, 43.3
18.35, 43.4
18.37, 43.4
18.40, 43.5
18.47, 43.7
18.60, 44.0
18.63, 44.1
18.66, 44.1
18.69, 44.2
18.73, 44.3
18.75, 44.4
18.82, 44.6
18.94, 44.8
19.05, 45.1
19.11, 45.3
19.14, 45.3
19.18, 45.4
19.20, 45.5
19.23, 45.6
19.25, 45.6
19.36, 45.9
19.40, 46.0
19.43, 46.1
19.45, 46.1
19.48, 46.2
19.51, 46.3
19.56, 46.4
19.59, 46.5
19.62, 46.5
19.66, 46.6
19.71, 46.8
19.77, 46.9
19.85, 47.1
19.88, 47.2
19.91, 47.3
19.95, 47.4
19.97, 47.4
19.98, 47.4
19.97, 47.4
19.97, 47.4
19.99, 47.5
20.03, 47.6
20.06, 47.6
20.13, 47.8
20.18, 48.0
20.21, 48.0
20.21, 48.0
20.22, 48.1
20.22, 48.1
20.26, 48.2
20.30, 48.3
20.32, 48.3
20.34, 48.4
20.37, 48.4
20.38, 48.5
20.44, 48.6
20.51, 48.8
20.53, 48.8
20.56, 48.9
20.56, 48.9
20.57, 48.9
20.56, 48.9
20.56, 48.9
20.56, 48.9
20.59, 49.0
20.61, 49.0
20.61, 49.0
20.62, 49.0
20.62, 49.0
20.63, 49.1
20.62, 49.0
20.63, 49.1
20.64, 49.1
20.64, 49.1
20.64, 49.1
20.62, 49.0
20.61, 49.0
20.58, 48.9
20.49, 48.7
20.46, 48.6
20.44, 48.6
20.42, 48.5
20.38, 48.5
20.35, 48.4
20.30, 48.3
20.27, 48.2
20.25, 48.1
20.19, 48.0
20.18, 48.0
20.14, 47.8
20.09, 47.7
20.07, 47.7
20.04, 47.6
20.02, 47.5
20.00, 47.5
19.98, 47.4
19.97, 47.4
19.84, 47.1
19.80, 47.0
19.80, 47.0
19.78, 47.0
19.80, 47.0
19.82, 47.1
19.83, 47.1
19.86, 47.2
19.90, 47.3
19.93, 47.3
19.98, 47.4
19.99, 47.5
20.01, 47.5
20.04, 47.6
20.05, 47.6
20.11, 47.8
20.11, 47.8
20.13, 47.8
20.14, 47.8
20.16, 47.9
20.22, 48.1
20.24, 48.1
20.24, 48.1
20.28, 48.2
20.30, 48.3
20.32, 48.3
20.36, 48.4
20.46, 48.6
20.50, 48.7
20.52, 48.8
20.56, 48.9
20.57, 48.9
20.60, 49.0
20.63, 49.1
20.64, 49.1
20.71, 49.3
20.70, 49.3
20.67, 49.2
20.75, 49.4
20.83, 49.6
20.86, 49.7
20.89, 49.7
20.91, 49.8
20.88, 49.7
20.88, 49.7
20.87, 49.7
20.88, 49.7
20.87, 49.7
20.87, 49.7
20.87, 49.7
20.88, 49.7
20.91, 49.8
20.96, 49.9
20.98, 49.9
20.99, 50.0
21.01, 50.0
21.01, 50.0
21.02, 50.0
21.01, 50.0
21.03, 50.1
21.05, 50.1
21.06, 50.1
21.00, 50.0
21.04, 50.1
21.05, 50.1
21.06, 50.1
21.09, 50.2
21.05, 50.1
21.05, 50.1
21.07, 50.2
21.08, 50.2
21.10, 50.2
21.09, 50.2
21.11, 50.3
21.18, 50.5
21.19, 50.5
21.18, 50.5
21.18, 50.5
21.14, 50.4
21.16, 50.4
21.16, 50.4
21.18, 50.5
21.19, 50.5
21.19, 50.5
21.19, 50.5
21.20, 50.5
21.21, 50.5
21.23, 50.6
21.22, 50.6
21.22, 50.6
21.22, 50.6
21.23, 50.6
21.18, 50.5
21.19, 50.5
21.24, 50.6
21.20, 50.5
21.22, 50.6
21.22, 50.6
21.20, 50.5
21.21, 50.5
21.21, 50.5
21.24, 50.6
21.25, 50.6
21.24, 50.6
21.26, 50.7
21.26, 50.7
21.25, 50.6
21.24, 50.6
21.23, 50.6
21.24, 50.6
21.26, 50.7
21.27, 50.7
21.27, 50.7
21.26, 50.7
21.27, 50.7
21.26, 50.7
21.25, 50.6
21.26, 50.7
21.26, 50.7
21.24, 50.6
21.25, 50.6
21.23, 50.6
21.17, 50.4
21.13, 50.3
21.09, 50.2
21.07, 50.2
21.09, 50.2
21.06, 50.1
21.07, 50.2
21.07, 50.2
21.06, 50.1
21.13, 50.3
21.16, 50.4
21.18, 50.5
21.26, 50.7
21.27, 50.7
21.27, 50.7
21.29, 50.7
21.28, 50.7
21.32, 50.8
21.33, 50.8
21.34, 50.9
21.32, 50.8
21.33, 50.8
21.34, 50.9
21.36, 50.9
21.36, 50.9
21.34, 50.9
21.36, 50.9
21.38, 50.9
21.40, 51.0
21.40, 51.0
21.38, 50.9
21.38, 50.9
21.38, 50.9
21.33, 50.8
21.31, 50.8
21.30, 50.8
21.32, 50.8
21.34, 50.9
21.34, 50.9
21.28, 50.7
21.26, 50.7
21.26, 50.7
21.24, 50.6
21.20, 50.5
21.22, 50.6
21.23, 50.6
21.22, 50.6
21.20, 50.5
21.18, 50.5
21.13, 50.3
21.13, 50.3
21.11, 50.3
21.03, 50.1
21.04, 50.1
21.01, 50.0
21.00, 50.0
21.04, 50.1
21.03, 50.1
21.01, 50.0
21.01, 50.0
20.98, 49.9
20.98, 49.9
20.97, 49.9
20.97, 49.9
20.96, 49.9
20.95, 49.9
20.95, 49.9
20.93, 49.8
20.93, 49.8
20.91, 49.8
20.90, 49.7
20.91, 49.8
20.91, 49.8
20.93, 49.8
20.91, 49.8
20.92, 49.8
20.91, 49.8
20.91, 49.8
20.90, 49.7
20.91, 49.8
20.89, 49.7
20.90, 49.7
20.88, 49.7
20.89, 49.7
20.89, 49.7
20.89, 49.7
20.88, 49.7
20.91, 49.8
20.93, 49.8
20.93, 49.8
20.97, 49.9
20.99, 50.0
21.02, 50.0
21.05, 50.1
21.07, 50.2
21.11, 50.3
21.10, 50.2
21.11, 50.3
21.12, 50.3
21.14, 50.4
21.14, 50.4
21.15, 50.4
21.18, 50.5
21.20, 50.5
21.21, 50.5
21.20, 50.5
21.19, 50.5
21.18, 50.5
21.20, 50.5
21.19, 50.5
21.18, 50.5
21.18, 50.5
21.17, 50.4
21.17, 50.4
21.20, 50.5
21.21, 50.5
21.24, 50.6
21.24, 50.6
21.20, 50.5
21.21, 50.5
21.22, 50.6
21.22, 50.6
21.23, 50.6
21.23, 50.6
21.28, 50.7
21.30, 50.8
21.33, 50.8
21.34, 50.9
21.34, 50.9
21.37, 50.9
21.38, 50.9
21.35, 50.9
21.35, 50.9
21.36, 50.9
21.41, 51.0
21.38, 50.9
21.36, 50.9
21.37, 50.9
21.37, 50.9
21.37, 50.9
21.35, 50.9
21.36, 50.9
21.36, 50.9
21.34, 50.9
21.35, 50.9
21.35, 50.9
21.36, 50.9
21.40, 51.0
21.42, 51.0
21.43, 51.1
21.41, 51.0
21.42, 51.0
21.44, 51.1
21.48, 51.2
21.52, 51.3
21.53, 51.3
21.56, 51.4
21.57, 51.4
21.56, 51.4
21.57, 51.4
21.61, 51.5
21.60, 51.5
21.62, 51.5
21.62, 51.6
21.62, 51.5
21.59, 51.5
21.60, 51.5
21.50, 51.2
21.48, 51.2
21.48, 51.2
21.48, 51.2
21.48, 51.2
21.50, 51.2
21.49, 51.2
21.46, 51.1
21.48, 51.2
21.40, 51.0
21.37, 50.9
21.38, 50.9
21.36, 50.9
21.35, 50.9
21.34, 50.9
21.34, 50.9
21.28, 50.7
21.26, 50.7
21.23, 50.6
21.19, 50.5
21.16, 50.4
21.09, 50.2
21.07, 50.2
21.02, 50.0
20.95, 49.9
20.89, 49.7
20.87, 49.7
20.86, 49.7
20.88, 49.7
20.91, 49.8
20.92, 49.8
21.01, 50.0
21.03, 50.1
21.05, 50.1
21.08, 50.2
21.09, 50.2
21.18, 50.5
21.24, 50.6
21.28, 50.7
21.31, 50.8
21.38, 50.9
21.40, 51.0
21.42, 51.0
21.43, 51.1
21.42, 51.0
21.42, 51.0
21.41, 51.0
21.40, 51.0
21.36, 50.9
21.32, 50.8
21.30, 50.8
21.26, 50.7
21.23, 50.6
21.22, 50.6
21.20, 50.5
21.13, 50.3
21.13, 50.3
21.11, 50.3
21.11, 50.3
21.09, 50.2
21.09, 50.2
21.09, 50.2
21.08, 50.2
21.07, 50.2
21.07, 50.2
21.05, 50.1
21.01, 50.0
20.99, 50.0
20.96, 49.9
20.97, 49.9
20.91, 49.8
20.90, 49.7
20.90, 49.7
20.88, 49.7
20.87, 49.7
20.87, 49.7
20.87, 49.7
20.87, 49.7
20.88, 49.7
20.87, 49.7
20.88, 49.7
20.88, 49.7
20.88, 49.7
20.87, 49.7
20.87, 49.7
20.77, 49.4
20.73, 49.3
20.75, 49.4
20.74, 49.4
20.73, 49.3
20.73, 49.3
20.72, 49.3
20.71, 49.3
20.72, 49.3
20.72, 49.3
20.70, 49.3
20.69, 49.2
20.69, 49.2
20.70, 49.3
20.69, 49.2
20.69, 49.2
20.67, 49.2
20.64, 49.1
20.64, 49.1
20.63, 49.1
20.62, 49.0
20.58, 48.9
20.56, 48.9
20.55, 48.9
20.54, 48.8
20.52, 48.8
20.51, 48.8
20.50, 48.7
20.45, 48.6
20.43, 48.6
20.40, 48.5
20.40, 48.5
20.39, 48.5
20.38, 48.5
20.36, 48.4
20.34, 48.4
20.35, 48.4
20.34, 48.4
20.33, 48.3
20.32, 48.3
20.34, 48.4
20.32, 48.3
20.32, 48.3
20.30, 48.3
20.30, 48.3
20.29, 48.2
20.26, 48.2
20.24, 48.1
20.24, 48.1
20.25, 48.1
20.24, 48.1
20.22, 48.1
20.23, 48.1
20.21, 48.0
20.21, 48.0
20.20, 48.0
20.20, 48.0
20.20, 48.0
20.18, 48.0
20.18, 48.0
20.18, 48.0
20.17, 47.9
20.16, 47.9
20.16, 47.9
20.17, 47.9
20.15, 47.9
20.13, 47.8
20.11, 47.8
20.12, 47.8
20.09, 47.7
20.09, 47.7
20.07, 47.7
20.06, 47.6
20.05, 47.6
20.03, 47.6
20.00, 47.5
20.03, 47.6
20.02, 47.5
20.04, 47.6
20.03, 47.6
19.99, 47.5
19.99, 47.5
19.99, 47.5
19.98, 47.4
19.98, 47.4
19.97, 47.4
19.96, 47.4
19.98, 47.4
19.99, 47.5
19.99, 47.5
20.01, 47.5
20.00, 47.5
19.99, 47.5
19.99, 47.5
19.99, 47.5
19.99, 47.5
19.98, 47.4
19.99, 47.5
19.98, 47.4
19.98, 47.4
19.98, 47.4
19.97, 47.4
19.97, 47.4
19.97, 47.4
19.95, 47.4
19.95, 47.4
19.95, 47.4
19.95, 47.4
19.94, 47.3
19.95, 47.4
19.91, 47.3
19.92, 47.3
19.91, 47.3
19.91, 47.3
19.90, 47.3
19.89, 47.2
19.89, 47.2
19.88, 47.2
19.88, 47.2
19.88, 47.2
19.88, 47.2
19.87, 47.2
19.85, 47.1
19.86, 47.2
19.85, 47.1
19.85, 47.1
19.84, 47.1
19.85, 47.1
19.85, 47.1
19.85, 47.1
19.84, 47.1
19.85, 47.1
19.85, 47.1
19.84, 47.1
19.83, 47.1
19.80, 47.0
19.79, 47.0
19.81, 47.0
19.79, 47.0
19.79, 47.0
19.79, 47.0
19.78, 47.0
19.78, 47.0
19.79, 47.0
19.78, 47.0
19.78, 47.0
19.77, 46.9
19.77, 46.9
19.79, 47.0
19.76, 46.9
19.75, 46.9
19.75, 46.9
19.75, 46.9
19.75, 46.9
19.70, 46.8
19.70, 46.8
19.71, 46.8
19.71, 46.8
19.70, 46.8
19.71, 46.8
19.70, 46.8
19.69, 46.7
19.70, 46.8
19.69, 46.7
19.70, 46.8
19.71, 46.8
19.69, 46.7
19.70, 46.8
19.68, 46.7
19.68, 46.7
19.68, 46.7
19.68, 46.7
19.69, 46.7
19.69, 46.7
19.67, 46.7
19.66, 46.6
19.65, 46.6
19.64, 46.6
19.61, 46.5
19.57, 46.4
19.57, 46.4
19.57, 46.4
19.57, 46.4
19.57, 46.4
19.58, 46.4
19.59, 46.5
19.58, 46.4
19.58, 46.4
19.59, 46.5
19.58, 46.4
19.58, 46.4
19.58, 46.4
19.56, 46.4
19.57, 46.4
19.57, 46.4
19.56, 46.4
19.56, 46.4
19.56, 46.4
19.56, 46.4
19.54, 46.3
19.50, 46.2
19.51, 46.3
19.52, 46.3
19.51, 46.3
19.52, 46.3
19.52, 46.3
19.50, 46.2
19.50, 46.2
19.50, 46.2
19.49, 46.2
19.48, 46.2
19.47, 46.2
19.48, 46.2
19.46, 46.1
19.48, 46.2
19.46, 46.1
19.46, 46.1
19.46, 46.1
19.44, 46.1
19.42, 46.1
19.40, 46.0
19.38, 46.0
19.38, 46.0
19.37, 45.9
19.37, 45.9
19.38, 46.0
19.36, 45.9
19.36, 45.9
19.35, 45.9
19.35, 45.9
19.34, 45.9
19.34, 45.9
19.34, 45.9
19.33, 45.8
19.31, 45.8
19.34, 45.9
19.31, 45.8
19.32, 45.8
19.32, 45.8
19.32, 45.8
19.32, 45.8
19.32, 45.8
19.30, 45.8
19.30, 45.8
19.30, 45.8
19.30, 45.8
19.30, 45.8
19.30, 45.8
19.30, 45.8
19.30, 45.8
19.28, 45.7
19.28, 45.7
19.28, 45.7
19.26, 45.7
19.27, 45.7
19.26, 45.7
19.25, 45.6
19.23, 45.6
19.24, 45.6
19.24, 45.6
19.24, 45.6
19.22, 45.6
19.22, 45.6
19.23, 45.6
19.22, 45.6
19.22, 45.6
19.22, 45.6
19.16, 45.4
19.17, 45.4
19.17, 45.4
19.17, 45.4
19.17, 45.4
19.18, 45.4
19.18, 45.5
19.17, 45.4
19.17, 45.4
19.17, 45.4
19.17, 45.4
19.16, 45.4
19.16, 45.4
19.15, 45.4
19.15, 45.4
19.15, 45.4
19.15, 45.4
19.15, 45.4
19.15, 45.4
19.14, 45.3
19.15, 45.4
19.15, 45.4
19.15, 45.4
19.15, 45.4
19.15, 45.4
19.15, 45.4
19.14, 45.3
19.13, 45.3
19.15, 45.4
19.14, 45.3
19.14, 45.3
19.15, 45.4
19.11, 45.3
19.09, 45.2
19.10, 45.2
19.09, 45.2
19.10, 45.2
19.09, 45.2
19.09, 45.2
19.10, 45.2
19.10, 45.2
19.09, 45.2
19.11, 45.3
19.08, 45.2
19.08, 45.2
19.09, 45.2
19.09, 45.2
19.08, 45.2
19.07, 45.2
19.07, 45.2
19.06, 45.1
19.05, 45.1
19.06, 45.1
19.05, 45.1
19.05, 45.1
19.05, 45.1
19.06, 45.1
19.06, 45.1
19.06, 45.1
19.06, 45.1
19.06, 45.1
19.05, 45.1
19.05, 45.1
19.05, 45.1
19.05, 45.1
19.05, 45.1
19.05, 45.1
19.04, 45.1
19.03, 45.1
19.02, 45.0
19.01, 45.0
19.01, 45.0
19.00, 45.0
19.00, 45.0
19.02, 45.0
19.01, 45.0
19.01, 45.0
19.01, 45.0
19.00, 45.0
18.97, 44.9
18.98, 44.9
18.99, 45.0
18.99, 45.0
19.00, 45.0
18.99, 45.0
18.99, 45.0
18.98, 44.9
18.99, 45.0
18.99, 45.0
18.99, 45.0
18.98, 44.9
18.97, 44.9
18.98, 44.9
18.97, 44.9
18.98, 44.9
18.97, 44.9
18.96, 44.9
18.96, 44.9
18.97, 44.9
18.97, 44.9
18.98, 44.9
18.98, 44.9
18.96, 44.9
18.98, 44.9
18.97, 44.9
18.95, 44.9
18.95, 44.9
18.95, 44.9
18.95, 44.9
18.95, 44.9
18.96, 44.9
18.95, 44.9
18.94, 44.8
18.95, 44.9
18.94, 44.8
18.94, 44.8
18.93, 44.8
18.93, 44.8
18.93, 44.8
18.93, 44.8
18.94, 44.8
18.93, 44.8
18.92, 44.8
18.93, 44.8
18.93, 44.8
18.93, 44.8
18.93, 44.8
18.91, 44.8
18.91, 44.8
18.91, 44.8
18.90, 44.8
18.91, 44.8
18.90, 44.8
18.90, 44.8
18.88, 44.7
18.89, 44.7
18.88, 44.7
18.87, 44.7
18.89, 44.7
18.89, 44.7
18.89, 44.7
18.87, 44.7
18.87, 44.7
18.86, 44.7
18.87, 44.7
18.86, 44.7
18.87, 44.7
18.87, 44.7
18.88, 44.7
18.89, 44.7
18.89, 44.7
18.88, 44.7
18.89, 44.7
18.89, 44.7
18.89, 44.7
18.88, 44.7
18.87, 44.7
18.87, 44.7
18.86, 44.7
18.87, 44.7
18.87, 44.7
18.86, 44.7
18.86, 44.7
18.87, 44.7
18.85, 44.6
18.85, 44.6
18.85, 44.6
18.83, 44.6
18.84, 44.6
18.84, 44.6
18.83, 44.6
18.83, 44.6
18.82, 44.6
18.83, 44.6
18.83, 44.6
18.83, 44.6
18.84, 44.6
18.85, 44.6
18.85, 44.6
18.83, 44.6
18.83, 44.6
18.84, 44.6
18.84, 44.6
18.84, 44.6
18.83, 44.6
18.84, 44.6
18.83, 44.6
18.83, 44.6
18.83, 44.6
18.83, 44.6
18.83, 44.6
18.82, 44.6
18.82, 44.6
18.81, 44.5
18.82, 44.6
18.82, 44.6
18.81, 44.5
18.83, 44.6
18.83, 44.6
18.82, 44.6
18.81, 44.5
18.81, 44.5
18.83, 44.6
18.82, 44.6
18.82, 44.6
18.82, 44.6
18.83, 44.6
18.81, 44.5
18.81, 44.5
18.82, 44.6
18.82, 44.6
18.79, 44.5
18.79, 44.5
18.81, 44.5
18.79, 44.5
18.79, 44.5
18.79, 44.5
18.79, 44.5
18.79, 44.5
18.79, 44.5
18.80, 44.5
18.79, 44.5
18.79, 44.5
18.80, 44.5
18.80, 44.5
18.79, 44.5
18.79, 44.5
18.78, 44.5
18.77, 44.4
18.74, 44.4
18.75, 44.4
18.75, 44.4
18.75, 44.4
18.76, 44.4
18.76, 44.4
18.77, 44.4
18.76, 44.4
18.75, 44.4
18.75, 44.4
18.75, 44.4
18.73, 44.3
18.72, 44.3
18.73, 44.3
18.71, 44.3
18.72, 44.3
18.72, 44.3
18.72, 44.3
18.73, 44.3
18.73, 44.3
18.74, 44.4
18.73, 44.3
18.72, 44.3
18.72, 44.3
18.72, 44.3
18.71, 44.3
18.73, 44.3
18.72, 44.3
18.73, 44.3
18.72, 44.3
18.73, 44.3
18.74, 44.4
18.72, 44.3
18.71, 44.3
18.73, 44.3
18.71, 44.3
18.70, 44.3
18.69, 44.2
18.70, 44.3
18.70, 44.3
18.68, 44.2
18.69, 44.2
18.68, 44.2
18.68, 44.2
18.69, 44.2
18.68, 44.2
18.68, 44.2
18.69, 44.2
18.68, 44.2
18.68, 44.2
18.68, 44.2
18.68, 44.2
18.66, 44.1
18.67, 44.2
18.67, 44.2
18.67, 44.2
18.66, 44.1
18.64, 44.1
18.64, 44.1
18.64, 44.1
18.65, 44.1
18.64, 44.1
18.64, 44.1
18.64, 44.1
18.64, 44.1
18.64, 44.1
18.63, 44.1
18.64, 44.1
18.64, 44.1
18.62, 44.0
18.62, 44.0
18.62, 44.0
18.62, 44.0
18.63, 44.1
18.62, 44.0
18.62, 44.0
18.62, 44.0
18.63, 44.1
18.63, 44.1
18.63, 44.1
18.63, 44.1
18.62, 44.0
18.60, 44.0
18.60, 44.0
18.60, 44.0
18.60, 44.0
18.60, 44.0
18.59, 44.0
18.58, 43.9
18.59, 44.0
18.59, 44.0
18.60, 44.0
18.60, 44.0
18.60, 44.0
18.60, 44.0
18.58, 43.9
18.58, 43.9
18.58, 43.9
18.57, 43.9
18.56, 43.9
18.56, 43.9
18.55, 43.9
18.56, 43.9
18.58, 43.9
18.58, 43.9
18.56, 43.9
18.54, 43.8
18.55, 43.9
18.56, 43.9
18.55, 43.9
18.54, 43.8
18.52, 43.8
18.51, 43.8
18.51, 43.8
18.50, 43.7
18.50, 43.7
18.50, 43.7
18.49, 43.7
18.49, 43.7
18.48, 43.7
18.50, 43.7
18.50, 43.7
18.50, 43.7
18.49, 43.7
18.50, 43.7
18.50, 43.7
18.48, 43.7
18.49, 43.7
18.48, 43.7
18.48, 43.7
18.48, 43.7
18.48, 43.7
18.49, 43.7
18.48, 43.7
18.49, 43.7
18.49, 43.7
18.48, 43.7
18.47, 43.7
18.47, 43.7
18.47, 43.7
18.47, 43.7
18.46, 43.6
18.48, 43.7
18.47, 43.7
18.47, 43.7
18.48, 43.7
18.46, 43.6
18.48, 43.7
18.46, 43.6
18.47, 43.7
18.48, 43.7
18.50, 43.7
18.48, 43.7
18.46, 43.6
18.48, 43.7
18.48, 43.7
18.46, 43.6
18.45, 43.6
18.44, 43.6
18.44, 43.6
18.45, 43.6
18.43, 43.6
18.44, 43.6
18.43, 43.6
18.43, 43.6
18.43, 43.6
18.39, 43.5
18.39, 43.5
18.39, 43.5
18.39, 43.5
18.38, 43.5
18.39, 43.5
18.38, 43.5
18.36, 43.4
18.38, 43.5
18.39, 43.5
18.38, 43.5
18.37, 43.4
18.37, 43.4
18.36, 43.4
18.37, 43.4
18.38, 43.5
18.38, 43.5
18.37, 43.4
18.37, 43.4
18.36, 43.4
18.36, 43.4
18.36, 43.4
18.36, 43.4
18.36, 43.4
18.36, 43.4
18.36, 43.4
18.34, 43.4
18.36, 43.4
18.36, 43.4
18.36, 43.4
18.36, 43.4
18.34, 43.4
18.33, 43.3
18.33, 43.3
18.34, 43.4
18.32, 43.3
18.33, 43.3
18.33, 43.3
18.32, 43.3
18.31, 43.3
18.30, 43.3
18.30, 43.3
18.30, 43.3
18.31, 43.3
18.32, 43.3
18.31, 43.3
18.30, 43.3
18.31, 43.3
18.28, 43.2
18.30, 43.3
18.29, 43.2
18.28, 43.2
18.28, 43.2
18.31, 43.3
18.28, 43.2
18.31, 43.3
18.30, 43.3
18.27, 43.2
18.27, 43.2
18.27, 43.2
18.26, 43.2
18.25, 43.1
18.26, 43.2
18.26, 43.2
18.26, 43.2
18.25, 43.1
18.24, 43.1
18.24, 43.1
18.24, 43.1
18.25, 43.1
18.26, 43.2
18.22, 43.1
18.22, 43.1
18.24, 43.1
18.23, 43.1
18.21, 43.0
18.21, 43.0
18.20, 43.0
18.20, 43.0
18.20, 43.0
18.20, 43.0
18.20, 43.0
18.20, 43.0
18.21, 43.0
18.21, 43.0
18.21, 43.0
18.20, 43.0
18.20, 43.0
18.20, 43.0
18.19, 43.0
18.17, 42.9
18.17, 42.9
18.16, 42.9
18.17, 42.9
18.16, 42.9
18.17, 42.9
18.16, 42.9
18.15, 42.9
18.13, 42.8
18.14, 42.8
18.13, 42.8
18.14, 42.8
18.13, 42.8
18.16, 42.9
18.15, 42.9
18.15, 42.9
18.14, 42.8
18.15, 42.9
18.13, 42.8
18.14, 42.8
18.13, 42.8
18.13, 42.8
18.13, 42.8
18.11, 42.8
18.08, 42.7
18.09, 42.7
18.09, 42.7
18.07, 42.7
18.07, 42.7
18.07, 42.7
18.06, 42.6
18.05, 42.6
18.05, 42.6
18.05, 42.6
18.07, 42.7
18.08, 42.7
18.07, 42.7
18.05, 42.6
18.06, 42.6
18.07, 42.7
18.07, 42.7
18.05, 42.6
18.07, 42.7
18.06, 42.6
18.04, 42.6
18.04, 42.6
18.03, 42.6
18.03, 42.6
18.03, 42.6
18.02, 42.5
18.03, 42.6
18.02, 42.5
18.03, 42.6
18.01, 42.5
18.01, 42.5
18.01, 42.5
18.01, 42.5
18.01, 42.5
18.02, 42.5
18.02, 42.5
18.01, 42.5
17.99, 42.5
18.00, 42.5
18.00, 42.5
18.01, 42.5
17.99, 42.5
18.00, 42.5
17.99, 42.5
17.99, 42.5
17.99, 42.5
17.98, 42.4
17.99, 42.5
17.98, 42.4
17.98, 42.4
17.97, 42.4
17.96, 42.4
17.97, 42.4
17.97, 42.4
18.00, 42.5
17.99, 42.5
17.98, 42.4
17.98, 42.4
17.99, 42.5
17.98, 42.4
17.95, 42.4
17.96, 42.4
17.97, 42.4
17.97, 42.4
17.98, 42.4
17.96, 42.4
17.96, 42.4
17.95, 42.4
17.96, 42.4
17.95, 42.4
17.95, 42.4
17.96, 42.4
17.96, 42.4
17.92, 42.3
17.93, 42.3
17.91, 42.3
17.92, 42.3
17.93, 42.3
17.92, 42.3
17.93, 42.3
17.95, 42.4
17.94, 42.4
17.94, 42.4
17.93, 42.3
17.93, 42.3
17.95, 42.4
17.94, 42.4
17.95, 42.4
17.95, 42.4
17.97, 42.4
17.96, 42.4
17.98, 42.4
17.97, 42.4
17.98, 42.4
17.98, 42.4
17.99, 42.5
17.99, 42.5
17.97, 42.4
17.99, 42.5
17.98, 42.4
17.97, 42.4
17.97, 42.4
17.97, 42.4
17.99, 42.5
17.97, 42.4
17.98, 42.4
17.97, 42.4
17.97, 42.4
17.95, 42.4
17.95, 42.4
17.97, 42.4
17.95, 42.4
17.95, 42.4
17.93, 42.3
17.93, 42.3
17.91, 42.3
17.92, 42.3
17.91, 42.3
17.91, 42.3
17.90, 42.3
17.91, 42.3
17.89, 42.2
17.91, 42.3
17.91, 42.3
17.91, 42.3
17.90, 42.3
17.89, 42.2
17.90, 42.3
17.87, 42.2
17.85, 42.1
17.86, 42.2
17.85, 42.1
17.85, 42.1
17.84, 42.1
17.84, 42.1
17.83, 42.1
17.82, 42.1
17.83, 42.1
17.82, 42.1
17.82, 42.1
17.81, 42.0
17.81, 42.0
17.81, 42.0
17.81, 42.0
17.81, 42.0
17.80, 42.0
17.81, 42.0
17.81, 42.0
17.79, 42.0
17.81, 42.0
17.80, 42.0
17.80, 42.0
17.78, 42.0
17.79, 42.0
17.77, 41.9
17.77, 41.9
17.79, 42.0
17.77, 41.9
17.78, 42.0
17.77, 41.9
17.77, 41.9
17.75, 41.9
17.75, 41.9
17.77, 41.9
17.77, 41.9
17.77, 41.9
17.77, 41.9
17.77, 41.9
17.76, 41.9
17.77, 41.9
17.74, 41.9
17.73, 41.8
17.73, 41.8
17.73, 41.8
17.71, 41.8
17.71, 41.8
17.73, 41.8
17.71, 41.8
17.73, 41.8
17.71, 41.8
17.70, 41.8
17.70, 41.7
17.70, 41.7
17.68, 41.7
17.70, 41.7
17.70, 41.7
17.70, 41.7
17.69, 41.7
17.70, 41.7
17.71, 41.8
17.71, 41.8
17.73, 41.8
17.74, 41.9
17.73, 41.8
17.71, 41.8
17.69, 41.7
17.69, 41.7
17.70, 41.7
17.70, 41.7
17.68, 41.7
17.69, 41.7
17.69, 41.7
17.68, 41.7
17.68, 41.7
17.66, 41.6
17.64, 41.6
17.62, 41.5
17.61, 41.5
17.60, 41.5
17.60, 41.5
17.62, 41.5
17.62, 41.5
17.58, 41.4
17.57, 41.4
17.56, 41.4
17.55, 41.4
17.56, 41.4
17.54, 41.3
17.53, 41.3
17.52, 41.3
17.51, 41.3
17.52, 41.3
17.50, 41.2
17.50, 41.2
17.48, 41.2
17.50, 41.2
17.46, 41.2
17.47, 41.2
17.46, 41.2
17.45, 41.1
17.46, 41.2
17.46, 41.2
17.49, 41.2
17.47, 41.2
17.49, 41.2
17.48, 41.2
17.48, 41.2
17.48, 41.2
17.47, 41.2
17.48, 41.2
17.48, 41.2
17.45, 41.1
17.46, 41.2
17.45, 41.1
17.44, 41.1
17.44, 41.1
17.44, 41.1
17.42, 41.1
17.44, 41.1
17.42, 41.1
17.42, 41.1
17.42, 41.1
17.43, 41.1
17.42, 41.1
17.42, 41.1
17.43, 41.1
17.45, 41.1
17.44, 41.1
17.42, 41.1
17.41, 41.0
17.41, 41.0
17.40, 41.0
17.40, 41.0
17.41, 41.0
17.40, 41.0
17.40, 41.0
17.40, 41.0
17.39, 41.0
17.38, 41.0
17.39, 41.0
17.39, 41.0
17.40, 41.0
17.40, 41.0
17.40, 41.0
17.41, 41.0
17.40, 41.0
17.40, 41.0
17.41, 41.0
17.40, 41.0
17.40, 41.0
17.40, 41.0
17.41, 41.0
17.42, 41.1
17.42, 41.1
17.42, 41.1
17.41, 41.0
17.40, 41.0
17.39, 41.0
17.38, 41.0
17.35, 40.9
17.36, 40.9
17.36, 40.9
17.34, 40.9
17.36, 40.9
17.34, 40.9
17.32, 40.8
17.32, 40.8
17.32, 40.8
17.30, 40.8
17.32, 40.8
17.32, 40.8
17.30, 40.8
17.32, 40.8
17.32, 40.8
17.32, 40.8
17.29, 40.7
17.28, 40.7
17.27, 40.7
17.28, 40.7
17.27, 40.7
17.28, 40.7
17.28, 40.7
17.29, 40.7
17.29, 40.7
17.29, 40.7
17.31, 40.8
17.31, 40.8
17.29, 40.7
17.29, 40.7
17.27, 40.7
17.26, 40.7
17.25, 40.6
17.24, 40.6
17.24, 40.6
17.24, 40.6
17.24, 40.6
17.22, 40.6
17.24, 40.6
17.25, 40.6
17.24, 40.6
17.27, 40.7
17.26, 40.7
17.25, 40.6
17.22, 40.6
17.21, 40.5
17.21, 40.5
17.21, 40.5
17.21, 40.5
17.21, 40.5
17.20, 40.5
17.20, 40.5
17.21, 40.5
17.20, 40.5
17.64, 41.6
18.30, 43.3
19.11, 45.3
19.24, 45.6
19.50, 46.2
19.67, 46.7
19.78, 47.0
19.85, 47.1
19.98, 47.4
20.16, 47.9
20.35, 48.4
20.44, 48.6
20.47, 48.7
20.49, 48.7
20.48, 48.7
20.50, 48.7
20.49, 48.7
20.60, 49.0
20.65, 49.1
20.67, 49.2
20.69, 49.2
20.71, 49.3
20.79, 49.5
20.82, 49.6
20.77, 49.4
20.79, 49.5
20.83, 49.6
20.84, 49.6
20.84, 49.6
20.87, 49.7
20.89, 49.7
20.93, 49.8
20.97, 49.9
20.97, 49.9
20.93, 49.8
20.93, 49.8
20.91, 49.8
20.89, 49.7
20.91, 49.8
20.93, 49.8
20.95, 49.9
20.94, 49.8
20.98, 49.9
21.02, 50.0
21.01, 50.0
20.97, 49.9
20.88, 49.7
20.89, 49.7
20.93, 49.8
21.01, 50.0
21.02, 50.0
21.01, 50.0
21.06, 50.1
21.07, 50.2
21.10, 50.2
21.11, 50.3
21.13, 50.3
21.00, 50.0
20.98, 49.9
20.95, 49.9
20.99, 50.0
20.98, 49.9
21.00, 50.0
21.03, 50.1
21.05, 50.1
21.07, 50.2
21.09, 50.2
21.06, 50.1
21.06, 50.1
21.05, 50.1
20.94, 49.8
20.89, 49.7
20.81, 49.5
20.83, 49.6
20.90, 49.7
20.89, 49.7
21.05, 50.1
21.05, 50.1
20.95, 49.9
21.06, 50.1
21.07, 50.2
21.03, 50.1
20.98, 49.9
21.05, 50.1
21.06, 50.1
21.04, 50.1
21.07, 50.2
21.09, 50.2
21.06, 50.1
20.98, 49.9
21.05, 50.1
21.03, 50.1
21.09, 50.2
21.11, 50.3
21.13, 50.3
21.09, 50.2
21.11, 50.3
21.12, 50.3
21.11, 50.3
21.13, 50.3
21.17, 50.4
21.18, 50.5
21.23, 50.6
21.24, 50.6
21.14, 50.4
21.18, 50.5
21.18, 50.5
21.11, 50.3
21.06, 50.1
21.07, 50.2
21.10, 50.2
21.14, 50.4
21.16, 50.4
21.16, 50.4
21.16, 50.4
21.20, 50.5
21.19, 50.5
21.21, 50.5
21.20, 50.5
21.27, 50.7
21.26, 50.7
21.27, 50.7
21.22, 50.6
21.19, 50.5
21.19, 50.5
21.15, 50.4
21.14, 50.4
21.16, 50.4
21.20, 50.5
21.23, 50.6
21.23, 50.6
21.24, 50.6
21.19, 50.5
21.18, 50.5
21.22, 50.6
21.23, 50.6
21.18, 50.5
21.22, 50.6
21.27, 50.7
21.24, 50.6
21.26, 50.7
21.26, 50.7
21.26, 50.7
21.31, 50.8
21.38, 50.9
21.35, 50.9
21.34, 50.9
21.37, 50.9
21.38, 50.9
21.36, 50.9
21.28, 50.7
21.27, 50.7
21.24, 50.6
21.26, 50.7
21.29, 50.7
21.31, 50.8
21.29, 50.7
21.28, 50.7
21.29, 50.7
21.27, 50.7
21.30, 50.8
21.30, 50.8
21.38, 50.9
21.35, 50.9
21.35, 50.9
21.39, 51.0
21.39, 51.0
21.30, 50.8
21.38, 50.9
21.44, 51.1
21.44, 51.1
21.46, 51.1
21.43, 51.1
21.43, 51.1
21.47, 51.2
21.44, 51.1
21.40, 51.0
21.39, 51.0
21.42, 51.0
21.44, 51.1
21.44, 51.1
21.41, 51.0
21.36, 50.9
21.41, 51.0
21.41, 51.0
21.40, 51.0
21.43, 51.1
21.46, 51.1
21.49, 51.2
21.52, 51.3
21.54, 51.3
21.56, 51.4
21.59, 51.5
21.60, 51.5
21.67, 51.7
21.69, 51.7
21.74, 51.9
21.78, 52.0
21.79, 52.0
21.77, 51.9
21.81, 52.0
21.81, 52.0
21.81, 52.0
21.81, 52.0
21.82, 52.1
21.83, 52.1
21.83, 52.1
21.86, 52.2
21.86, 52.2
21.88, 52.2
21.91, 52.3
21.90, 52.2
21.91, 52.3
21.92, 52.3
21.89, 52.2
21.94, 52.3
21.97, 52.4
21.96, 52.4
21.98, 52.4
21.98, 52.4
21.97, 52.4
21.96, 52.4
21.99, 52.5
22.00, 52.5
21.99, 52.5
22.03, 52.6
22.02, 52.5
22.06, 52.6
22.09, 52.7
22.12, 52.8
22.15, 52.9
22.14, 52.9
22.12, 52.8
22.13, 52.8
22.11, 52.8
22.10, 52.7
22.11, 52.8
22.13, 52.8
22.12, 52.8
22.16, 52.9
22.17, 52.9
22.20, 53.0
22.24, 53.1
22.26, 53.2
22.25, 53.1
22.25, 53.1
22.27, 53.2
22.29, 53.2
22.31, 53.3
22.34, 53.4
22.34, 53.4
22.34, 53.4
22.39, 53.5
22.39, 53.5
22.38, 53.4
22.42, 53.5
22.42, 53.5
22.40, 53.5
22.43, 53.6
22.44, 53.6
22.44, 53.6
22.45, 53.6
22.44, 53.6
22.46, 53.6
22.46, 53.6
22.45, 53.6
22.46, 53.6
22.44, 53.6
22.45, 53.6
22.44, 53.6
22.44, 53.6
22.49, 53.7
22.52, 53.8
22.54, 53.8
22.40, 53.5
22.38, 53.4
22.35, 53.4
22.32, 53.3
22.28, 53.2
22.22, 53.1
22.17, 52.9
22.16, 52.9
22.18, 53.0
22.14, 52.9
22.14, 52.9
22.16, 52.9
22.19, 53.0
22.13, 52.8
22.17, 52.9
22.16, 52.9
22.19, 53.0
22.19, 53.0
22.19, 53.0
22.15, 52.9
22.33, 53.3
22.26, 53.2
22.22, 53.1
22.25, 53.1
22.35, 53.4
22.31, 53.3
22.33, 53.3
22.36, 53.4
22.37, 53.4
22.38, 53.4
22.38, 53.4
22.40, 53.5
22.40, 53.5
22.40, 53.5
22.37, 53.4
22.35, 53.4
22.29, 53.2
22.40, 53.5
22.38, 53.4
22.42, 53.5
22.39, 53.5
22.36, 53.4
22.32, 53.3
22.27, 53.2
22.26, 53.2
22.26, 53.2
22.30, 53.3
22.32, 53.3
22.34, 53.4
22.37, 53.4
22.39, 53.5
22.40, 53.5
22.40, 53.5
22.31, 53.3
22.34, 53.4
22.32, 53.3
22.29, 53.2
22.31, 53.3
22.24, 53.1
22.33, 53.3
22.33, 53.3
22.34, 53.4
22.36, 53.4
22.43, 53.6
22.48, 53.7
22.44, 53.6
22.38, 53.4
22.32, 53.3
22.42, 53.5
22.53, 53.8
22.56, 53.9
22.50, 53.7
22.52, 53.8
22.59, 54.0
22.58, 53.9
22.55, 53.9
22.51, 53.8
22.53, 53.8
22.60, 54.0
22.61, 54.0
22.63, 54.1
22.61, 54.0
22.59, 54.0
22.59, 54.0
22.67, 54.2
22.75, 54.4
22.77, 54.4
22.83, 54.6
22.98, 54.9
22.89, 54.7
22.83, 54.6
22.80, 54.5
22.79, 54.5
22.74, 54.4
22.67, 54.2
22.61, 54.0
22.59, 54.0
22.61, 54.0
22.62, 54.1
22.72, 54.3
22.72, 54.3
22.73, 54.3
22.78, 54.5
22.77, 54.4
22.79, 54.5
22.82, 54.6
23.00, 55.0
23.01, 55.0
23.05, 55.1
23.05, 55.1
22.98, 54.9
23.10, 55.3
23.12, 55.3
23.14, 55.4
23.35, 55.9
23.38, 55.9
23.30, 55.8
23.20, 55.5
23.31, 55.8
23.33, 55.8
23.38, 55.9
23.42, 56.0
23.58, 56.4
23.65, 56.6
23.69, 56.7
23.75, 56.9
23.91, 57.3
23.93, 57.3
23.89, 57.2
23.96, 57.4
23.82, 57.1
23.83, 57.1
23.87, 57.2
23.88, 57.2
23.94, 57.3
23.97, 57.4
23.93, 57.3
23.95, 57.4
23.87, 57.2
23.95, 57.4
24.01, 57.5
24.10, 57.8
24.16, 57.9
24.10, 57.8
24.10, 57.8
24.10, 57.8
24.16, 57.9
24.21, 58.0
24.21, 58.0
24.42, 58.5
24.45, 58.6
24.55, 58.9
24.59, 59.0
24.65, 59.1
24.72, 59.3
24.52, 58.8
24.47, 58.7
24.46, 58.6
24.52, 58.8
24.50, 58.7
24.57, 58.9
24.62, 59.1
24.51, 58.8
24.55, 58.9
24.65, 59.1
24.77, 59.4
24.87, 59.7
24.85, 59.6
24.89, 59.7
24.81, 59.5
24.75, 59.4
24.85, 59.6
24.77, 59.4
24.73, 59.3
24.80, 59.5
24.82, 59.5
24.85, 59.6
24.63, 59.1
24.72, 59.3
24.79, 59.5
24.81, 59.5
24.79, 59.5
24.77, 59.4
24.79, 59.5
24.85, 59.6
24.86, 59.6
24.81, 59.5
24.80, 59.5
24.76, 59.4
24.81, 59.5
24.76, 59.4
24.78, 59.5
24.60, 59.0
24.44, 58.6
24.46, 58.6
24.54, 58.8
24.58, 59.0
24.77, 59.4
24.81, 59.5
25.00, 60.0
25.10, 60.3
25.12, 60.3
25.06, 60.2
25.14, 60.4
25.03, 60.1
24.76, 59.4
24.83, 59.6
24.81, 59.5
24.84, 59.6
24.83, 59.6
24.95, 59.9
24.99, 60.0
24.94, 59.8
24.87, 59.7
24.99, 60.0
25.02, 60.0
24.83, 59.6
24.83, 59.6
24.84, 59.6
24.88, 59.7
24.79, 59.5
24.61, 59.0
24.69, 59.2
24.73, 59.3
24.79, 59.5
24.80, 59.5
24.93, 59.8
25.05, 60.1
25.10, 60.3
25.16, 60.4
25.17, 60.4
25.22, 60.6
25.17, 60.4
25.15, 60.4
24.93, 59.8
24.56, 58.9
24.57, 58.9
24.30, 58.3
24.08, 57.7
23.86, 57.1
23.78, 57.0
23.64, 56.6
23.50, 56.2
23.72, 56.8
23.82, 57.1
23.75, 56.9
23.66, 56.7
23.54, 56.3
23.54, 56.3
23.50, 56.2
23.32, 55.8
23.24, 55.6
23.13, 55.3
23.09, 55.2
23.12, 55.3
23.14, 55.4
23.20, 55.5
24.01, 57.5
24.71, 59.3
24.89, 59.7
24.95, 59.9
25.05, 60.1
25.10, 60.3
25.20, 60.5
25.22, 60.6
25.30, 60.8
25.35, 60.9
25.42, 61.0
25.48, 61.2
25.54, 61.3
25.61, 61.5
25.69, 61.7
25.73, 61.8
25.72, 61.8
25.73, 61.8
25.77, 61.9
25.72, 61.8
25.71, 61.8
25.75, 61.9
25.65, 61.6
25.67, 61.7
25.75, 61.9
25.77, 61.9
25.79, 62.0
25.82, 62.0
25.82, 62.0
25.82, 62.0
25.77, 61.9
25.79, 62.0
25.82, 62.0
25.90, 62.2
25.82, 62.0
25.82, 62.0
25.82, 62.0
25.81, 62.0
25.75, 61.9
25.68, 61.7
25.69, 61.7
25.73, 61.8
25.71, 61.8
25.68, 61.7
25.74, 61.9
25.82, 62.0
25.78, 62.0
25.74, 61.9
25.78, 62.0
25.72, 61.8
25.69, 61.7
25.67, 61.7
25.74, 61.9
25.82, 62.0
25.83, 62.1
25.82, 62.0
25.82, 62.0
25.83, 62.1
25.82, 62.0
25.83, 62.1
25.94, 62.3
26.04, 62.6
26.08, 62.7
26.13, 62.8
26.12, 62.8
26.08, 62.7
25.95, 62.4
25.82, 62.0
25.83, 62.1
25.82, 62.0
25.82, 62.0
25.79, 62.0
25.76, 61.9
25.75, 61.9
25.71, 61.8
25.65, 61.6
25.37, 60.9
25.45, 61.1
25.35, 60.9
25.37, 60.9
25.48, 61.2
25.59, 61.5
25.62, 61.6
25.53, 61.3
25.57, 61.4
25.65, 61.6
25.71, 61.8
25.82, 62.0
25.82, 62.0
25.85, 62.1
25.85, 62.1
25.87, 62.2
25.85, 62.1
25.85, 62.1
25.91, 62.3
25.91, 62.3
25.71, 61.8
25.63, 61.6
25.81, 62.0
25.82, 62.0
25.83, 62.1
25.82, 62.0
25.82, 62.0
25.82, 62.0
25.82, 62.0
25.86, 62.1
25.83, 62.1
25.87, 62.2
25.88, 62.2
25.87, 62.2
25.88, 62.2
25.92, 62.3
25.89, 62.2
25.93, 62.3
25.93, 62.3
25.97, 62.4
25.98, 62.4
25.99, 62.5
25.99, 62.5
25.83, 62.1
25.83, 62.1
25.82, 62.0
25.92, 62.3
26.04, 62.6
26.05, 62.6
26.02, 62.5
26.04, 62.6
26.05, 62.6
26.06, 62.7
25.97, 62.4
25.92, 62.3
25.82, 62.0
25.82, 62.0
25.80, 62.0
25.76, 61.9
25.69, 61.7
25.44, 61.1
25.42, 61.0
25.45, 61.1
25.51, 61.3
25.62, 61.6
25.64, 61.6
25.70, 61.8
25.82, 62.0
25.82, 62.0
25.82, 62.0
25.83, 62.1
25.83, 62.1
25.91, 62.3
25.93, 62.3
25.71, 61.8
25.77, 61.9
25.75, 61.9
25.77, 61.9
25.75, 61.9
25.64, 61.6
25.58, 61.5
25.55, 61.4
25.44, 61.1
25.37, 60.9
25.34, 60.8
25.18, 60.5
25.08, 60.2
25.20, 60.5
25.08, 60.2
25.18, 60.5
25.04, 60.1
25.02, 60.0
25.16, 60.4
25.21, 60.5
25.19, 60.5
25.23, 60.6
25.24, 60.6
25.21, 60.5
25.15, 60.4
25.14, 60.4
25.18, 60.5
25.23, 60.6
25.26, 60.7
25.28, 60.7
25.24, 60.6
25.11, 60.3
25.12, 60.3
25.11, 60.3
25.10, 60.3
25.10, 60.3
25.20, 60.5
25.26, 60.7
25.27, 60.7
25.34, 60.8
25.37, 60.9
25.39, 61.0
25.39, 61.0
25.40, 61.0
25.42, 61.0
25.44, 61.1
25.42, 61.0
25.40, 61.0
25.40, 61.0
25.39, 61.0
25.42, 61.0
25.26, 60.7
25.27, 60.7
25.34, 60.8
25.37, 60.9
25.35, 60.9
25.37, 60.9
25.37, 60.9
25.16, 60.4
25.06, 60.2
25.07, 60.2
25.13, 60.3
25.02, 60.0
25.01, 60.0
25.01, 60.0
25.07, 60.2
25.14, 60.4
25.16, 60.4
25.18, 60.5
25.17, 60.4
25.21, 60.5
25.09, 60.2
25.13, 60.3
25.18, 60.5
25.18, 60.5
25.16, 60.4
25.11, 60.3
25.10, 60.3
25.03, 60.1
24.87, 59.7
24.94, 59.8
24.80, 59.5
24.79, 59.5
24.84, 59.6
24.91, 59.8
24.98, 59.9
25.03, 60.1
25.04, 60.1
25.01, 60.0
24.74, 59.4
24.75, 59.4
24.91, 59.8
25.00, 60.0
25.11, 60.3
25.15, 60.4
25.16, 60.4
25.22, 60.6
25.22, 60.6
25.06, 60.2
24.97, 59.9
25.06, 60.2
25.16, 60.4
25.10, 60.3
24.99, 60.0
25.00, 60.0
25.04, 60.1
25.02, 60.0
25.00, 60.0
25.01, 60.0
24.79, 59.5
24.93, 59.8
24.92, 59.8
24.88, 59.7
24.84, 59.6
24.88, 59.7
24.85, 59.6
24.83, 59.6
24.83, 59.6
24.89, 59.7
24.89, 59.7
24.93, 59.8
25.05, 60.1
25.05, 60.1
25.10, 60.3
25.18, 60.5
25.32, 60.8
25.30, 60.8
25.27, 60.7
25.20, 60.5
25.25, 60.6
25.26, 60.7
25.23, 60.6
25.34, 60.8
25.37, 60.9
25.10, 60.3
25.11, 60.3
25.03, 60.1
25.05, 60.1
25.10, 60.3
24.97, 59.9
24.99, 60.0
25.10, 60.3
25.14, 60.4
25.17, 60.4
25.18, 60.5
25.23, 60.6
25.28, 60.7
25.27, 60.7
25.25, 60.6
25.05, 60.1
24.93, 59.8
24.97, 59.9
25.27, 60.7
25.27, 60.7
25.28, 60.7
25.35, 60.9
25.38, 60.9
25.43, 61.1
25.48, 61.2
25.54, 61.3
25.63, 61.6
25.59, 61.5
25.55, 61.4
25.55, 61.4
25.54, 61.3
25.48, 61.2
25.40, 61.0
25.39, 61.0
25.48, 61.2
25.50, 61.2
25.52, 61.3
25.53, 61.3
25.50, 61.2
25.45, 61.1
25.38, 60.9
25.41, 61.0
25.41, 61.0
25.31, 60.8
25.25, 60.6
25.16, 60.4
25.24, 60.6
25.30, 60.8
25.51, 61.3
25.59, 61.5
25.62, 61.6
25.65, 61.6
25.28, 60.7
25.50, 61.2
25.69, 61.7
25.66, 61.7
25.50, 61.2
25.53, 61.3
25.51, 61.3
25.44, 61.1
25.41, 61.0
25.52, 61.3
25.61, 61.5
25.57, 61.4
25.54, 61.3
25.57, 61.4
25.51, 61.3
25.71, 61.8
25.82, 62.0
25.82, 62.0
25.82, 62.0
25.82, 62.0
25.82, 62.0
25.82, 62.0
25.63, 61.6
25.52, 61.3
25.60, 61.5
25.67, 61.7
25.69, 61.7
25.74, 61.9
25.78, 62.0
25.82, 62.0
25.82, 62.0
25.82, 62.0
25.79, 62.0
25.66, 61.7
25.75, 61.9
25.71, 61.8
25.81, 62.0
25.82, 62.0
25.82, 62.0
25.82, 62.0
25.82, 62.0
25.91, 62.3
25.86, 62.1
25.93, 62.3
25.81, 62.0
25.57, 61.4
25.54, 61.3
25.24, 60.6
25.22, 60.6
25.31, 60.8
25.10, 60.3
25.07, 60.2
25.03, 60.1
25.30, 60.8
25.38, 60.9
25.52, 61.3
25.63, 61.6
25.75, 61.9
25.66, 61.7
25.33, 60.8
25.25, 60.6
25.29, 60.7
25.44, 61.1
25.29, 60.7
25.38, 60.9
25.40, 61.0
25.46, 61.1
25.49, 61.2
25.50, 61.2
25.44, 61.1
25.46, 61.1
25.49, 61.2
25.47, 61.2
25.49, 61.2
25.44, 61.1
25.08, 60.2
25.05, 60.1
23.93, 57.3
23.76, 56.9
23.44, 56.1
23.32, 55.8
23.18, 55.5
23.09, 55.2
22.99, 55.0
22.78, 54.5
22.71, 54.3
22.48, 53.7
22.45, 53.6
22.42, 53.5
22.33, 53.3
22.28, 53.2
22.22, 53.1
22.15, 52.9
22.15, 52.9
22.14, 52.9
22.13, 52.8
22.10, 52.7
22.07, 52.7
22.05, 52.6
22.02, 52.5
21.97, 52.4
21.95, 52.4
21.95, 52.4
21.93, 52.3
21.93, 52.3
21.91, 52.3
21.89, 52.2
21.88, 52.2
21.88, 52.2
21.82, 52.1
21.81, 52.0
21.81, 52.0
21.80, 52.0
21.80, 52.0
21.79, 52.0
21.78, 52.0
21.76, 51.9
21.77, 51.9
21.77, 51.9
21.77, 51.9
21.77, 51.9
21.77, 51.9
21.76, 51.9
21.69, 51.7
21.63, 51.6
21.62, 51.5
21.61, 51.5
21.61, 51.5
21.60, 51.5
21.62, 51.5
21.64, 51.6
21.65, 51.6
21.64, 51.6
21.65, 51.6
21.64, 51.6
21.63, 51.6
21.60, 51.5
21.58, 51.4
21.59, 51.5
21.59, 51.5
21.57, 51.4
21.58, 51.4
21.56, 51.4
21.54, 51.3
21.54, 51.3
21.55, 51.4
21.54, 51.3
21.54, 51.3
21.55, 51.4
21.53, 51.3
21.50, 51.2
21.50, 51.2
21.50, 51.2
21.44, 51.1
21.42, 51.0
21.40, 51.0
21.39, 51.0
21.37, 50.9
21.37, 50.9
21.36, 50.9
21.36, 50.9
21.37, 50.9
21.35, 50.9
21.36, 50.9
21.37, 50.9
21.36, 50.9
21.37, 50.9
21.36, 50.9
21.36, 50.9
21.36, 50.9
21.35, 50.9
21.36, 50.9
21.37, 50.9
21.35, 50.9
21.36, 50.9
21.34, 50.9
21.32, 50.8
21.28, 50.7
21.28, 50.7
21.28, 50.7
21.24, 50.6
21.25, 50.6
21.26, 50.7
21.22, 50.6
21.21, 50.5
21.18, 50.5
21.16, 50.4
21.16, 50.4
21.17, 50.4
21.16, 50.4
21.17, 50.4
21.17, 50.4
21.18, 50.5
21.19, 50.5
21.18, 50.5
21.18, 50.5
21.17, 50.4
21.16, 50.4
21.13, 50.3
21.14, 50.3
21.14, 50.4
21.14, 50.4
21.12, 50.3
21.12, 50.3
21.12, 50.3
21.11, 50.3
21.11, 50.3
21.09, 50.2
21.10, 50.2
21.09, 50.2
21.10, 50.2
21.08, 50.2
21.09, 50.2
21.09, 50.2
21.08, 50.2
21.07, 50.2
21.06, 50.1
21.05, 50.1
21.04, 50.1
21.01, 50.0
21.03, 50.1
21.02, 50.0
21.01, 50.0
20.98, 49.9
20.98, 49.9
20.98, 49.9
20.99, 50.0
20.99, 50.0
20.98, 49.9
20.98, 49.9
20.99, 50.0
20.99, 50.0
21.00, 50.0
20.97, 49.9
20.97, 49.9
20.95, 49.9
20.95, 49.9
20.94, 49.8
20.94, 49.8
20.94, 49.8
20.93, 49.8
20.91, 49.8
20.89, 49.7
20.87, 49.7
20.87, 49.7
20.87, 49.7
20.87, 49.7
20.89, 49.7
20.88, 49.7
20.87, 49.7
20.88, 49.7
20.87, 49.7
20.87, 49.7
20.86, 49.7
20.87, 49.7
20.87, 49.7
20.85, 49.6
20.84, 49.6
20.82, 49.6
20.81, 49.5
20.83, 49.6
20.81, 49.5
20.81, 49.5
20.82, 49.6
20.82, 49.6
20.81, 49.5
20.81, 49.5
20.81, 49.5
20.79, 49.5
20.77, 49.4
20.77, 49.4
20.77, 49.4
20.77, 49.4
20.76, 49.4
20.76, 49.4
20.76, 49.4
20.75, 49.4
20.73, 49.3
20.74, 49.4
20.73, 49.3
20.73, 49.3
20.73, 49.3
20.71, 49.3
20.67, 49.2
20.67, 49.2
20.69, 49.2
20.73, 49.3
20.73, 49.3
20.73, 49.3
20.73, 49.3
20.74, 49.4
20.72, 49.3
20.71, 49.3
20.69, 49.2
20.69, 49.2
20.69, 49.2
20.69, 49.2
20.71, 49.3
20.72, 49.3
20.70, 49.3
20.69, 49.2
20.69, 49.2
20.65, 49.1
20.66, 49.2
20.65, 49.1
20.65, 49.1
20.64, 49.1
20.64, 49.1
20.64, 49.1
20.64, 49.1
20.64, 49.1
20.63, 49.1
20.61, 49.0
20.60, 49.0
20.59, 49.0
20.57, 48.9
20.57, 48.9
20.57, 48.9
20.58, 48.9
20.56, 48.9
20.57, 48.9
20.56, 48.9
20.57, 48.9
20.58, 48.9
20.56, 48.9
20.57, 48.9
20.58, 48.9
20.55, 48.9
20.55, 48.9
20.54, 48.8
20.54, 48.8
20.54, 48.8
20.55, 48.9
20.56, 48.9
20.55, 48.9
20.56, 48.9
20.56, 48.9
20.56, 48.9
20.56, 48.9
20.56, 48.9
20.53, 48.8
20.54, 48.8
20.54, 48.8
20.52, 48.8
20.50, 48.7
20.50, 48.7
20.48, 48.7
20.48, 48.7
20.46, 48.6
20.44, 48.6
20.46, 48.6
20.44, 48.6
20.47, 48.7
20.46, 48.6
20.46, 48.6
20.46, 48.6
20.46, 48.6
20.46, 48.6
20.44, 48.6
20.43, 48.6
20.40, 48.5
20.40, 48.5
20.39, 48.5
20.38, 48.5
20.38, 48.5
20.38, 48.5
20.38, 48.5
20.39, 48.5
20.37, 48.4
20.39, 48.5
20.40, 48.5
20.39, 48.5
20.37, 48.4
20.38, 48.5
20.37, 48.4
20.36, 48.4
20.33, 48.3
20.32, 48.3
20.33, 48.3
20.32, 48.3
20.33, 48.3
20.32, 48.3
20.32, 48.3
20.33, 48.3
20.32, 48.3
20.34, 48.4
20.33, 48.3
20.33, 48.3
20.34, 48.4
20.33, 48.3
20.31, 48.3
20.31, 48.3
20.30, 48.3
20.30, 48.3
20.30, 48.3
20.28, 48.2
20.28, 48.2
20.28, 48.2
20.27, 48.2
20.28, 48.2
20.30, 48.3
20.30, 48.3
20.30, 48.3
20.30, 48.3
20.30, 48.3
20.29, 48.2
20.28, 48.2
20.26, 48.2
20.26, 48.2
20.26, 48.2
20.26, 48.2
20.25, 48.1
20.24, 48.1
20.24, 48.1
20.24, 48.1
20.23, 48.1
20.24, 48.1
20.24, 48.1
20.23, 48.1
20.23, 48.1
20.22, 48.1
20.23, 48.1
20.21, 48.0
20.20, 48.0
20.19, 48.0
20.21, 48.0
20.20, 48.0
20.20, 48.0
20.20, 48.0
20.19, 48.0
20.16, 47.9
20.15, 47.9
20.13, 47.8
20.13, 47.8
20.13, 47.8
20.11, 47.8
20.08, 47.7
20.08, 47.7
20.08, 47.7
20.07, 47.7
20.07, 47.7
20.05, 47.6
20.05, 47.6
20.05, 47.6
20.05, 47.6
20.04, 47.6
20.03, 47.6
20.03, 47.6
20.04, 47.6
20.05, 47.6
20.07, 47.7
20.06, 47.6
20.07, 47.7
20.07, 47.7
20.01, 47.5
20.02, 47.5
20.01, 47.5
20.00, 47.5
20.00, 47.5
20.00, 47.5
20.00, 47.5
19.99, 47.5
19.99, 47.5
19.99, 47.5
19.97, 47.4
19.95, 47.4
19.93, 47.3
19.90, 47.3
19.90, 47.3
19.89, 47.2
19.91, 47.3
19.92, 47.3
19.89, 47.2
19.91, 47.3
19.88, 47.2
19.88, 47.2
19.87, 47.2
19.87, 47.2
19.86, 47.2
19.88, 47.2
19.87, 47.2
19.85, 47.1
19.83, 47.1
19.83, 47.1
19.80, 47.0
19.80, 47.0
19.77, 46.9
19.78, 47.0
19.80, 47.0
19.79, 47.0
19.78, 47.0
19.79, 47.0
19.78, 47.0
19.77, 46.9
19.76, 46.9
19.77, 46.9
19.77, 46.9
19.75, 46.9
19.74, 46.9
19.73, 46.8
19.75, 46.9
19.73, 46.8
19.74, 46.9
19.75, 46.9
19.74, 46.9
19.75, 46.9
19.75, 46.9
19.73, 46.8
19.74, 46.9
19.75, 46.9
19.75, 46.9
19.71, 46.8
19.66, 46.6
19.67, 46.7
19.69, 46.7
19.69, 46.7
19.71, 46.8
19.71, 46.8
19.69, 46.7
19.71, 46.8
19.71, 46.8
19.67, 46.7
19.66, 46.7
19.67, 46.7
19.66, 46.6
19.66, 46.7
19.66, 46.6
19.66, 46.7
19.66, 46.7
19.66, 46.6
19.65, 46.6
19.63, 46.6
19.64, 46.6
19.65, 46.6
19.64, 46.6
19.59, 46.5
19.59, 46.5
19.56, 46.4
19.54, 46.3
19.56, 46.4
19.56, 46.4
19.56, 46.4
19.56, 46.4
19.58, 46.4
19.61, 46.5
19.60, 46.5
19.57, 46.4
19.54, 46.3
19.52, 46.3
19.52, 46.3
19.50, 46.2
19.51, 46.3
19.49, 46.2
19.50, 46.2
19.49, 46.2
19.49, 46.2
19.49, 46.2
19.48, 46.2
19.48, 46.2
19.48, 46.2
19.48, 46.2
19.48, 46.2
19.49, 46.2
19.52, 46.3
19.50, 46.2
19.51, 46.3
19.50, 46.2
19.50, 46.2
19.47, 46.2
19.46, 46.1
19.48, 46.2
19.46, 46.1
19.46, 46.1
19.46, 46.1
19.47, 46.2
19.46, 46.1
19.44, 46.1
19.39, 46.0
19.37, 45.9
19.38, 46.0
19.37, 45.9
19.37, 45.9
19.37, 45.9
19.36, 45.9
19.33, 45.8
19.33, 45.8
19.34, 45.9
19.34, 45.9
19.32, 45.8
19.33, 45.8
19.34, 45.9
19.35, 45.9
19.32, 45.8
19.32, 45.8
19.30, 45.8
19.31, 45.8
19.30, 45.8
19.29, 45.7
19.28, 45.7
19.28, 45.7
19.28, 45.7
19.28, 45.7
19.24, 45.6
19.23, 45.6
19.21, 45.5
19.24, 45.6
19.25, 45.6
19.24, 45.6
19.24, 45.6
19.22, 45.6
19.20, 45.5
19.20, 45.5
19.20, 45.5
19.20, 45.5
19.19, 45.5
19.18, 45.5
19.18, 45.4
19.17, 45.4
19.17, 45.4
19.15, 45.4
19.15, 45.4
19.16, 45.4
19.15, 45.4
19.16, 45.4
19.15, 45.4
19.14, 45.3
19.13, 45.3
19.12, 45.3
19.11, 45.3
19.09, 45.2
19.09, 45.2
19.06, 45.1
19.06, 45.1
19.05, 45.1
19.03, 45.1
19.04, 45.1
19.03, 45.1
19.02, 45.0
19.01, 45.0
19.01, 45.0
19.01, 45.0
19.01, 45.0
18.99, 45.0
18.99, 45.0
18.99, 45.0
18.98, 44.9
18.96, 44.9
18.97, 44.9
18.97, 44.9
18.98, 44.9
18.98, 44.9
18.97, 44.9
18.98, 44.9
18.97, 44.9
18.99, 45.0
18.97, 44.9
18.95, 44.9
18.96, 44.9
18.95, 44.9
18.95, 44.9
18.95, 44.9
18.93, 44.8
18.93, 44.8
18.93, 44.8
18.95, 44.9
18.95, 44.9
18.98, 44.9
18.97, 44.9
18.99, 45.0
18.97, 44.9
18.97, 44.9
18.95, 44.9
18.95, 44.9
18.93, 44.8
18.92, 44.8
18.92, 44.8
18.92, 44.8
18.91, 44.8
18.89, 44.7
18.87, 44.7
18.87, 44.7
18.86, 44.7
18.85, 44.6
18.85, 44.6
18.85, 44.6
18.84, 44.6
18.82, 44.6
18.81, 44.5
18.80, 44.5
18.83, 44.6
18.81, 44.5
18.79, 44.5
18.79, 44.5
18.77, 44.4
18.75, 44.4
18.75, 44.4
18.74, 44.4
18.74, 44.4
18.75, 44.4
18.75, 44.4
18.74, 44.4
18.74, 44.4
18.73, 44.3
18.72, 44.3
18.72, 44.3
18.71, 44.3
18.70, 44.3
18.71, 44.3
18.71, 44.3
18.70, 44.3
18.69, 44.2
18.68, 44.2
18.70, 44.3
18.69, 44.2
18.68, 44.2
18.69, 44.2
18.68, 44.2
18.67, 44.2
18.67, 44.2
18.68, 44.2
18.68, 44.2
18.69, 44.2
18.68, 44.2
18.66, 44.1
18.66, 44.1
18.66, 44.1
18.64, 44.1
18.64, 44.1
18.64, 44.1
18.63, 44.1
18.62, 44.0
18.62, 44.0
18.62, 44.0
18.60, 44.0
18.62, 44.0
18.61, 44.0
18.61, 44.0
18.55, 43.9
18.57, 43.9
18.57, 43.9
18.57, 43.9
18.57, 43.9
18.56, 43.9
18.53, 43.8
18.52, 43.8
18.53, 43.8
18.53, 43.8
18.53, 43.8
18.54, 43.8
18.52, 43.8
18.51, 43.8
18.50, 43.7
18.50, 43.7
18.48, 43.7
18.48, 43.7
18.49, 43.7
18.47, 43.7
18.48, 43.7
18.47, 43.7
18.47, 43.7
18.48, 43.7
18.48, 43.7
18.47, 43.7
18.47, 43.7
18.46, 43.6
18.46, 43.6
18.45, 43.6
18.46, 43.6
18.46, 43.6
18.44, 43.6
18.43, 43.6
18.44, 43.6
18.44, 43.6
18.43, 43.6
18.41, 43.5
18.41, 43.5
18.42, 43.6
18.42, 43.6
18.40, 43.5
18.40, 43.5
18.39, 43.5
18.38, 43.5
18.39, 43.5
18.38, 43.5
18.38, 43.5
18.36, 43.4
18.37, 43.4
18.36, 43.4
18.34, 43.4
18.34, 43.4
18.35, 43.4
18.34, 43.4
18.33, 43.3
18.34, 43.4
18.33, 43.3
18.34, 43.4
18.33, 43.3
18.32, 43.3
18.33, 43.3
18.32, 43.3
18.33, 43.3
18.34, 43.4
18.32, 43.3
18.30, 43.3
18.32, 43.3
18.32, 43.3
18.31, 43.3
18.31, 43.3
18.30, 43.3
18.30, 43.3
18.28, 43.2
18.28, 43.2
18.26, 43.2
18.24, 43.1
18.25, 43.1
18.24, 43.1
18.24, 43.1
18.25, 43.1
18.24, 43.1
18.24, 43.1
18.24, 43.1
18.24, 43.1
18.24, 43.1
18.23, 43.1
18.23, 43.1
18.22, 43.1
18.22, 43.1
18.20, 43.0
18.20, 43.0
18.22, 43.1
18.20, 43.0
18.21, 43.0
18.21, 43.0
18.20, 43.0
18.20, 43.0
18.19, 43.0
18.18, 42.9
18.19, 43.0
18.17, 42.9
18.17, 42.9
18.17, 42.9
18.17, 42.9
18.14, 42.8
18.14, 42.8
18.15, 42.9
18.13, 42.8
18.13, 42.8
18.14, 42.8
18.13, 42.8
18.13, 42.8
18.15, 42.9
18.16, 42.9
18.14, 42.8
18.15, 42.9
18.15, 42.9
18.14, 42.8
18.14, 42.8
18.13, 42.8
18.12, 42.8
18.12, 42.8
18.12, 42.8
18.12, 42.8
18.11, 42.8
18.11, 42.8
18.10, 42.7
18.08, 42.7
18.07, 42.7
18.05, 42.6
18.07, 42.7
18.07, 42.7
18.07, 42.7
18.05, 42.6
18.05, 42.6
18.06, 42.6
18.05, 42.6
18.04, 42.6
18.05, 42.6
18.05, 42.6
18.05, 42.6
18.05, 42.6
18.05, 42.6
18.05, 42.6
18.05, 42.6
18.05, 42.6
18.05, 42.6
18.06, 42.6
18.06, 42.6
18.05, 42.6
18.04, 42.6
18.03, 42.6
18.05, 42.6
18.04, 42.6
18.04, 42.6
18.05, 42.6
18.05, 42.6
18.06, 42.6
18.07, 42.7
18.06, 42.6
18.07, 42.7
18.07, 42.7
18.09, 42.7
18.09, 42.7
18.07, 42.7
18.07, 42.7
18.07, 42.7
18.07, 42.7
18.07, 42.7
18.07, 42.7
18.07, 42.7
18.06, 42.6
18.05, 42.6
18.04, 42.6
18.02, 42.5
18.03, 42.6
18.01, 42.5
17.99, 42.5
17.99, 42.5
18.01, 42.5
17.99, 42.5
18.00, 42.5
17.99, 42.5
17.99, 42.5
17.99, 42.5
17.97, 42.4
17.95, 42.4
17.94, 42.4
17.94, 42.4
17.95, 42.4
17.93, 42.3
17.94, 42.4
17.93, 42.3
17.92, 42.3
17.93, 42.3
17.91, 42.3
17.91, 42.3
17.90, 42.3
17.89, 42.2
17.89, 42.2
17.88, 42.2
17.87, 42.2
17.87, 42.2
17.85, 42.1
17.85, 42.1
17.85, 42.1
17.84, 42.1
17.84, 42.1
17.83, 42.1
17.82, 42.1
17.82, 42.1
17.82, 42.1
17.80, 42.0
17.80, 42.0
17.79, 42.0
17.79, 42.0
17.78, 42.0
17.77, 41.9
17.77, 41.9
17.77, 41.9
17.77, 41.9
17.76, 41.9
17.76, 41.9
17.77, 41.9
17.77, 41.9
17.75, 41.9
17.75, 41.9
17.73, 41.8
17.73, 41.8
17.72, 41.8
17.72, 41.8
17.72, 41.8
17.73, 41.8
17.74, 41.9
17.75, 41.9
17.74, 41.9
17.74, 41.9
17.75, 41.9
17.76, 41.9
17.76, 41.9
17.77, 41.9
17.77, 41.9
17.77, 41.9
17.77, 41.9
17.77, 41.9
17.77, 41.9
17.76, 41.9
17.75, 41.9
17.75, 41.9
17.74, 41.9
17.74, 41.9
17.73, 41.8
17.73, 41.8
17.73, 41.8
17.73, 41.8
17.71, 41.8
17.70, 41.7
17.69, 41.7
17.69, 41.7
17.68, 41.7
17.68, 41.7
17.68, 41.7
17.64, 41.6
17.64, 41.6
17.64, 41.6
17.62, 41.5
17.62, 41.5
17.60, 41.5
17.61, 41.5
17.60, 41.5
17.59, 41.5
17.59, 41.5
17.56, 41.4
17.56, 41.4
17.56, 41.4
17.56, 41.4
17.56, 41.4
17.55, 41.4
17.56, 41.4
17.57, 41.4
17.56, 41.4
17.54, 41.3
17.54, 41.3
17.53, 41.3
17.52, 41.3
17.53, 41.3
17.52, 41.3
17.52, 41.3
17.50, 41.2
17.51, 41.3
17.50, 41.2
17.49, 41.2
17.50, 41.2
17.49, 41.2
17.50, 41.2
17.52, 41.3
17.54, 41.3
17.52, 41.3
17.53, 41.3
17.52, 41.3
17.54, 41.3
17.54, 41.3
17.55, 41.4
17.56, 41.4
17.56, 41.4
17.56, 41.4
17.57, 41.4
17.58, 41.4
17.56, 41.4
17.57, 41.4
17.58, 41.4
17.58, 41.4
17.58, 41.4
17.58, 41.4
17.57, 41.4
17.56, 41.4
17.55, 41.4
17.55, 41.4
17.54, 41.3
17.54, 41.3
17.54, 41.3
17.53, 41.3
17.54, 41.3
17.52, 41.3
17.53, 41.3
17.52, 41.3
17.53, 41.3
17.52, 41.3
17.51, 41.3
17.51, 41.3
17.50, 41.2
17.52, 41.3
17.50, 41.2
17.50, 41.2
17.50, 41.2
17.50, 41.2
17.50, 41.2
17.49, 41.2
17.50, 41.2
17.48, 41.2
17.48, 41.2
17.48, 41.2
17.48, 41.2
17.46, 41.2
17.46, 41.2
17.47, 41.2
17.46, 41.2
17.46, 41.2
17.45, 41.1
17.44, 41.1
17.44, 41.1
17.45, 41.1
17.45, 41.1
17.46, 41.2
17.44, 41.1
17.45, 41.1
17.44, 41.1
17.44, 41.1
17.42, 41.1
17.42, 41.1
17.42, 41.1
17.41, 41.0
17.41, 41.0
17.41, 41.0
17.41, 41.0
17.43, 41.1
17.43, 41.1
17.43, 41.1
17.42, 41.1
17.42, 41.1
17.42, 41.1
17.41, 41.0
17.42, 41.1
17.42, 41.1
17.39, 41.0
17.39, 41.0
17.41, 41.0
17.40, 41.0
17.39, 41.0
17.39, 41.0
17.38, 41.0
17.39, 41.0
17.38, 41.0
17.38, 41.0
17.36, 40.9
17.38, 41.0
17.38, 41.0
17.38, 41.0
17.39, 41.0
17.38, 41.0
17.37, 40.9
17.36, 40.9
17.36, 40.9
17.35, 40.9
17.36, 40.9
17.37, 40.9
17.38, 41.0
17.39, 41.0
17.40, 41.0
17.42, 41.1
17.41, 41.0
17.42, 41.1
17.42, 41.1
17.43, 41.1
17.43, 41.1
17.43, 41.1
17.43, 41.1
17.44, 41.1
17.42, 41.1
17.40, 41.0
17.41, 41.0
17.41, 41.0
17.40, 41.0
17.40, 41.0
17.40, 41.0
17.41, 41.0
17.42, 41.1
17.41, 41.0
17.42, 41.1
17.42, 41.1
17.40, 41.0
17.39, 41.0
17.40, 41.0
17.40, 41.0
17.39, 41.0
17.38, 41.0
17.38, 41.0
17.38, 41.0
17.38, 41.0
17.38, 41.0
17.37, 40.9
17.38, 41.0
17.37, 40.9
17.38, 41.0
17.37, 40.9
17.35, 40.9
17.34, 40.9
17.34, 40.9
17.36, 40.9
17.35, 40.9
17.35, 40.9
17.32, 40.8
17.32, 40.8
17.33, 40.8
18.46, 43.6
19.27, 45.7
19.86, 47.2
19.97, 47.4
20.16, 47.9
20.25, 48.1
20.33, 48.3
20.36, 48.4
20.51, 48.8
20.80, 49.5
20.87, 49.7
20.92, 49.8
20.97, 49.9
21.03, 50.1
21.08, 50.2
21.11, 50.3
21.14, 50.4
21.23, 50.6
21.26, 50.7
21.28, 50.7
21.28, 50.7
21.33, 50.8
21.35, 50.9
21.38, 50.9
21.44, 51.1
21.47, 51.2
21.50, 51.2
21.53, 51.3
21.58, 51.4
21.63, 51.6
21.69, 51.7
21.79, 52.0
21.79, 52.0
21.81, 52.0
21.84, 52.1
21.83, 52.1
21.85, 52.1
21.86, 52.2
21.92, 52.3
21.94, 52.3
21.95, 52.4
21.99, 52.5
22.00, 52.5
22.01, 52.5
22.08, 52.7
22.07, 52.7
22.11, 52.8
22.12, 52.8
22.16, 52.9
22.14, 52.9
22.15, 52.9
22.16, 52.9
22.17, 52.9
22.22, 53.1
22.24, 53.1
22.26, 53.2
22.30, 53.3
22.33, 53.3
22.34, 53.4
22.35, 53.4
22.33, 53.3
22.34, 53.4
22.35, 53.4
22.40, 53.5
22.44, 53.6
22.49, 53.7
22.52, 53.8
22.56, 53.9
22.57, 53.9
22.60, 54.0
22.61, 54.0
22.62, 54.1
22.65, 54.1
22.64, 54.1
22.65, 54.1
22.69, 54.2
22.71, 54.3
22.74, 54.4
22.77, 54.4
22.85, 54.6
22.88, 54.7
22.91, 54.8
22.93, 54.8
22.99, 55.0
23.00, 55.0
23.03, 55.1
23.05, 55.1
23.09, 55.2
23.09, 55.2
23.10, 55.3
23.09, 55.2
23.12, 55.3
23.13, 55.3
23.17, 55.4
23.19, 55.5
23.20, 55.5
23.26, 55.7
23.28, 55.7
23.32, 55.8
23.34, 55.9
23.35, 55.9
23.37, 55.9
23.37, 55.9
23.38, 55.9
23.40, 56.0
23.42, 56.0
23.46, 56.1
23.50, 56.2
23.54, 56.3
23.54, 56.3
23.59, 56.5
23.59, 56.5
23.63, 56.6
23.63, 56.6
23.64, 56.6
23.65, 56.6
23.76, 56.9
23.81, 57.0
23.85, 57.1
23.87, 57.2
23.89, 57.2
23.89, 57.2
23.91, 57.3
23.91, 57.3
23.93, 57.3
23.95, 57.4
23.98, 57.4
23.99, 57.5
24.01, 57.5
24.02, 57.5
24.04, 57.6
24.07, 57.7
24.10, 57.8
24.10, 57.8
24.14, 57.9
24.16, 57.9
24.19, 58.0
24.25, 58.1
24.31, 58.3
24.32, 58.3
24.34, 58.3
24.35, 58.4
24.37, 58.4
24.40, 58.5
24.41, 58.5
24.42, 58.5
24.42, 58.5
24.44, 58.6
24.44, 58.6
24.44, 58.6
24.43, 58.6
24.41, 58.5
24.39, 58.5
24.34, 58.3
24.31, 58.3
24.24, 58.1
24.05, 57.6
23.89, 57.2
23.67, 56.7
23.61, 56.5
23.62, 56.6
23.51, 56.3
23.55, 56.4
23.76, 56.9
23.82, 57.1
24.00, 57.5
24.05, 57.6
24.23, 58.1
24.32, 58.3
24.39, 58.5
24.45, 58.6
24.42, 58.5
24.45, 58.6
24.42, 58.5
24.37, 58.4
24.28, 58.2
24.22, 58.1
24.26, 58.2
24.20, 58.0
24.32, 58.3
24.39, 58.5
24.54, 58.8
24.59, 59.0
24.63, 59.1
24.68, 59.2
24.71, 59.3
24.74, 59.4
24.81, 59.5
24.86, 59.6
24.91, 59.8
24.96, 59.9
25.01, 60.0
25.00, 60.0
25.01, 60.0
25.05, 60.1
25.01, 60.0
25.04, 60.1
24.99, 60.0
25.02, 60.0
25.02, 60.0
25.00, 60.0
25.05, 60.1
25.12, 60.3
25.12, 60.3
25.16, 60.4
25.13, 60.3
25.11, 60.3
25.09, 60.2
25.05, 60.1
25.02, 60.0
25.03, 60.1
25.06, 60.2
25.15, 60.4
25.18, 60.5
25.19, 60.5
25.19, 60.5
25.09, 60.2
25.10, 60.3
25.19, 60.5
25.32, 60.8
25.29, 60.7
25.10, 60.3
25.17, 60.4
25.10, 60.3
25.20, 60.5
25.19, 60.5
25.19, 60.5
25.30, 60.8
25.44, 61.1
25.40, 61.0
25.32, 60.8
25.30, 60.8
25.14, 60.4
25.18, 60.5
25.34, 60.8
25.40, 61.0
25.55, 61.4
25.63, 61.6
25.69, 61.7
25.77, 61.9
25.75, 61.9
25.50, 61.2
25.60, 61.5
25.72, 61.8
25.82, 62.0
25.61, 61.5
25.58, 61.5
25.72, 61.8
25.74, 61.9
25.82, 62.0
25.85, 62.1
25.62, 61.6
25.49, 61.2
25.59, 61.5
25.74, 61.9
25.78, 62.0
25.82, 62.0
25.82, 62.0
25.69, 61.7
25.60, 61.5
25.62, 61.6
25.41, 61.0
25.34, 60.8
25.09, 60.2
25.03, 60.1
24.82, 59.5
24.72, 59.3
24.75, 59.4
24.69, 59.2
24.60, 59.0
24.58, 59.0
24.59, 59.0
24.61, 59.0
24.59, 59.0
24.54, 58.8
24.44, 58.6
24.48, 58.7
24.50, 58.7
24.36, 58.4
24.26, 58.2
24.22, 58.1
24.21, 58.0
24.17, 57.9
24.32, 58.3
24.30, 58.3
24.24, 58.1
24.27, 58.2
24.21, 58.0
24.15, 57.9
24.13, 57.8
24.09, 57.7
24.14, 57.9
24.18, 58.0
24.16, 57.9
24.13, 57.8
24.26, 58.2
24.19, 58.0
24.03, 57.6
24.05, 57.6
24.07, 57.7
24.02, 57.5
24.01, 57.5
23.97, 57.4
23.93, 57.3
23.95, 57.4
23.91, 57.3
23.89, 57.2
23.85, 57.1
23.87, 57.2
23.79, 57.0
23.64, 56.6
23.66, 56.7
23.65, 56.6
23.75, 56.9
23.72, 56.8
23.65, 56.6
23.70, 56.8
23.74, 56.9
23.75, 56.9
23.80, 57.0
23.74, 56.9
23.69, 56.7
23.73, 56.8
23.67, 56.7
23.74, 56.9
23.81, 57.0
23.87, 57.2
23.87, 57.2
23.73, 56.8
23.69, 56.7
23.77, 56.9
23.74, 56.9
23.65, 56.6
23.55, 56.4
23.61, 56.5
23.69, 56.7
23.71, 56.8
23.67, 56.7
23.66, 56.7
23.67, 56.7
23.73, 56.8
23.66, 56.7
23.80, 57.0
23.88, 57.2
23.93, 57.3
23.87, 57.2
23.87, 57.2
23.75, 56.9
23.86, 57.1
23.73, 56.8
23.67, 56.7
23.75, 56.9
23.69, 56.7
23.73, 56.8
23.80, 57.0
23.84, 57.1
23.85, 57.1
23.91, 57.3
23.91, 57.3
23.89, 57.2
23.92, 57.3
23.93, 57.3
23.93, 57.3
23.92, 57.3
23.84, 57.1
23.81, 57.0
23.82, 57.1
23.84, 57.1
23.91, 57.3
23.84, 57.1
23.89, 57.2
23.87, 57.2
23.89, 57.2
23.97, 57.4
23.96, 57.4
23.90, 57.2
23.94, 57.3
23.93, 57.3
24.01, 57.5
24.03, 57.6
24.03, 57.6
24.03, 57.6
24.07, 57.7
24.07, 57.7
24.07, 57.7
24.04, 57.6
24.01, 57.5
24.10, 57.8
24.08, 57.7
24.11, 57.8
24.14, 57.9
24.11, 57.8
24.09, 57.7
24.04, 57.6
24.07, 57.7
24.07, 57.7
24.16, 57.9
24.12, 57.8
24.14, 57.9
24.10, 57.8
24.14, 57.9
24.14, 57.9
24.04, 57.6
24.05, 57.6
24.20, 58.0
24.23, 58.1
24.12, 57.8
24.04, 57.6
24.07, 57.7
24.10, 57.8
24.10, 57.8
24.13, 57.8
24.17, 57.9
24.29, 58.2
24.42, 58.5
24.24, 58.1
24.28, 58.2
24.30, 58.3
24.32, 58.3
24.34, 58.3
24.36, 58.4
24.36, 58.4
24.34, 58.3
24.35, 58.4
24.36, 58.4
24.31, 58.3
24.28, 58.2
24.30, 58.3
24.32, 58.3
24.28, 58.2
24.32, 58.3
24.34, 58.3
24.34, 58.3
24.26, 58.2
24.19, 58.0
24.26, 58.2
24.20, 58.0
24.21, 58.0
24.27, 58.2
24.31, 58.3
24.21, 58.0
24.24, 58.1
24.38, 58.4
24.32, 58.3
24.34, 58.3
24.36, 58.4
24.38, 58.4
24.44, 58.6
24.40, 58.5
24.43, 58.6
24.31, 58.3
24.32, 58.3
24.37, 58.4
24.39, 58.5
24.36, 58.4
24.34, 58.3
24.41, 58.5
24.31, 58.3
24.32, 58.3
24.41, 58.5
24.41, 58.5
24.48, 58.7
24.61, 59.0
24.57, 58.9
24.53, 58.8
24.47, 58.7
24.38, 58.4
24.34, 58.3
24.45, 58.6
24.44, 58.6
24.38, 58.4
24.41, 58.5
24.35, 58.4
24.43, 58.6
24.46, 58.6
24.48, 58.7
24.51, 58.8
24.44, 58.6
24.42, 58.5
24.39, 58.5
24.42, 58.5
24.45, 58.6
24.42, 58.5
24.44, 58.6
24.42, 58.5
24.44, 58.6
24.44, 58.6
24.43, 58.6
24.47, 58.7
24.40, 58.5
24.39, 58.5
24.41, 58.5
24.43, 58.6
24.40, 58.5
24.37, 58.4
24.21, 58.0
24.36, 58.4
24.43, 58.6
24.44, 58.6
24.44, 58.6
24.26, 58.2
24.20, 58.0
24.16, 57.9
24.19, 58.0
24.20, 58.0
24.32, 58.3
24.41, 58.5
24.42, 58.5
24.44, 58.6
24.48, 58.7
24.48, 58.7
24.41, 58.5
24.46, 58.6
24.44, 58.6
24.40, 58.5
24.41, 58.5
24.46, 58.6
24.48, 58.7
24.53, 58.8
24.52, 58.8
24.51, 58.8
24.56, 58.9
24.55, 58.9
24.51, 58.8
24.44, 58.6
24.39, 58.5
24.35, 58.4
24.25, 58.1
24.27, 58.2
24.32, 58.3
24.34, 58.3
24.33, 58.3
24.38, 58.4
24.38, 58.4
24.34, 58.3
24.36, 58.4
24.44, 58.6
24.46, 58.6
24.50, 58.7
24.51, 58.8
24.47, 58.7
24.43, 58.6
24.37, 58.4
24.36, 58.4
24.37, 58.4
24.30, 58.3
24.22, 58.1
24.26, 58.2
24.22, 58.1
24.21, 58.0
24.17, 57.9
24.21, 58.0
24.21, 58.0
24.21, 58.0
24.18, 58.0
24.20, 58.0
24.30, 58.3
24.34, 58.3
24.34, 58.3
24.32, 58.3
24.40, 58.5
24.44, 58.6
24.42, 58.5
24.40, 58.5
24.51, 58.8
24.52, 58.8
24.55, 58.9
24.51, 58.8
24.50, 58.7
24.47, 58.7
24.54, 58.8
24.50, 58.7
24.54, 58.8
24.56, 58.9
24.57, 58.9
24.57, 58.9
24.55, 58.9
24.57, 58.9
24.61, 59.0
24.65, 59.1
24.57, 58.9
24.57, 58.9
24.52, 58.8
24.52, 58.8
24.46, 58.6
24.46, 58.6
24.35, 58.4
24.32, 58.3
24.43, 58.6
24.37, 58.4
24.32, 58.3
24.37, 58.4
24.31, 58.3
24.27, 58.2
24.27, 58.2
24.42, 58.5
24.41, 58.5
24.46, 58.6
24.45, 58.6
24.45, 58.6
24.41, 58.5
24.30, 58.3
24.31, 58.3
24.34, 58.3
24.35, 58.4
24.35, 58.4
24.40, 58.5
24.42, 58.5
24.38, 58.4
24.33, 58.3
24.34, 58.3
24.40, 58.5
24.41, 58.5
24.44, 58.6
24.44, 58.6
24.43, 58.6
24.31, 58.3
24.34, 58.3
24.38, 58.4
24.35, 58.4
24.38, 58.4
24.35, 58.4
24.32, 58.3
24.26, 58.2
24.23, 58.1
24.30, 58.3
24.31, 58.3
24.25, 58.1
24.25, 58.1
24.20, 58.0
24.21, 58.0
24.20, 58.0
24.22, 58.1
24.17, 57.9
24.14, 57.9
24.11, 57.8
24.07, 57.7
24.07, 57.7
24.07, 57.7
24.07, 57.7
24.12, 57.8
24.10, 57.8
23.93, 57.3
23.97, 57.4
24.04, 57.6
24.06, 57.6
24.09, 57.7
24.12, 57.8
24.11, 57.8
24.12, 57.8
24.05, 57.6
23.95, 57.4
23.99, 57.5
23.93, 57.3
23.89, 57.2
23.84, 57.1
23.85, 57.1
23.94, 57.3
23.89, 57.2
23.94, 57.3
24.00, 57.5
23.83, 57.1
24.10, 57.8
24.11, 57.8
24.19, 58.0
24.25, 58.1
24.22, 58.1
24.29, 58.2
24.22, 58.1
24.23, 58.1
24.32, 58.3
24.32, 58.3
24.30, 58.3
24.27, 58.2
24.30, 58.3
24.20, 58.0
24.21, 58.0
24.24, 58.1
24.22, 58.1
24.21, 58.0
24.14, 57.9
24.10, 57.8
24.08, 57.7
24.18, 58.0
24.15, 57.9
24.20, 58.0
24.13, 57.8
24.14, 57.9
24.20, 58.0
24.16, 57.9
24.16, 57.9
24.16, 57.9
24.20, 58.0
24.19, 58.0
24.18, 58.0
24.11, 57.8
24.12, 57.8
24.00, 57.5
23.98, 57.4
24.03, 57.6
23.93, 57.3
23.92, 57.3
24.00, 57.5
24.03, 57.6
23.99, 57.5
23.92, 57.3
23.97, 57.4
23.81, 57.0
23.73, 56.8
23.79, 57.0
23.79, 57.0
23.81, 57.0
23.77, 56.9
23.72, 56.8
23.75, 56.9
23.63, 56.6
23.64, 56.6
23.80, 57.0
23.83, 57.1
23.90, 57.2
23.93, 57.3
23.93, 57.3
23.86, 57.1
23.83, 57.1
23.80, 57.0
23.78, 57.0
23.77, 56.9
23.82, 57.1
23.82, 57.1
23.85, 57.1
23.78, 57.0
23.76, 56.9
23.79, 57.0
23.77, 56.9
23.75, 56.9
23.80, 57.0
23.77, 56.9
23.72, 56.8
23.71, 56.8
23.73, 56.8
23.72, 56.8
23.68, 56.7
23.67, 56.7
23.70, 56.8
23.69, 56.7
23.69, 56.7
23.60, 56.5
23.47, 56.2
23.38, 55.9
23.36, 55.9
23.39, 56.0
23.44, 56.1
23.47, 56.2
23.49, 56.2
23.34, 55.9
23.32, 55.8
23.32, 55.8
23.35, 55.9
23.26, 55.7
23.28, 55.7
23.24, 55.6
23.24, 55.6
23.25, 55.6
23.28, 55.7
23.21, 55.5
23.26, 55.7
23.27, 55.7
23.31, 55.8
23.27, 55.7
23.28, 55.7
23.36, 55.9
23.44, 56.1
23.45, 56.1
23.38, 55.9
23.35, 55.9
23.38, 55.9
23.38, 55.9
23.35, 55.9
23.41, 56.0
23.36, 55.9
23.34, 55.9
23.32, 55.8
23.32, 55.8
23.34, 55.9
23.35, 55.9
23.36, 55.9
23.26, 55.7
23.23, 55.6
23.19, 55.5
23.22, 55.6
23.20, 55.5
23.02, 55.0
23.02, 55.0
22.93, 54.8
22.86, 54.6
22.85, 54.6
22.71, 54.3
22.72, 54.3
22.71, 54.3
22.54, 53.8
22.48, 53.7
22.46, 53.6
22.49, 53.7
22.50, 53.7
22.50, 53.7
22.48, 53.7
22.38, 53.4
22.32, 53.3
22.33, 53.3
22.32, 53.3
22.28, 53.2
22.13, 52.8
22.09, 52.7
22.07, 52.7
22.04, 52.6
22.04, 52.6
22.02, 52.5
22.01, 52.5
21.96, 52.4
21.93, 52.3
21.94, 52.3
21.94, 52.3
21.97, 52.4
21.97, 52.4
21.96, 52.4
21.91, 52.3
21.86, 52.2
21.89, 52.2
21.92, 52.3
21.93, 52.3
21.91, 52.3
21.93, 52.3
21.93, 52.3
21.93, 52.3
21.91, 52.3
21.88, 52.2
21.93, 52.3
21.85, 52.1
21.85, 52.1
21.81, 52.0
21.88, 52.2
21.86, 52.2
21.87, 52.2
21.86, 52.2
21.87, 52.2
21.89, 52.2
21.91, 52.3
21.91, 52.3
21.93, 52.3
21.91, 52.3
21.88, 52.2
21.87, 52.2
21.85, 52.1
21.81, 52.0
21.82, 52.1
21.81, 52.0
21.81, 52.0
21.79, 52.0
21.68, 51.7
21.69, 51.7
21.71, 51.8
21.71, 51.8
21.70, 51.8
21.71, 51.8
21.67, 51.7
21.66, 51.7
21.69, 51.7
21.69, 51.7
21.65, 51.6
21.64, 51.6
21.59, 51.5
21.60, 51.5
21.54, 51.3
21.50, 51.2
21.52, 51.3
21.50, 51.2
21.53, 51.3
21.57, 51.4
21.56, 51.4
21.60, 51.5
21.54, 51.3
21.52, 51.3
21.53, 51.3
21.51, 51.3
21.50, 51.2
21.43, 51.1
21.40, 51.0
21.40, 51.0
21.40, 51.0
21.40, 51.0
21.41, 51.0
21.41, 51.0
21.40, 51.0
21.41, 51.0
21.40, 51.0
21.40, 51.0
21.41, 51.0
21.38, 50.9
21.41, 51.0
21.40, 51.0
21.44, 51.1
21.46, 51.1
21.42, 51.0
21.42, 51.0
21.40, 51.0
21.38, 50.9
21.39, 51.0
21.40, 51.0
21.37, 50.9
21.37, 50.9
21.35, 50.9
21.36, 50.9
21.38, 50.9
21.46, 51.1
21.48, 51.2
21.58, 51.4
21.59, 51.5
21.61, 51.5
21.61, 51.5
21.60, 51.5
21.60, 51.5
21.61, 51.5
21.60, 51.5
21.69, 51.7
21.69, 51.7
21.69, 51.7
21.71, 51.8
21.73, 51.8
21.72, 51.8
21.71, 51.8
21.73, 51.8
21.73, 51.8
21.71, 51.8
21.71, 51.8
21.71, 51.8
21.72, 51.8
21.71, 51.8
21.68, 51.7
21.64, 51.6
21.60, 51.5
21.58, 51.4
21.59, 51.5
21.62, 51.6
21.62, 51.5
21.61, 51.5
21.61, 51.5
21.62, 51.5
21.61, 51.5
21.60, 51.5
21.61, 51.5
21.60, 51.5
21.58, 51.4
21.56, 51.4
21.54, 51.3
21.53, 51.3
21.54, 51.3
21.51, 51.3
21.51, 51.3
21.50, 51.2
21.47, 51.2
21.48, 51.2
21.50, 51.2
21.50, 51.2
21.50, 51.2
21.52, 51.3
21.52, 51.3
21.52, 51.3
21.52, 51.3
21.54, 51.3
21.55, 51.4
21.55, 51.4
21.56, 51.4
21.55, 51.4
21.54, 51.3
21.52, 51.3
21.53, 51.3
21.52, 51.3
21.51, 51.3
21.51, 51.3
21.50, 51.2
21.49, 51.2
21.49, 51.2
21.48, 51.2
21.48, 51.2
21.48, 51.2
21.45, 51.1
21.44, 51.1
21.41, 51.0
21.42, 51.0
21.42, 51.0
21.41, 51.0
21.41, 51.0
21.39, 51.0
21.39, 51.0
21.39, 51.0
21.41, 51.0
21.41, 51.0
21.40, 51.0
21.39, 51.0
21.38, 50.9
21.36, 50.9
21.36, 50.9
21.37, 50.9
21.35, 50.9
21.35, 50.9
21.32, 50.8
21.32, 50.8
21.30, 50.8
21.29, 50.7
21.29, 50.7
21.28, 50.7
21.27, 50.7
21.27, 50.7
21.28, 50.7
21.28, 50.7
21.31, 50.8
21.32, 50.8
21.31, 50.8
21.31, 50.8
21.30, 50.8
21.30, 50.8
21.28, 50.7
21.30, 50.8
21.25, 50.6
21.24, 50.6
21.25, 50.6
21.26, 50.7
21.27, 50.7
21.25, 50.6
21.27, 50.7
21.26, 50.7
21.25, 50.6
21.23, 50.6
21.21, 50.5
21.20, 50.5
21.21, 50.5
21.21, 50.5
21.20, 50.5
21.18, 50.5
21.17, 50.4
21.16, 50.4
21.18, 50.5
21.20, 50.5
21.18, 50.5
21.17, 50.4
21.18, 50.5
21.16, 50.4
21.16, 50.4
21.16, 50.4
21.16, 50.4
21.19, 50.5
21.15, 50.4
21.14, 50.4
21.14, 50.3
21.13, 50.3
21.11, 50.3
21.11, 50.3
21.09, 50.2
21.09, 50.2
21.09, 50.2
21.10, 50.2
21.11, 50.3
21.13, 50.3
21.13, 50.3
21.14, 50.3
21.13, 50.3
21.11, 50.3
21.13, 50.3
21.11, 50.3
21.10, 50.2
21.07, 50.2
21.07, 50.2
21.08, 50.2
21.10, 50.2
21.11, 50.3
21.11, 50.3
21.09, 50.2
21.07, 50.2
21.07, 50.2
21.05, 50.1
21.05, 50.1
21.05, 50.1
21.01, 50.0
21.00, 50.0
21.01, 50.0
20.99, 50.0
20.99, 50.0
20.99, 50.0
20.98, 49.9
20.98, 49.9
20.97, 49.9
20.97, 49.9
20.97, 49.9
20.97, 49.9
20.95, 49.9
20.95, 49.9
20.94, 49.8
20.95, 49.9
20.95, 49.9
20.94, 49.8
20.93, 49.8
20.93, 49.8
20.93, 49.8
20.93, 49.8
20.93, 49.8
20.93, 49.8
20.92, 49.8
20.92, 49.8
20.91, 49.8
20.92, 49.8
20.89, 49.7
20.89, 49.7
20.90, 49.7
20.89, 49.7
20.89, 49.7
20.89, 49.7
20.89, 49.7
20.89, 49.7
20.87, 49.7
20.87, 49.7
20.87, 49.7
20.85, 49.6
20.86, 49.7
20.85, 49.6
20.85, 49.6
20.86, 49.7
20.85, 49.6
20.87, 49.7
20.85, 49.6
20.85, 49.6
20.84, 49.6
20.84, 49.6
20.86, 49.7
20.84, 49.6
20.84, 49.6
20.84, 49.6
20.83, 49.6
20.83, 49.6
20.83, 49.6
20.83, 49.6
20.83, 49.6
20.82, 49.6
20.83, 49.6
20.83, 49.6
20.81, 49.5
20.81, 49.5
20.80, 49.5
20.79, 49.5
20.79, 49.5
20.80, 49.5
20.79, 49.5
20.78, 49.5
20.78, 49.5
20.75, 49.4
20.76, 49.4
20.75, 49.4
20.76, 49.4
20.77, 49.4
20.77, 49.4
20.76, 49.4
20.76, 49.4
20.77, 49.4
20.75, 49.4
20.74, 49.4
20.75, 49.4
20.76, 49.4
20.76, 49.4
20.75, 49.4
20.75, 49.4
20.74, 49.4
20.73, 49.3
20.73, 49.3
20.73, 49.3
20.73, 49.3
20.73, 49.3
20.73, 49.3
20.72, 49.3
20.73, 49.3
20.72, 49.3
20.73, 49.3
20.71, 49.3
20.71, 49.3
20.68, 49.2
20.67, 49.2
20.68, 49.2
20.68, 49.2
20.69, 49.2
20.69, 49.2
20.68, 49.2
20.68, 49.2
20.68, 49.2
20.69, 49.2
20.68, 49.2
20.66, 49.2
20.66, 49.2
20.66, 49.2
20.67, 49.2
20.66, 49.2
20.67, 49.2
20.66, 49.2
20.66, 49.2
20.62, 49.0
20.61, 49.0
20.61, 49.0
20.62, 49.0
20.61, 49.0
20.62, 49.0
20.61, 49.0
20.63, 49.1
20.63, 49.1
20.64, 49.1
20.64, 49.1
20.64, 49.1
20.63, 49.1
20.63, 49.1
20.64, 49.1
20.64, 49.1
20.64, 49.1
20.63, 49.1
20.64, 49.1
20.64, 49.1
20.62, 49.0
20.62, 49.0
20.62, 49.0
20.63, 49.1
20.62, 49.0
20.62, 49.0
20.61, 49.0
20.60, 49.0
20.62, 49.0
20.60, 49.0
20.59, 49.0
20.60, 49.0
20.60, 49.0
20.60, 49.0
20.59, 49.0
20.58, 48.9
20.58, 48.9
20.56, 48.9
20.55, 48.9
20.54, 48.8
20.54, 48.8
20.54, 48.8
20.54, 48.8
20.54, 48.8
20.54, 48.8
20.53, 48.8
20.52, 48.8
20.53, 48.8
20.54, 48.8
20.52, 48.8
20.52, 48.8
20.52, 48.8
20.53, 48.8
20.52, 48.8
20.51, 48.8
20.52, 48.8
20.51, 48.8
20.51, 48.8
20.52, 48.8
20.51, 48.8
20.51, 48.8
20.50, 48.7
20.49, 48.7
20.50, 48.7
20.49, 48.7
20.50, 48.7
20.49, 48.7
20.48, 48.7
20.49, 48.7
20.48, 48.7
20.48, 48.7
20.48, 48.7
20.46, 48.6
20.47, 48.7
20.46, 48.6
20.45, 48.6
20.45, 48.6
20.45, 48.6
20.45, 48.6
20.46, 48.6
20.43, 48.6
20.42, 48.5
20.41, 48.5
20.42, 48.5
20.42, 48.5
20.42, 48.5
20.40, 48.5
20.41, 48.5
20.40, 48.5
20.41, 48.5
20.40, 48.5
20.40, 48.5
20.40, 48.5
20.41, 48.5
20.40, 48.5
20.40, 48.5
20.40, 48.5
20.40, 48.5
20.40, 48.5
20.38, 48.5
20.38, 48.5
20.39, 48.5
20.38, 48.5
20.37, 48.4
20.37, 48.4
20.37, 48.4
20.36, 48.4
20.37, 48.4
20.36, 48.4
20.34, 48.4
20.34, 48.4
20.34, 48.4
20.34, 48.4
20.34, 48.4
20.33, 48.3
20.32, 48.3
20.32, 48.3
20.32, 48.3
20.31, 48.3
20.31, 48.3
20.30, 48.3
20.31, 48.3
20.30, 48.3
20.31, 48.3
20.29, 48.2
20.28, 48.2
20.27, 48.2
20.26, 48.2
20.27, 48.2
20.26, 48.2
20.26, 48.2
20.26, 48.2
20.25, 48.1
20.26, 48.2
20.24, 48.1
20.24, 48.1
20.25, 48.1
20.24, 48.1
20.23, 48.1
20.24, 48.1
20.22, 48.1
20.22, 48.1
20.22, 48.1
20.20, 48.0
20.20, 48.0
20.18, 48.0
20.18, 48.0
20.18, 48.0
20.18, 48.0
20.18, 48.0
20.17, 47.9
20.18, 48.0
20.18, 48.0
20.18, 48.0
20.18, 48.0
20.16, 47.9
20.18, 48.0
20.17, 47.9
20.16, 47.9
20.17, 47.9
20.17, 47.9
20.18, 48.0
20.17, 47.9
20.18, 48.0
20.17, 47.9
20.16, 47.9
20.16, 47.9
20.15, 47.9
20.15, 47.9
20.14, 47.8
20.14, 47.8
20.13, 47.8
20.14, 47.8
20.13, 47.8
20.13, 47.8
20.13, 47.8
20.13, 47.8
20.11, 47.8
20.13, 47.8
20.13, 47.8
20.13, 47.8
20.13, 47.8
20.13, 47.8
20.13, 47.8
20.13, 47.8
20.13, 47.8
20.12, 47.8
20.11, 47.8
20.12, 47.8
20.11, 47.8
20.11, 47.8
20.10, 47.7
20.09, 47.7
20.09, 47.7
20.11, 47.8
20.10, 47.7
20.12, 47.8
20.10, 47.7
20.10, 47.7
20.09, 47.7
20.07, 47.7
20.08, 47.7
20.07, 47.7
20.08, 47.7
20.08, 47.7
20.09, 47.7
20.09, 47.7
20.08, 47.7
20.07, 47.7
20.07, 47.7
20.08, 47.7
20.06, 47.6
20.07, 47.7
20.06, 47.6
20.07, 47.7
20.05, 47.6
20.06, 47.6
20.05, 47.6
20.04, 47.6
20.05, 47.6
20.03, 47.6
20.03, 47.6
20.05, 47.6
20.04, 47.6
20.03, 47.6
20.03, 47.6
20.03, 47.6
20.01, 47.5
20.01, 47.5
20.01, 47.5
20.01, 47.5
20.01, 47.5
20.00, 47.5
19.99, 47.5
20.00, 47.5
19.99, 47.5
19.99, 47.5
19.99, 47.5
19.99, 47.5
19.99, 47.5
19.99, 47.5
19.99, 47.5
19.99, 47.5
19.99, 47.5
19.98, 47.4
19.98, 47.4
19.98, 47.4
19.99, 47.5
19.98, 47.4
19.98, 47.4
19.98, 47.4
19.99, 47.5
19.97, 47.4
19.97, 47.4
19.97, 47.4
19.97, 47.4
19.97, 47.4
19.96, 47.4
19.95, 47.4
19.96, 47.4
19.96, 47.4
19.95, 47.4
19.95, 47.4
19.95, 47.4
19.93, 47.3
19.95, 47.4
19.93, 47.3
19.93, 47.3
19.92, 47.3
19.92, 47.3
19.93, 47.3
19.91, 47.3
19.91, 47.3
19.91, 47.3
19.91, 47.3
19.90, 47.3
19.89, 47.2
19.89, 47.2
19.89, 47.2
19.89, 47.2
19.90, 47.3
19.89, 47.2
19.89, 47.2
19.87, 47.2
19.89, 47.2
19.87, 47.2
19.88, 47.2
19.89, 47.2
19.88, 47.2
19.87, 47.2
19.87, 47.2
19.87, 47.2
19.88, 47.2
19.87, 47.2
19.88, 47.2
19.85, 47.1
19.86, 47.2
19.85, 47.1
19.85, 47.1
19.84, 47.1
19.83, 47.1
19.85, 47.1
19.84, 47.1
19.84, 47.1
19.84, 47.1
19.84, 47.1
19.82, 47.1
19.83, 47.1
19.83, 47.1
19.82, 47.1
19.82, 47.1
19.84, 47.1
19.83, 47.1
19.82, 47.1
19.82, 47.1
19.83, 47.1
19.83, 47.1
19.81, 47.0
19.80, 47.0
19.80, 47.0
19.80, 47.0
19.81, 47.0
19.81, 47.0
19.80, 47.0
19.80, 47.0
19.79, 47.0
19.80, 47.0
19.80, 47.0
19.78, 47.0
19.79, 47.0
19.79, 47.0
19.78, 47.0
19.79, 47.0
19.79, 47.0
19.79, 47.0
19.79, 47.0
19.79, 47.0
19.78, 47.0
19.79, 47.0
19.79, 47.0
19.78, 47.0
19.79, 47.0
19.78, 47.0
19.77, 46.9
19.76, 46.9
19.77, 46.9
19.76, 46.9
19.75, 46.9
19.73, 46.8
19.72, 46.8
19.71, 46.8
19.71, 46.8
19.70, 46.8
19.71, 46.8
19.69, 46.7
19.69, 46.7
19.68, 46.7
19.67, 46.7
19.67, 46.7
19.67, 46.7
19.66, 46.7
19.66, 46.6
19.66, 46.6
19.65, 46.6
19.65, 46.6
19.64, 46.6
19.64, 46.6
19.62, 46.5
19.62, 46.5
19.62, 46.5
19.59, 46.5
19.60, 46.5
19.58, 46.4
19.56, 46.4
19.57, 46.4
19.56, 46.4
19.54, 46.3
19.54, 46.3
19.52, 46.3
19.52, 46.3
19.52, 46.3
19.51, 46.3
19.51, 46.3
19.50, 46.2
19.50, 46.2
19.49, 46.2
19.48, 46.2
19.47, 46.2
19.45, 46.1
19.44, 46.1
19.45, 46.1
19.44, 46.1
19.44, 46.1
19.42, 46.1
19.42, 46.1
19.40, 46.0
19.40, 46.0
19.40, 46.0
19.40, 46.0
19.40, 46.0
19.38, 46.0
19.38, 46.0
19.38, 46.0
19.36, 45.9
19.37, 45.9
19.35, 45.9
19.35, 45.9
19.34, 45.9
19.34, 45.9
19.36, 45.9
19.34, 45.9
19.34, 45.9
19.34, 45.9
19.33, 45.8
19.31, 45.8
19.31, 45.8
19.31, 45.8
19.30, 45.8
19.30, 45.8
19.30, 45.8
19.29, 45.7
19.28, 45.7
19.29, 45.7
19.28, 45.7
19.28, 45.7
19.26, 45.7
19.26, 45.7
19.26, 45.7
19.24, 45.6
19.24, 45.6
19.24, 45.6
19.24, 45.6
19.22, 45.6
19.22, 45.6
19.22, 45.6
19.22, 45.6
19.22, 45.6
19.20, 45.5
19.20, 45.5
19.19, 45.5
19.20, 45.5
19.19, 45.5
19.19, 45.5
19.18, 45.5
19.17, 45.4
19.17, 45.4
19.17, 45.4
19.17, 45.4
19.17, 45.4
19.16, 45.4
19.16, 45.4
19.15, 45.4
19.12, 45.3
19.13, 45.3
19.12, 45.3
19.13, 45.3
19.11, 45.3
19.12, 45.3
19.11, 45.3
19.11, 45.3
19.11, 45.3
19.09, 45.2
19.08, 45.2
19.07, 45.2
19.07, 45.2
19.07, 45.2
19.06, 45.1
19.06, 45.1
19.06, 45.1
19.05, 45.1
19.05, 45.1
19.04, 45.1
19.05, 45.1
19.04, 45.1
19.03, 45.1
19.03, 45.1
19.02, 45.0
19.02, 45.0
19.02, 45.0
19.01, 45.0
19.01, 45.0
19.02, 45.0
19.01, 45.0
19.01, 45.0
19.01, 45.0
19.00, 45.0
19.00, 45.0
19.01, 45.0
19.00, 45.0
19.00, 45.0
18.98, 44.9
18.97, 44.9
18.96, 44.9
18.96, 44.9
18.95, 44.9
18.95, 44.9
18.94, 44.8
18.94, 44.8
18.94, 44.8
18.95, 44.9
18.94, 44.8
18.94, 44.8
18.94, 44.8
18.94, 44.8
18.93, 44.8
18.93, 44.8
18.93, 44.8
18.93, 44.8
18.93, 44.8
18.92, 44.8
18.91, 44.8
18.91, 44.8
18.91, 44.8
18.90, 44.8
18.89, 44.7
18.89, 44.7
18.88, 44.7
18.85, 44.6
18.85, 44.6
18.85, 44.6
18.85, 44.6
18.85, 44.6
18.85, 44.6
18.85, 44.6
18.85, 44.6
18.83, 44.6
18.82, 44.6
18.83, 44.6
18.83, 44.6
18.79, 44.5
18.79, 44.5
18.79, 44.5
18.78, 44.5
18.78, 44.5
18.77, 44.4
18.75, 44.4
18.75, 44.4
18.74, 44.4
18.72, 44.3
18.70, 44.3
18.69, 44.2
18.70, 44.3
18.70, 44.3
18.70, 44.3
18.69, 44.2
18.68, 44.2
18.68, 44.2
18.69, 44.2
18.68, 44.2
18.68, 44.2
18.68, 44.2
18.68, 44.2
18.68, 44.2
18.67, 44.2
18.66, 44.1
18.66, 44.1
18.66, 44.1
18.67, 44.2
18.67, 44.2
18.66, 44.1
18.65, 44.1
18.64, 44.1
18.64, 44.1
18.64, 44.1
18.62, 44.0
18.62, 44.0
18.60, 44.0
18.61, 44.0
18.60, 44.0
18.58, 43.9
18.58, 43.9
18.59, 44.0
18.60, 44.0
18.59, 44.0
18.59, 44.0
18.59, 44.0
18.60, 44.0
18.59, 44.0
18.59, 44.0
18.58, 43.9
18.58, 43.9
18.58, 43.9
18.57, 43.9
18.57, 43.9
18.56, 43.9
18.58, 43.9
18.57, 43.9
18.56, 43.9
18.55, 43.9
18.52, 43.8
18.52, 43.8
18.50, 43.7
18.48, 43.7
18.50, 43.7
18.50, 43.7
18.49, 43.7
18.49, 43.7
18.48, 43.7
18.47, 43.7
18.47, 43.7
18.48, 43.7
18.47, 43.7
18.48, 43.7
18.47, 43.7
18.48, 43.7
18.48, 43.7
18.48, 43.7
18.46, 43.6
18.46, 43.6
18.45, 43.6
18.45, 43.6
18.44, 43.6
18.45, 43.6
18.46, 43.6
18.45, 43.6
18.47, 43.7
18.46, 43.6
18.47, 43.7
18.46, 43.6
18.45, 43.6
18.44, 43.6
18.41, 43.5
18.41, 43.5
18.40, 43.5
18.40, 43.5
18.39, 43.5
18.39, 43.5
18.38, 43.5
18.40, 43.5
18.40, 43.5
18.40, 43.5
18.39, 43.5
18.38, 43.5
18.38, 43.5
18.38, 43.5
18.37, 43.4
18.36, 43.4
18.36, 43.4
18.36, 43.4
18.36, 43.4
18.37, 43.4
18.36, 43.4
18.36, 43.4
18.35, 43.4
18.36, 43.4
18.35, 43.4
18.35, 43.4
18.35, 43.4
18.35, 43.4
18.34, 43.4
18.35, 43.4
18.34, 43.4
18.33, 43.3
18.34, 43.4
18.34, 43.4
18.34, 43.4
18.34, 43.4
18.35, 43.4
18.33, 43.3
18.31, 43.3
18.30, 43.3
18.31, 43.3
18.31, 43.3
18.30, 43.3
18.30, 43.3
18.30, 43.3
18.30, 43.3
18.30, 43.3
18.30, 43.3
18.30, 43.3
18.29, 43.2
18.29, 43.2
18.30, 43.3
18.29, 43.2
18.30, 43.3
18.29, 43.2
18.30, 43.3
18.30, 43.3
18.31, 43.3
18.31, 43.3
18.31, 43.3
18.30, 43.3
18.30, 43.3
18.30, 43.3
18.30, 43.3
18.30, 43.3
18.30, 43.3
18.30, 43.3
18.30, 43.3
18.30, 43.3
18.30, 43.3
18.30, 43.3
18.28, 43.2
18.29, 43.2
18.28, 43.2
18.28, 43.2
18.28, 43.2
18.30, 43.3
18.29, 43.2
18.30, 43.3
18.30, 43.3
18.30, 43.3
18.31, 43.3
18.30, 43.3
18.32, 43.3
18.30, 43.3
18.31, 43.3
18.31, 43.3
18.30, 43.3
18.30, 43.3
18.30, 43.3
18.29, 43.2
18.29, 43.2
18.29, 43.2
18.29, 43.2
18.29, 43.2
18.30, 43.3
18.28, 43.2
18.29, 43.2
18.29, 43.2
18.30, 43.3
18.29, 43.2
18.29, 43.2
18.29, 43.2
18.28, 43.2
18.30, 43.3
18.30, 43.3
18.31, 43.3
18.30, 43.3
18.31, 43.3
18.30, 43.3
18.31, 43.3
18.29, 43.2
18.30, 43.3
18.31, 43.3
18.30, 43.3
18.31, 43.3
18.32, 43.3
18.32, 43.3
18.31, 43.3
18.31, 43.3
18.29, 43.2
18.30, 43.3
18.30, 43.3
18.30, 43.3
18.30, 43.3
18.31, 43.3
18.29, 43.2
18.30, 43.3
18.30, 43.3
18.30, 43.3
18.29, 43.2
18.29, 43.2
18.28, 43.2
18.28, 43.2
18.29, 43.2
18.28, 43.2
18.30, 43.3
18.32, 43.3
18.31, 43.3
18.30, 43.3
18.30, 43.3
18.31, 43.3
18.30, 43.3
18.28, 43.2
18.29, 43.2
18.29, 43.2
18.30, 43.3
18.30, 43.3
18.30, 43.3
18.29, 43.2
18.29, 43.2
18.28, 43.2
18.29, 43.2
18.29, 43.2
18.28, 43.2
18.28, 43.2
18.28, 43.2
18.28, 43.2
18.28, 43.2
18.28, 43.2
18.27, 43.2
18.28, 43.2
18.28, 43.2
18.28, 43.2
18.30, 43.3
18.29, 43.2
18.30, 43.3
18.30, 43.3
18.30, 43.3
18.28, 43.2
18.29, 43.2
18.31, 43.3
18.30, 43.3
18.31, 43.3
18.30, 43.3
18.30, 43.3
18.35, 43.4
19.06, 45.1
19.90, 47.3
20.88, 49.7
21.07, 50.2
21.25, 50.6
21.40, 51.0
21.59, 51.5
21.74, 51.9
21.99, 52.5
22.07, 52.7
22.12, 52.8
22.15, 52.9
22.24, 53.1
22.27, 53.2
22.47, 53.7
22.60, 54.0
22.62, 54.1
22.70, 54.3
22.73, 54.3
22.76, 54.4
22.80, 54.5
22.85, 54.6
22.88, 54.7
23.10, 55.3
23.13, 55.3
23.15, 55.4
23.19, 55.5
23.20, 55.5
23.18, 55.5
23.19, 55.5
23.19, 55.5
23.28, 55.7
23.35, 55.9
23.35, 55.9
23.38, 55.9
23.42, 56.0
23.43, 56.1
23.44, 56.1
23.47, 56.2
23.48, 56.2
23.61, 56.5
23.64, 56.6
23.68, 56.7
23.70, 56.8
23.73, 56.8
23.75, 56.9
23.77, 56.9
23.79, 57.0
23.89, 57.2
23.93, 57.3
23.97, 57.4
24.01, 57.5
24.04, 57.6
24.07, 57.7
24.08, 57.7
24.26, 58.2
24.34, 58.3
24.39, 58.5
24.42, 58.5
24.42, 58.5
24.48, 58.7
24.49, 58.7
24.51, 58.8
24.53, 58.8
24.52, 58.8
24.54, 58.8
24.51, 58.8
24.48, 58.7
24.46, 58.6
24.40, 58.5
24.24, 58.1
24.16, 57.9
24.12, 57.8
24.21, 58.0
24.30, 58.3
24.25, 58.1
24.36, 58.4
24.43, 58.6
24.57, 58.9
24.63, 59.1
24.72, 59.3
24.81, 59.5
24.86, 59.6
25.04, 60.1
25.06, 60.2
25.12, 60.3
25.20, 60.5
25.26, 60.7
25.27, 60.7
25.35, 60.9
25.39, 61.0
25.38, 60.9
25.45, 61.1
25.42, 61.0
25.43, 61.1
25.48, 61.2
25.53, 61.3
25.53, 61.3
25.55, 61.4
25.54, 61.3
25.52, 61.3
25.55, 61.4
25.55, 61.4
25.56, 61.4
25.62, 61.6
25.70, 61.8
25.82, 62.0
25.82, 62.0
25.82, 62.0
25.83, 62.1
25.85, 62.1
25.93, 62.3
25.94, 62.3
25.95, 62.4
25.93, 62.3
25.91, 62.3
25.95, 62.4
25.90, 62.2
26.01, 62.5
26.03, 62.6
26.06, 62.7
26.17, 62.9
26.13, 62.8
26.20, 63.0
26.30, 63.2
26.31, 63.3
26.30, 63.2
26.35, 63.4
26.31, 63.3
26.33, 63.3
26.31, 63.3
26.34, 63.3
26.33, 63.3
26.37, 63.4
26.40, 63.5
26.48, 63.7
26.49, 63.7
26.52, 63.8
26.52, 63.8
26.46, 63.6
26.50, 63.7
26.48, 63.7
26.48, 63.7
26.52, 63.8
26.52, 63.8
26.54, 63.9
26.60, 64.0
26.60, 64.0
26.60, 64.0
26.53, 63.8
26.56, 63.9
26.54, 63.9
26.52, 63.8
26.52, 63.8
26.52, 63.8
26.52, 63.8
26.52, 63.8
26.52, 63.8
26.52, 63.8
26.55, 63.9
26.55, 63.9
26.52, 63.8
26.54, 63.9
26.57, 63.9
26.59, 64.0
26.63, 64.1
26.55, 63.9
26.53, 63.8
26.43, 63.6
26.47, 63.7
26.56, 63.9
26.45, 63.6
26.49, 63.7
26.46, 63.6
26.44, 63.6
26.47, 63.7
26.48, 63.7
26.50, 63.7
26.39, 63.5
26.40, 63.5
26.32, 63.3
26.25, 63.1
26.04, 62.6
25.97, 62.4
25.82, 62.0
25.82, 62.0
25.82, 62.0
25.81, 62.0
25.82, 62.0
25.61, 61.5
25.51, 61.3
25.46, 61.1
25.39, 61.0
25.23, 60.6
25.21, 60.5
25.10, 60.3
25.06, 60.2
24.96, 59.9
24.95, 59.9
24.89, 59.7
24.77, 59.4
24.69, 59.2
24.69, 59.2
24.63, 59.1
24.58, 59.0
24.66, 59.2
24.72, 59.3
24.71, 59.3
24.75, 59.4
24.77, 59.4
24.77, 59.4
24.69, 59.2
24.84, 59.6
24.82, 59.5
24.83, 59.6
24.82, 59.5
24.86, 59.6
24.88, 59.7
24.87, 59.7
25.00, 60.0
24.85, 59.6
24.77, 59.4
24.76, 59.4
24.80, 59.5
24.93, 59.8
25.02, 60.0
25.05, 60.1
25.02, 60.0
25.06, 60.2
25.11, 60.3
25.05, 60.1
25.08, 60.2
25.07, 60.2
25.10, 60.3
25.17, 60.4
25.27, 60.7
25.20, 60.5
25.28, 60.7
25.24, 60.6
25.25, 60.6
25.18, 60.5
25.28, 60.7
25.35, 60.9
25.17, 60.4
25.16, 60.4
25.24, 60.6
25.20, 60.5
25.32, 60.8
25.25, 60.6
25.44, 61.1
25.42, 61.0
25.37, 60.9
25.32, 60.8
25.19, 60.5
25.18, 60.5
25.16, 60.4
25.12, 60.3
25.18, 60.5
25.16, 60.4
25.28, 60.7
25.31, 60.8
25.37, 60.9
25.46, 61.1
25.46, 61.1
25.36, 60.9
25.31, 60.8
25.29, 60.7
25.28, 60.7
25.22, 60.6
25.24, 60.6
25.21, 60.5
25.24, 60.6
25.28, 60.7
25.30, 60.8
25.37, 60.9
25.36, 60.9
25.36, 60.9
25.55, 61.4
25.55, 61.4
25.61, 61.5
25.65, 61.6
25.63, 61.6
25.60, 61.5
25.56, 61.4
25.43, 61.1
25.57, 61.4
25.51, 61.3
25.51, 61.3
25.58, 61.5
25.67, 61.7
25.69, 61.7
25.74, 61.9
25.62, 61.6
25.59, 61.5
25.63, 61.6
25.73, 61.8
25.82, 62.0
25.84, 62.1
25.83, 62.1
25.95, 62.4
25.70, 61.8
25.79, 62.0
25.77, 61.9
25.82, 62.0
25.72, 61.8
25.65, 61.6
25.73, 61.8
25.77, 61.9
25.82, 62.0
25.75, 61.9
25.77, 61.9
25.63, 61.6
25.65, 61.6
25.53, 61.3
25.59, 61.5
25.59, 61.5
25.73, 61.8
25.71, 61.8
25.42, 61.0
25.44, 61.1
25.59, 61.5
25.40, 61.0
25.20, 60.5
25.05, 60.1
24.84, 59.6
25.02, 60.0
24.91, 59.8
24.86, 59.6
24.85, 59.6
25.00, 60.0
25.05, 60.1
24.91, 59.8
24.90, 59.7
24.75, 59.4
24.61, 59.0
24.71, 59.3
24.76, 59.4
24.77, 59.4
24.83, 59.6
24.81, 59.5
24.77, 59.4
24.73, 59.3
24.83, 59.6
24.78, 59.5
24.75, 59.4
24.79, 59.5
24.74, 59.4
24.69, 59.2
24.64, 59.1
24.64, 59.1
24.57, 58.9
24.54, 58.8
24.31, 58.3
24.29, 58.2
24.30, 58.3
24.29, 58.2
24.22, 58.1
24.18, 58.0
24.16, 57.9
24.09, 57.7
24.10, 57.8
24.12, 57.8
24.06, 57.6
24.05, 57.6
24.07, 57.7
24.06, 57.6
24.04, 57.6
23.89, 57.2
23.75, 56.9
23.65, 56.6
23.62, 56.6
23.69, 56.7
23.75, 56.9
23.80, 57.0
23.83, 57.1
23.80, 57.0
23.79, 57.0
23.84, 57.1
23.88, 57.2
23.85, 57.1
23.95, 57.4
24.01, 57.5
23.99, 57.5
23.94, 57.3
23.87, 57.2
23.75, 56.9
23.70, 56.8
23.64, 56.6
23.65, 56.6
23.63, 56.6
23.63, 56.6
23.56, 56.4
23.52, 56.3
23.44, 56.1
23.52, 56.3
23.53, 56.3
23.51, 56.3
23.49, 56.2
23.52, 56.3
23.56, 56.4
23.54, 56.3
23.52, 56.3
23.49, 56.2
23.45, 56.1
23.46, 56.1
23.40, 56.0
23.38, 55.9
23.38, 55.9
23.41, 56.0
23.47, 56.2
23.38, 55.9
23.36, 55.9
23.44, 56.1
23.44, 56.1
23.39, 56.0
23.36, 55.9
23.39, 56.0
23.39, 56.0
23.38, 55.9
23.36, 55.9
23.35, 55.9
23.44, 56.1
23.46, 56.1
23.50, 56.2
23.50, 56.2
23.46, 56.1
23.43, 56.1
23.38, 55.9
23.35, 55.9
23.34, 55.9
23.28, 55.7
23.29, 55.7
23.20, 55.5
23.05, 55.1
23.12, 55.3
23.06, 55.1
23.06, 55.1
23.10, 55.3
23.03, 55.1
22.93, 54.8
22.96, 54.9
23.00, 55.0
22.90, 54.7
22.88, 54.7
22.82, 54.6
22.78, 54.5
22.85, 54.6
23.05, 55.1
23.15, 55.4
23.15, 55.4
23.23, 55.6
23.28, 55.7
23.30, 55.8
23.33, 55.8
23.40, 56.0
23.31, 55.8
23.28, 55.7
23.25, 55.6
23.28, 55.7
23.42, 56.0
23.48, 56.2
23.52, 56.3
23.58, 56.4
23.61, 56.5
23.63, 56.6
23.66, 56.7
23.65, 56.6
23.65, 56.6
23.67, 56.7
23.71, 56.8
23.71, 56.8
23.65, 56.6
23.63, 56.6
23.56, 56.4
23.59, 56.5
23.61, 56.5
23.63, 56.6
23.68, 56.7
23.69, 56.7
23.75, 56.9
23.73, 56.8
23.70, 56.8
23.82, 57.1
23.83, 57.1
23.83, 57.1
23.87, 57.2
23.93, 57.3
24.05, 57.6
24.09, 57.7
24.20, 58.0
24.22, 58.1
24.24, 58.1
24.26, 58.2
24.22, 58.1
24.32, 58.3
24.41, 58.5
24.55, 58.9
24.56, 58.9
24.59, 59.0
24.65, 59.1
24.59, 59.0
24.59, 59.0
24.58, 59.0
24.51, 58.8
24.46, 58.6
24.45, 58.6
24.70, 59.3
24.73, 59.3
24.75, 59.4
24.81, 59.5
24.70, 59.3
24.70, 59.3
24.61, 59.0
24.57, 58.9
24.67, 59.2
24.71, 59.3
24.66, 59.2
24.51, 58.8
24.46, 58.6
24.50, 58.7
24.44, 58.6
24.42, 58.5
24.39, 58.5
24.34, 58.3
24.29, 58.2
24.20, 58.0
24.21, 58.0
24.24, 58.1
24.20, 58.0
24.13, 57.8
24.15, 57.9
24.34, 58.3
24.28, 58.2
24.07, 57.7
24.07, 57.7
24.12, 57.8
24.10, 57.8
24.06, 57.6
24.12, 57.8
24.09, 57.7
24.11, 57.8
24.12, 57.8
24.16, 57.9
24.24, 58.1
24.26, 58.2
24.20, 58.0
24.16, 57.9
24.13, 57.8
24.07, 57.7
24.07, 57.7
24.10, 57.8
24.14, 57.9
24.06, 57.6
24.18, 58.0
24.16, 57.9
24.13, 57.8
24.22, 58.1
24.27, 58.2
24.23, 58.1
24.21, 58.0
24.27, 58.2
24.34, 58.3
24.35, 58.4
24.34, 58.3
24.29, 58.2
24.30, 58.3
24.30, 58.3
24.17, 57.9
24.19, 58.0
24.22, 58.1
24.33, 58.3
24.36, 58.4
24.35, 58.4
24.26, 58.2
24.43, 58.6
24.44, 58.6
24.62, 59.1
24.62, 59.1
24.65, 59.1
24.67, 59.2
24.58, 59.0
24.55, 58.9
24.55, 58.9
24.57, 58.9
24.57, 58.9
24.59, 59.0
24.63, 59.1
24.56, 58.9
24.54, 58.8
24.48, 58.7
24.54, 58.8
24.55, 58.9
24.57, 58.9
24.57, 58.9
24.59, 59.0
24.65, 59.1
24.65, 59.1
24.62, 59.1
24.63, 59.1
24.69, 59.2
24.70, 59.3
24.75, 59.4
24.73, 59.3
24.68, 59.2
24.60, 59.0
24.63, 59.1
24.65, 59.1
24.57, 58.9
24.54, 58.8
24.56, 58.9
24.59, 59.0
24.69, 59.2
24.26, 58.2
24.40, 58.5
24.40, 58.5
24.41, 58.5
24.39, 58.5
24.41, 58.5
24.34, 58.3
24.31, 58.3
24.26, 58.2
24.22, 58.1
24.25, 58.1
24.25, 58.1
24.19, 58.0
24.17, 57.9
24.15, 57.9
24.13, 57.8
24.11, 57.8
24.10, 57.8
24.09, 57.7
24.06, 57.6
24.05, 57.6
24.10, 57.8
24.07, 57.7
24.03, 57.6
24.02, 57.5
24.01, 57.5
24.03, 57.6
24.07, 57.7
24.16, 57.9
24.12, 57.8
24.16, 57.9
24.16, 57.9
24.18, 58.0
24.13, 57.8
24.13, 57.8
23.83, 57.1
23.85, 57.1
23.93, 57.3
23.98, 57.4
23.97, 57.4
23.91, 57.3
23.82, 57.1
24.02, 57.5
24.08, 57.7
24.07, 57.7
24.11, 57.8
24.13, 57.8
24.06, 57.6
24.01, 57.5
24.07, 57.7
24.07, 57.7
24.19, 58.0
24.30, 58.3
24.31, 58.3
24.29, 58.2
24.29, 58.2
24.39, 58.5
24.34, 58.3
24.28, 58.2
24.42, 58.5
24.44, 58.6
24.46, 58.6
24.54, 58.8
24.44, 58.6
24.40, 58.5
24.39, 58.5
24.35, 58.4
24.34, 58.3
24.40, 58.5
24.43, 58.6
24.54, 58.8
24.56, 58.9
24.42, 58.5
24.35, 58.4
24.34, 58.3
24.36, 58.4
24.34, 58.3
24.33, 58.3
24.31, 58.3
24.32, 58.3
24.33, 58.3
24.32, 58.3
24.33, 58.3
24.34, 58.3
24.38, 58.4
24.38, 58.4
24.38, 58.4
24.35, 58.4
24.32, 58.3
24.32, 58.3
24.28, 58.2
24.24, 58.1
24.18, 58.0
24.16, 57.9
24.08, 57.7
24.07, 57.7
24.07, 57.7
24.05, 57.6
23.92, 57.3
23.91, 57.3
23.85, 57.1
23.82, 57.1
23.63, 56.6
23.59, 56.5
23.69, 56.7
23.70, 56.8
23.70, 56.8
23.69, 56.7
23.68, 56.7
23.70, 56.8
23.65, 56.6
23.59, 56.5
23.60, 56.5
23.60, 56.5
23.67, 56.7
23.72, 56.8
23.72, 56.8
23.78, 57.0
23.77, 56.9
23.66, 56.7
23.69, 56.7
23.75, 56.9
23.75, 56.9
23.75, 56.9
23.79, 57.0
23.78, 57.0
23.79, 57.0
23.75, 56.9
23.83, 57.1
23.81, 57.0
23.80, 57.0
23.78, 57.0
23.75, 56.9
23.79, 57.0
23.79, 57.0
23.55, 56.4
23.58, 56.4
23.69, 56.7
23.73, 56.8
23.92, 57.3
23.91, 57.3
23.89, 57.2
23.89, 57.2
23.84, 57.1
23.84, 57.1
23.84, 57.1
23.81, 57.0
23.92, 57.3
23.93, 57.3
23.90, 57.2
23.84, 57.1
23.82, 57.1
23.86, 57.1
24.01, 57.5
23.95, 57.4
23.95, 57.4
23.97, 57.4
24.03, 57.6
24.05, 57.6
24.07, 57.7
24.14, 57.9
24.14, 57.9
24.17, 57.9
24.16, 57.9
24.20, 58.0
24.16, 57.9
24.13, 57.8
24.13, 57.8
24.05, 57.6
24.11, 57.8
24.15, 57.9
24.15, 57.9
24.12, 57.8
24.13, 57.8
24.15, 57.9
24.17, 57.9
24.17, 57.9
24.22, 58.1
24.19, 58.0
24.21, 58.0
24.28, 58.2
24.39, 58.5
24.34, 58.3
24.32, 58.3
24.28, 58.2
24.25, 58.1
24.29, 58.2
24.30, 58.3
24.20, 58.0
24.24, 58.1
24.22, 58.1
24.19, 58.0
24.21, 58.0
24.22, 58.1
24.22, 58.1
24.27, 58.2
24.24, 58.1
24.08, 57.7
24.05, 57.6
24.06, 57.6
24.16, 57.9
24.10, 57.8
24.11, 57.8
24.12, 57.8
24.15, 57.9
24.14, 57.9
24.16, 57.9
24.15, 57.9
24.16, 57.9
24.20, 58.0
24.22, 58.1
24.21, 58.0
24.15, 57.9
24.13, 57.8
24.16, 57.9
24.18, 58.0
24.18, 58.0
24.12, 57.8
24.13, 57.8
24.01, 57.5
23.91, 57.3
23.83, 57.1
23.76, 56.9
23.59, 56.5
23.34, 55.9
23.32, 55.8
23.29, 55.7
23.32, 55.8
23.32, 55.8
23.31, 55.8
23.30, 55.8
23.28, 55.7
23.27, 55.7
23.23, 55.6
23.22, 55.6
23.20, 55.5
23.19, 55.5
23.16, 55.4
23.11, 55.3
23.11, 55.3
23.11, 55.3
23.10, 55.3
23.10, 55.3
23.10, 55.3
23.09, 55.2
23.09, 55.2
23.08, 55.2
23.09, 55.2
23.00, 55.0
22.92, 54.8
22.91, 54.8
22.90, 54.7
22.88, 54.7
22.89, 54.7
22.90, 54.7
22.86, 54.6
22.84, 54.6
22.85, 54.6
22.87, 54.7
22.85, 54.6
22.87, 54.7
22.86, 54.6
22.83, 54.6
22.74, 54.4
22.76, 54.4
22.76, 54.4
22.73, 54.3
22.70, 54.3
22.66, 54.2
22.65, 54.1
22.65, 54.1
22.61, 54.0
22.61, 54.0
22.59, 54.0
22.57, 53.9
22.53, 53.8
22.54, 53.8
22.56, 53.9
22.56, 53.9
22.52, 53.8
22.52, 53.8
22.49, 53.7
22.48, 53.7
22.45, 53.6
22.44, 53.6
22.42, 53.5
22.42, 53.5
22.44, 53.6
22.46, 53.6
22.48, 53.7
22.50, 53.7
22.51, 53.8
22.50, 53.7
22.48, 53.7
22.50, 53.7
22.49, 53.7
22.49, 53.7
22.47, 53.7
22.44, 53.6
22.45, 53.6
22.44, 53.6
22.44, 53.6
22.45, 53.6
22.44, 53.6
22.42, 53.5
22.43, 53.6
22.42, 53.5
22.40, 53.5
22.40, 53.5
22.42, 53.5
22.33, 53.3
22.29, 53.2
22.27, 53.2
22.26, 53.2
22.27, 53.2
22.27, 53.2
22.27, 53.2
22.30, 53.3
22.29, 53.2
22.28, 53.2
22.30, 53.3
22.24, 53.1
22.24, 53.1
22.24, 53.1
22.24, 53.1
22.23, 53.1
22.22, 53.1
22.20, 53.0
22.18, 53.0
22.16, 52.9
22.14, 52.9
22.14, 52.9
22.13, 52.8
22.11, 52.8
22.12, 52.8
22.12, 52.8
22.11, 52.8
22.12, 52.8
22.11, 52.8
22.11, 52.8
22.11, 52.8
22.11, 52.8
22.11, 52.8
22.11, 52.8
22.09, 52.7
22.07, 52.7
22.05, 52.6
22.05, 52.6
22.05, 52.6
22.06, 52.6
22.05, 52.6
22.06, 52.6
22.06, 52.6
22.06, 52.6
22.05, 52.6
22.05, 52.6
22.03, 52.6
22.02, 52.5
22.02, 52.5
21.99, 52.5
21.97, 52.4
21.99, 52.5
21.99, 52.5
21.99, 52.5
21.97, 52.4
21.97, 52.4
21.95, 52.4
21.95, 52.4
21.92, 52.3
21.89, 52.2
21.88, 52.2
21.87, 52.2
21.84, 52.1
21.90, 52.2
21.88, 52.2
21.89, 52.2
21.89, 52.2
21.87, 52.2
21.85, 52.1
21.83, 52.1
21.83, 52.1
21.81, 52.0
21.81, 52.0
21.81, 52.0
21.81, 52.0
21.81, 52.0
21.81, 52.0
21.79, 52.0
21.80, 52.0
21.77, 51.9
21.78, 52.0
21.77, 51.9
21.77, 51.9
21.79, 52.0
21.78, 52.0
21.77, 51.9
21.75, 51.9
21.75, 51.9
21.75, 51.9
21.73, 51.8
21.73, 51.8
21.73, 51.8
21.71, 51.8
21.71, 51.8
21.71, 51.8
21.70, 51.8
21.69, 51.7
21.69, 51.7
21.70, 51.8
21.69, 51.7
21.67, 51.7
21.67, 51.7
21.64, 51.6
21.63, 51.6
21.62, 51.6
21.62, 51.6
21.62, 51.5
21.65, 51.6
21.64, 51.6
21.64, 51.6
21.62, 51.6
21.63, 51.6
21.63, 51.6
21.62, 51.6
21.62, 51.5
21.62, 51.6
21.63, 51.6
21.61, 51.5
21.61, 51.5
21.62, 51.5
21.61, 51.5
21.60, 51.5
21.60, 51.5
21.60, 51.5
21.60, 51.5
21.59, 51.5
21.55, 51.4
21.54, 51.3
21.55, 51.4
21.55, 51.4
21.55, 51.4
21.54, 51.3
21.54, 51.3
21.54, 51.3
21.55, 51.4
21.55, 51.4
21.53, 51.3
21.54, 51.3
21.54, 51.3
21.54, 51.3
21.54, 51.3
21.53, 51.3
21.53, 51.3
21.52, 51.3
21.52, 51.3
21.50, 51.2
21.50, 51.2
21.51, 51.3
21.50, 51.2
21.51, 51.3
21.51, 51.3
21.50, 51.2
21.49, 51.2
21.49, 51.2
21.48, 51.2
21.48, 51.2
21.47, 51.2
21.48, 51.2
21.48, 51.2
21.48, 51.2
21.45, 51.1
21.46, 51.1
21.44, 51.1
21.44, 51.1
21.45, 51.1
21.46, 51.1
21.44, 51.1
21.44, 51.1
21.43, 51.1
21.44, 51.1
21.43, 51.1
21.42, 51.0
21.42, 51.0
21.44, 51.1
21.42, 51.0
21.41, 51.0
21.41, 51.0
21.40, 51.0
21.40, 51.0
21.40, 51.0
21.39, 51.0
21.39, 51.0
21.39, 51.0
21.38, 50.9
21.37, 50.9
21.38, 50.9
21.38, 50.9
21.38, 50.9
21.36, 50.9
21.35, 50.9
21.37, 50.9
21.36, 50.9
21.36, 50.9
21.35, 50.9
21.35, 50.9
21.33, 50.8
21.33, 50.8
21.32, 50.8
21.30, 50.8
21.30, 50.8
21.30, 50.8
21.31, 50.8
21.31, 50.8
21.31, 50.8
21.28, 50.7
21.28, 50.7
21.30, 50.8
21.31, 50.8
21.31, 50.8
21.30, 50.8
21.30, 50.8
21.29, 50.7
21.28, 50.7
21.28, 50.7
21.28, 50.7
21.27, 50.7
21.27, 50.7
21.27, 50.7
21.28, 50.7
21.27, 50.7
21.26, 50.7
21.27, 50.7
21.26, 50.7
21.26, 50.7
21.25, 50.6
21.26, 50.7
21.27, 50.7
21.26, 50.7
21.24, 50.6
21.22, 50.6
21.21, 50.5
21.20, 50.5
21.18, 50.5
21.18, 50.5
21.19, 50.5
21.19, 50.5
21.20, 50.5
21.19, 50.5
21.18, 50.5
21.18, 50.5
21.17, 50.4
21.19, 50.5
21.18, 50.5
21.17, 50.4
21.18, 50.5
21.17, 50.4
21.18, 50.5
21.17, 50.4
21.16, 50.4
21.17, 50.4
21.15, 50.4
21.14, 50.4
21.14, 50.4
21.14, 50.4
21.14, 50.4
21.14, 50.4
21.15, 50.4
21.14, 50.4
21.13, 50.3
21.12, 50.3
21.10, 50.2
21.09, 50.2
21.09, 50.2
21.05, 50.1
21.05, 50.1
21.06, 50.1
21.06, 50.1
21.01, 50.0
21.01, 50.0
21.01, 50.0
20.98, 49.9
21.00, 50.0
21.00, 50.0
21.01, 50.0
21.00, 50.0
21.00, 50.0
20.99, 50.0
20.98, 49.9
20.98, 49.9
20.98, 49.9
21.01, 50.0
20.99, 50.0
20.99, 50.0
20.98, 49.9
20.96, 49.9
20.90, 49.7
20.91, 49.8
20.91, 49.8
20.97, 49.9
21.05, 50.1
21.04, 50.1
21.01, 50.0
20.95, 49.9
20.93, 49.8
20.93, 49.8
20.88, 49.7
20.89, 49.7
20.91, 49.8
20.90, 49.7
20.89, 49.7
20.88, 49.7
20.88, 49.7
20.87, 49.7
20.87, 49.7
20.86, 49.7
20.87, 49.7
20.86, 49.7
20.85, 49.6
20.85, 49.6
20.85, 49.6
20.85, 49.6
20.85, 49.6
20.85, 49.6
20.85, 49.6
20.84, 49.6
20.84, 49.6
20.83, 49.6
20.84, 49.6
20.85, 49.6
20.84, 49.6
20.83, 49.6
20.82, 49.6
20.81, 49.5
20.81, 49.5
20.80, 49.5
20.81, 49.5
20.79, 49.5
20.77, 49.4
20.77, 49.4
20.76, 49.4
20.75, 49.4
20.74, 49.4
20.74, 49.4
20.74, 49.4
20.73, 49.3
20.73, 49.3
20.74, 49.4
20.73, 49.3
20.73, 49.3
20.73, 49.3
20.72, 49.3
20.72, 49.3
20.73, 49.3
20.72, 49.3
20.70, 49.3
20.68, 49.2
20.67, 49.2
20.67, 49.2
20.67, 49.2
20.66, 49.2
20.65, 49.1
20.65, 49.1
20.64, 49.1
20.63, 49.1
20.60, 49.0
20.57, 48.9
20.57, 48.9
20.57, 48.9
20.57, 48.9
20.58, 48.9
20.58, 48.9
20.57, 48.9
20.57, 48.9
20.56, 48.9
20.54, 48.8
20.55, 48.9
20.53, 48.8
20.52, 48.8
20.52, 48.8
20.52, 48.8
20.52, 48.8
20.50, 48.7
20.50, 48.7
20.49, 48.7
20.49, 48.7
20.48, 48.7
20.44, 48.6
20.45, 48.6
20.46, 48.6
20.46, 48.6
20.47, 48.7
20.47, 48.7
20.42, 48.5
20.41, 48.5
20.41, 48.5
20.41, 48.5
20.38, 48.5
20.36, 48.4
20.36, 48.4
20.36, 48.4
20.35, 48.4
20.36, 48.4
20.36, 48.4
20.35, 48.4
20.35, 48.4
20.32, 48.3
20.30, 48.3
20.26, 48.2
20.25, 48.1
20.25, 48.1
20.23, 48.1
20.22, 48.1
20.23, 48.1
20.24, 48.1
20.22, 48.1
20.21, 48.0
20.21, 48.0
20.22, 48.1
20.21, 48.0
20.19, 48.0
20.18, 48.0
20.20, 48.0
20.19, 48.0
20.19, 48.0
20.16, 47.9
20.14, 47.8
20.14, 47.8
20.13, 47.8
20.14, 47.8
20.13, 47.8
20.13, 47.8
20.11, 47.8
20.11, 47.8
20.11, 47.8
20.10, 47.7
20.13, 47.8
20.12, 47.8
20.12, 47.8
20.11, 47.8
20.08, 47.7
20.05, 47.6
20.01, 47.5
19.99, 47.5
19.98, 47.4
19.97, 47.4
19.97, 47.4
19.97, 47.4
19.97, 47.4
19.95, 47.4
19.94, 47.3
19.92, 47.3
19.91, 47.3
19.89, 47.2
19.89, 47.2
19.89, 47.2
19.87, 47.2
19.87, 47.2
19.87, 47.2
19.87, 47.2
19.86, 47.2
19.87, 47.2
19.84, 47.1
19.85, 47.1
19.83, 47.1
19.83, 47.1
19.82, 47.1
19.81, 47.0
19.81, 47.0
19.81, 47.0
19.79, 47.0
19.79, 47.0
19.78, 47.0
19.79, 47.0
19.78, 47.0
19.77, 46.9
19.77, 46.9
19.77, 46.9
19.75, 46.9
19.74, 46.9
19.73, 46.8
19.69, 46.7
19.68, 46.7
19.69, 46.7
19.68, 46.7
19.66, 46.7
19.64, 46.6
19.63, 46.6
19.62, 46.5
19.62, 46.5
19.60, 46.5
19.62, 46.5
19.62, 46.5
19.62, 46.5
19.61, 46.5
19.59, 46.5
19.59, 46.5
19.57, 46.4
19.56, 46.4
19.55, 46.4
19.53, 46.3
19.49, 46.2
19.48, 46.2
19.48, 46.2
19.48, 46.2
19.48, 46.2
19.49, 46.2
19.50, 46.2
19.50, 46.2
19.48, 46.2
19.48, 46.2
19.48, 46.2
19.48, 46.2
19.48, 46.2
19.48, 46.2
19.48, 46.2
19.46, 46.1
19.46, 46.1
19.44, 46.1
19.44, 46.1
19.43, 46.1
19.43, 46.1
19.42, 46.1
19.41, 46.0
19.42, 46.1
19.42, 46.1
19.41, 46.0
19.42, 46.1
19.40, 46.0
19.40, 46.0
19.41, 46.0
19.40, 46.0
19.40, 46.0
19.39, 46.0
19.38, 46.0
19.38, 46.0
19.37, 45.9
19.36, 45.9
19.36, 45.9
19.36, 45.9
19.36, 45.9
19.34, 45.9
19.34, 45.9
19.33, 45.8
19.32, 45.8
19.33, 45.8
19.32, 45.8
19.34, 45.9
19.34, 45.9
19.30, 45.8
19.32, 45.8
19.32, 45.8
19.33, 45.8
19.30, 45.8
19.28, 45.7
19.28, 45.7
19.28, 45.7
19.27, 45.7
19.26, 45.7
19.27, 45.7
19.24, 45.6
19.24, 45.6
19.24, 45.6
19.23, 45.6
19.24, 45.6
19.22, 45.6
19.22, 45.6
19.22, 45.6
19.21, 45.5
19.21, 45.5
19.22, 45.6
19.22, 45.6
19.21, 45.5
19.22, 45.6
19.21, 45.5
19.21, 45.5
19.21, 45.5
19.20, 45.5
19.20, 45.5
19.19, 45.5
19.20, 45.5
19.18, 45.5
19.18, 45.5
19.18, 45.4
19.14, 45.3
19.15, 45.4
19.15, 45.4
19.15, 45.4
19.15, 45.4
19.15, 45.4
19.15, 45.4
19.13, 45.3
19.14, 45.3
19.13, 45.3
19.11, 45.3
19.09, 45.2
19.10, 45.2
19.08, 45.2
19.07, 45.2
19.06, 45.1
19.07, 45.2
19.07, 45.2
19.07, 45.2
19.07, 45.2
19.05, 45.1
19.05, 45.1
19.04, 45.1
19.05, 45.1
19.05, 45.1
19.05, 45.1
19.05, 45.1
19.04, 45.1
19.03, 45.1
19.03, 45.1
19.04, 45.1
19.02, 45.0
19.03, 45.1
19.02, 45.0
19.01, 45.0
19.01, 45.0
19.01, 45.0
18.99, 45.0
19.01, 45.0
18.99, 45.0
18.99, 45.0
18.99, 45.0
18.98, 44.9
18.96, 44.9
18.97, 44.9
18.97, 44.9
18.97, 44.9
18.95, 44.9
18.94, 44.8
18.95, 44.9
18.94, 44.8
18.94, 44.8
18.94, 44.8
18.94, 44.8
18.93, 44.8
18.93, 44.8
18.93, 44.8
18.91, 44.8
18.90, 44.8
18.89, 44.7
18.89, 44.7
18.89, 44.7
18.88, 44.7
18.88, 44.7
18.87, 44.7
18.87, 44.7
18.87, 44.7
18.85, 44.6
18.85, 44.6
18.81, 44.5
18.81, 44.5
18.80, 44.5
18.81, 44.5
18.81, 44.5
18.79, 44.5
18.79, 44.5
18.79, 44.5
18.78, 44.5
18.77, 44.4
18.77, 44.4
18.77, 44.4
18.77, 44.4
18.75, 44.4
18.73, 44.3
18.73, 44.3
18.71, 44.3
18.71, 44.3
18.71, 44.3
18.68, 44.2
18.69, 44.2
18.69, 44.2
18.69, 44.2
18.70, 44.3
18.70, 44.3
18.69, 44.2
18.69, 44.2
18.70, 44.3
18.69, 44.2
18.68, 44.2
18.68, 44.2
18.66, 44.1
18.65, 44.1
18.64, 44.1
18.64, 44.1
18.64, 44.1
18.64, 44.1
18.64, 44.1
18.63, 44.1
18.62, 44.0
18.62, 44.0
18.62, 44.0
18.59, 44.0
18.59, 44.0
18.60, 44.0
18.61, 44.0
18.60, 44.0
18.60, 44.0
18.61, 44.0
18.58, 43.9
18.56, 43.9
18.56, 43.9
18.56, 43.9
18.54, 43.8
18.54, 43.8
18.54, 43.8
18.54, 43.8
18.52, 43.8
18.54, 43.8
18.52, 43.8
18.52, 43.8
18.51, 43.8
18.52, 43.8
18.51, 43.8
18.51, 43.8
18.50, 43.7
18.51, 43.8
18.50, 43.7
18.49, 43.7
18.47, 43.7
18.47, 43.7
18.47, 43.7
18.46, 43.6
18.45, 43.6
18.46, 43.6
18.46, 43.6
18.45, 43.6
18.46, 43.6
18.44, 43.6
18.44, 43.6
18.44, 43.6
18.43, 43.6
18.43, 43.6
18.42, 43.6
18.41, 43.5
18.40, 43.5
18.40, 43.5
18.40, 43.5
18.40, 43.5
18.40, 43.5
18.40, 43.5
18.39, 43.5
18.40, 43.5
18.38, 43.5
18.38, 43.5
18.38, 43.5
18.38, 43.5
18.39, 43.5
18.40, 43.5
18.41, 43.5
18.40, 43.5
18.40, 43.5
18.40, 43.5
18.39, 43.5
18.38, 43.5
18.38, 43.5
18.40, 43.5
18.40, 43.5
18.40, 43.5
18.39, 43.5
18.39, 43.5
18.39, 43.5
18.38, 43.5
18.39, 43.5
18.40, 43.5
18.39, 43.5
18.38, 43.5
18.38, 43.5
18.37, 43.4
18.36, 43.4
18.35, 43.4
18.35, 43.4
18.35, 43.4
18.36, 43.4
18.36, 43.4
18.34, 43.4
18.35, 43.4
18.35, 43.4
18.36, 43.4
18.34, 43.4
18.37, 43.4
18.36, 43.4
18.36, 43.4
18.35, 43.4
18.36, 43.4
18.35, 43.4
18.35, 43.4
18.34, 43.4
18.34, 43.4
18.33, 43.3
18.32, 43.3
18.33, 43.3
18.32, 43.3
18.32, 43.3
18.32, 43.3
18.30, 43.3
18.32, 43.3
18.30, 43.3
18.30, 43.3
18.28, 43.2
18.30, 43.3
18.29, 43.2
18.28, 43.2
18.26, 43.2
18.28, 43.2
18.27, 43.2
18.26, 43.2
18.26, 43.2
18.27, 43.2
18.26, 43.2
18.24, 43.1
18.25, 43.1
18.25, 43.1
18.25, 43.1
18.24, 43.1
18.26, 43.2
18.26, 43.2
18.26, 43.2
18.27, 43.2
18.28, 43.2
18.26, 43.2
18.26, 43.2
18.26, 43.2
18.24, 43.1
18.24, 43.1
18.22, 43.1
18.24, 43.1
18.24, 43.1
18.24, 43.1
18.24, 43.1
18.25, 43.1
18.26, 43.2
18.24, 43.1
18.23, 43.1
18.23, 43.1
18.22, 43.1
18.24, 43.1
18.25, 43.1
18.24, 43.1
18.24, 43.1
18.23, 43.1
18.24, 43.1
18.22, 43.1
18.23, 43.1
18.23, 43.1
18.25, 43.1
18.24, 43.1
18.25, 43.1
18.23, 43.1
18.24, 43.1
18.22, 43.1
18.22, 43.1
18.24, 43.1
18.24, 43.1
18.25, 43.1
18.26, 43.2
18.25, 43.1
18.25, 43.1
18.67, 44.2
19.10, 45.2
19.57, 46.4
20.26, 48.2
20.51, 48.8
20.66, 49.2
20.87, 49.7
21.01, 50.0
21.12, 50.3
21.28, 50.7
21.44, 51.1
21.52, 51.3
21.81, 52.0
21.89, 52.2
21.96, 52.4
22.04, 52.6
22.14, 52.9
22.20, 53.0
22.26, 53.2
22.29, 53.2
22.39, 53.5
22.43, 53.6
22.48, 53.7
22.56, 53.9
22.61, 54.0
22.65, 54.1
22.81, 54.5
22.86, 54.6
22.89, 54.7
22.92, 54.8
22.99, 55.0
23.05, 55.1
23.05, 55.1
23.06, 55.1
23.09, 55.2
23.09, 55.2
23.14, 55.4
23.18, 55.5
23.19, 55.5
23.22, 55.6
23.32, 55.8
23.33, 55.8
23.35, 55.9
23.35, 55.9
23.36, 55.9
23.41, 56.0
23.40, 56.0
23.43, 56.1
23.49, 56.2
23.51, 56.3
23.54, 56.3
23.59, 56.5
23.59, 56.5
23.66, 56.7
23.71, 56.8
23.71, 56.8
23.72, 56.8
23.72, 56.8
23.75, 56.9
23.77, 56.9
23.76, 56.9
23.79, 57.0
23.83, 57.1
23.81, 57.0
23.84, 57.1
23.88, 57.2
23.89, 57.2
23.92, 57.3
23.93, 57.3
23.95, 57.4
24.00, 57.5
23.98, 57.4
24.01, 57.5
24.03, 57.6
24.07, 57.7
24.11, 57.8
24.20, 58.0
24.21, 58.0
24.15, 57.9
24.10, 57.8
24.12, 57.8
24.12, 57.8
24.18, 58.0
24.24, 58.1
24.29, 58.2
24.32, 58.3
24.32, 58.3
24.30, 58.3
24.26, 58.2
24.23, 58.1
24.18, 58.0
24.12, 57.8
24.06, 57.6
24.03, 57.6
23.69, 56.7
23.66, 56.7
23.66, 56.7
23.63, 56.6
23.58, 56.4
23.46, 56.1
23.42, 56.0
23.39, 56.0
23.36, 55.9
23.34, 55.9
23.34, 55.9
23.34, 55.9
23.28, 55.7
23.27, 55.7
23.40, 56.0
23.45, 56.1
23.48, 56.2
23.49, 56.2
23.57, 56.4
23.58, 56.4
23.68, 56.7
23.77, 56.9
23.85, 57.1
23.89, 57.2
23.91, 57.3
23.81, 57.0
23.84, 57.1
23.98, 57.4
24.03, 57.6
24.16, 57.9
24.22, 58.1
24.23, 58.1
24.37, 58.4
24.36, 58.4
24.41, 58.5
24.44, 58.6
24.52, 58.8
24.50, 58.7
24.50, 58.7
24.57, 58.9
24.47, 58.7
24.48, 58.7
24.42, 58.5
24.45, 58.6
24.46, 58.6
24.57, 58.9
24.46, 58.6
24.42, 58.5
24.48, 58.7
24.57, 58.9
24.58, 59.0
24.59, 59.0
24.53, 58.8
24.59, 59.0
24.57, 58.9
24.60, 59.0
24.62, 59.1
24.74, 59.4
24.69, 59.2
24.75, 59.4
24.72, 59.3
24.79, 59.5
24.78, 59.5
24.81, 59.5
24.76, 59.4
24.77, 59.4
24.81, 59.5
24.85, 59.6
24.76, 59.4
24.77, 59.4
24.83, 59.6
24.81, 59.5
24.89, 59.7
25.00, 60.0
25.00, 60.0
25.05, 60.1
25.06, 60.2
25.04, 60.1
25.08, 60.2
25.09, 60.2
25.17, 60.4
25.26, 60.7
25.33, 60.8
25.28, 60.7
25.32, 60.8
25.42, 61.0
25.46, 61.1
25.55, 61.4
25.51, 61.3
25.40, 61.0
25.36, 60.9
25.44, 61.1
25.48, 61.2
25.44, 61.1
25.42, 61.0
25.42, 61.0
25.37, 60.9
25.42, 61.0
25.42, 61.0
25.40, 61.0
25.43, 61.1
25.46, 61.1
25.52, 61.3
25.47, 61.2
25.50, 61.2
25.55, 61.4
25.71, 61.8
25.82, 62.0
25.82, 62.0
25.87, 62.2
25.82, 62.0
25.65, 61.6
25.77, 61.9
25.73, 61.8
25.80, 62.0
25.82, 62.0
26.08, 62.7
26.02, 62.5
25.94, 62.3
25.96, 62.4
25.94, 62.3
25.90, 62.2
25.82, 62.0
25.89, 62.2
25.97, 62.4
25.99, 62.5
26.00, 62.5
25.93, 62.3
26.01, 62.5
26.06, 62.7
26.04, 62.6
26.15, 62.9
26.02, 62.5
26.04, 62.6
26.04, 62.6
26.03, 62.6
25.91, 62.3
25.90, 62.2
26.06, 62.7
26.08, 62.7
26.11, 62.8
26.09, 62.7
26.16, 62.9
26.18, 63.0
26.24, 63.1
26.28, 63.2
26.19, 63.0
26.19, 63.0
26.22, 63.1
26.31, 63.3
26.31, 63.3
26.26, 63.2
26.26, 63.2
26.21, 63.0
26.25, 63.1
26.20, 63.0
26.26, 63.2
26.24, 63.1
26.36, 63.4
26.43, 63.6
26.38, 63.4
26.30, 63.2
26.42, 63.5
26.47, 63.7
26.52, 63.8
26.52, 63.8
25.96, 62.4
25.63, 61.6
25.36, 60.9
25.24, 60.6
25.10, 60.3
25.03, 60.1
25.18, 60.5
25.15, 60.4
25.08, 60.2
24.97, 59.9
24.93, 59.8
24.91, 59.8
25.26, 60.7
25.18, 60.5
24.99, 60.0
24.91, 59.8
24.65, 59.1
24.52, 58.8
24.52, 58.8
24.55, 58.9
24.57, 58.9
24.66, 59.2
24.67, 59.2
24.72, 59.3
24.62, 59.1
24.83, 59.6
24.83, 59.6
24.81, 59.5
24.65, 59.1
24.63, 59.1
24.69, 59.2
24.84, 59.6
24.77, 59.4
24.64, 59.1
24.61, 59.0
24.67, 59.2
24.68, 59.2
24.63, 59.1
24.59, 59.0
24.40, 58.5
24.39, 58.5
24.42, 58.5
24.43, 58.6
24.47, 58.7
24.46, 58.6
24.41, 58.5
24.50, 58.7
24.71, 59.3
24.63, 59.1
24.57, 58.9
24.61, 59.0
24.70, 59.3
24.75, 59.4
24.73, 59.3
24.65, 59.1
24.70, 59.3
24.89, 59.7
24.81, 59.5
24.78, 59.5
24.78, 59.5
24.87, 59.7
24.88, 59.7
24.87, 59.7
24.79, 59.5
24.83, 59.6
24.81, 59.5
24.91, 59.8
24.86, 59.6
24.93, 59.8
24.89, 59.7
24.97, 59.9
24.92, 59.8
24.89, 59.7
24.85, 59.6
25.04, 60.1
25.11, 60.3
25.02, 60.0
25.08, 60.2
25.01, 60.0
25.10, 60.3
25.09, 60.2
25.06, 60.2
25.03, 60.1
24.97, 59.9
24.95, 59.9
24.86, 59.6
24.94, 59.8
24.97, 59.9
25.01, 60.0
24.94, 59.8
24.94, 59.8
24.97, 59.9
24.91, 59.8
24.92, 59.8
25.03, 60.1
25.10, 60.3
25.05, 60.1
24.84, 59.6
24.88, 59.7
24.92, 59.8
24.98, 59.9
25.04, 60.1
25.07, 60.2
25.00, 60.0
25.03, 60.1
25.01, 60.0
25.16, 60.4
25.15, 60.4
25.05, 60.1
25.00, 60.0
24.94, 59.8
25.04, 60.1
25.05, 60.1
25.14, 60.4
25.08, 60.2
25.07, 60.2
25.06, 60.2
25.06, 60.2
25.04, 60.1
25.10, 60.3
25.30, 60.8
25.15, 60.4
25.07, 60.2
25.33, 60.8
25.34, 60.8
25.28, 60.7
25.30, 60.8
25.12, 60.3
25.24, 60.6
25.21, 60.5
25.20, 60.5
25.10, 60.3
25.01, 60.0
25.15, 60.4
25.27, 60.7
25.35, 60.9
25.51, 61.3
25.58, 61.5
25.63, 61.6
25.82, 62.0
25.83, 62.1
25.89, 62.2
25.82, 62.0
25.86, 62.1
25.97, 62.4
25.73, 61.8
25.82, 62.0
25.82, 62.0
25.82, 62.0
25.80, 62.0
25.64, 61.6
25.73, 61.8
25.82, 62.0
25.57, 61.4
25.60, 61.5
25.57, 61.4
25.70, 61.8
25.78, 62.0
25.82, 62.0
25.82, 62.0
25.82, 62.0
25.77, 61.9
26.21, 63.0
26.13, 62.8
26.22, 63.1
26.53, 63.8
26.72, 64.3
26.68, 64.2
26.69, 64.2
26.72, 64.3
26.54, 63.9
26.71, 64.3
26.71, 64.3
26.45, 63.6
26.20, 63.0
26.38, 63.4
26.09, 62.7
26.06, 62.7
26.44, 63.6
26.28, 63.2
26.22, 63.1
26.14, 62.9
26.21, 63.0
26.32, 63.3
26.19, 63.0
26.40, 63.5
26.25, 63.1
26.09, 62.7
26.08, 62.7
26.30, 63.2
26.27, 63.2
26.31, 63.3
26.64, 64.1
26.53, 63.8
26.62, 64.1
26.73, 64.3
26.52, 63.8
26.67, 64.2
26.77, 64.4
26.54, 63.9
26.46, 63.6
26.50, 63.7
26.65, 64.1
26.87, 64.7
26.86, 64.6
26.73, 64.3
26.58, 64.0
26.58, 64.0
26.45, 63.6
26.37, 63.4
26.32, 63.3
26.30, 63.2
26.33, 63.3
26.32, 63.3
26.30, 63.2
26.28, 63.2
26.13, 62.8
26.33, 63.3
26.28, 63.2
26.26, 63.2
26.31, 63.3
26.19, 63.0
26.10, 62.8
26.12, 62.8
26.13, 62.8
26.19, 63.0
26.31, 63.3
26.30, 63.2
26.42, 63.5
26.38, 63.4
26.26, 63.2
26.36, 63.4
26.40, 63.5
26.32, 63.3
26.36, 63.4
26.18, 63.0
26.02, 62.5
26.06, 62.7
26.19, 63.0
26.33, 63.3
26.30, 63.2
26.33, 63.3
26.28, 63.2
26.22, 63.1
26.10, 62.8
26.02, 62.5
25.96, 62.4
26.00, 62.5
25.97, 62.4
25.94, 62.3
26.00, 62.5
26.09, 62.7
26.08, 62.7
26.30, 63.2
26.42, 63.5
26.36, 63.4
26.21, 63.0
26.22, 63.1
26.34, 63.3
26.30, 63.2
26.35, 63.4
26.36, 63.4
26.23, 63.1
26.43, 63.6
26.40, 63.5
26.39, 63.5
26.28, 63.2
26.28, 63.2
26.31, 63.3
26.30, 63.2
26.26, 63.2
26.26, 63.2
26.27, 63.2
26.25, 63.1
26.22, 63.1
26.37, 63.4
26.31, 63.3
26.39, 63.5
26.40, 63.5
26.33, 63.3
26.34, 63.3
26.40, 63.5
26.34, 63.3
26.13, 62.8
26.17, 62.9
26.11, 62.8
26.21, 63.0
26.20, 63.0
26.08, 62.7
26.07, 62.7
26.03, 62.6
26.04, 62.6
25.98, 62.4
25.71, 61.8
25.50, 61.2
25.49, 61.2
25.52, 61.3
25.55, 61.4
25.56, 61.4
25.52, 61.3
25.48, 61.2
25.49, 61.2
25.43, 61.1
25.44, 61.1
25.43, 61.1
25.31, 60.8
25.26, 60.7
25.26, 60.7
25.28, 60.7
25.35, 60.9
25.28, 60.7
25.24, 60.6
25.17, 60.4
25.14, 60.4
25.05, 60.1
25.10, 60.3
24.95, 59.9
25.00, 60.0
25.05, 60.1
25.13, 60.3
25.08, 60.2
25.09, 60.2
25.05, 60.1
24.99, 60.0
24.99, 60.0
24.91, 59.8
24.90, 59.7
24.81, 59.5
24.79, 59.5
24.79, 59.5
24.75, 59.4
24.75, 59.4
24.87, 59.7
24.89, 59.7
24.82, 59.5
24.71, 59.3
24.76, 59.4
24.61, 59.0
24.64, 59.1
24.52, 58.8
24.50, 58.7
24.56, 58.9
24.36, 58.4
24.35, 58.4
24.30, 58.3
24.21, 58.0
24.19, 58.0
24.06, 57.6
24.04, 57.6
24.12, 57.8
24.26, 58.2
24.27, 58.2
24.32, 58.3
24.34, 58.3
24.18, 58.0
24.04, 57.6
24.00, 57.5
23.99, 57.5
24.03, 57.6
24.07, 57.7
24.03, 57.6
23.99, 57.5
23.99, 57.5
23.92, 57.3
23.84, 57.1
23.79, 57.0
23.90, 57.2
23.94, 57.3
23.89, 57.2
23.92, 57.3
23.83, 57.1
23.71, 56.8
23.81, 57.0
23.80, 57.0
23.83, 57.1
23.82, 57.1
23.79, 57.0
23.83, 57.1
23.85, 57.1
23.84, 57.1
23.76, 56.9
23.75, 56.9
23.71, 56.8
23.65, 56.6
23.55, 56.4
23.56, 56.4
23.48, 56.2
23.40, 56.0
23.40, 56.0
23.48, 56.2
23.42, 56.0
23.40, 56.0
23.39, 56.0
23.40, 56.0
23.44, 56.1
23.28, 55.7
23.38, 55.9
23.43, 56.1
23.49, 56.2
23.55, 56.4
23.46, 56.1
23.42, 56.0
23.26, 55.7
23.09, 55.2
23.16, 55.4
23.11, 55.3
23.12, 55.3
23.05, 55.1
23.02, 55.0
23.02, 55.0
23.03, 55.1
22.97, 54.9
22.97, 54.9
22.87, 54.7
22.89, 54.7
22.95, 54.9
22.93, 54.8
22.91, 54.8
22.89, 54.7
22.97, 54.9
22.99, 55.0
23.05, 55.1
23.05, 55.1
23.03, 55.1
22.96, 54.9
22.87, 54.7
22.91, 54.8
22.93, 54.8
23.00, 55.0
23.01, 55.0
23.01, 55.0
23.02, 55.0
23.08, 55.2
23.09, 55.2
23.09, 55.2
23.05, 55.1
23.05, 55.1
23.05, 55.1
23.05, 55.1
23.00, 55.0
22.94, 54.8
23.00, 55.0
23.05, 55.1
23.01, 55.0
23.03, 55.1
22.89, 54.7
22.86, 54.6
22.91, 54.8
22.83, 54.6
22.83, 54.6
22.81, 54.5
22.78, 54.5
22.37, 53.4
22.30, 53.3
22.33, 53.3
22.32, 53.3
22.30, 53.3
22.27, 53.2
22.24, 53.1
22.29, 53.2
22.29, 53.2
22.27, 53.2
22.25, 53.1
22.23, 53.1
22.30, 53.3
22.24, 53.1
22.17, 52.9
22.19, 53.0
22.17, 52.9
22.13, 52.8
22.14, 52.9
22.18, 53.0
22.15, 52.9
22.09, 52.7
22.09, 52.7
22.10, 52.7
22.07, 52.7
22.07, 52.7
22.07, 52.7
22.05, 52.6
22.04, 52.6
22.03, 52.6
21.98, 52.4
21.95, 52.4
21.87, 52.2
21.86, 52.2
21.90, 52.2
21.91, 52.3
21.92, 52.3
22.01, 52.5
21.99, 52.5
22.02, 52.5
22.02, 52.5
21.98, 52.4
21.97, 52.4
21.98, 52.4
21.97, 52.4
21.96, 52.4
21.95, 52.4
21.95, 52.4
21.96, 52.4
21.92, 52.3
21.91, 52.3
21.85, 52.1
21.83, 52.1
21.84, 52.1
21.85, 52.1
21.83, 52.1
21.85, 52.1
21.85, 52.1
21.89, 52.2
21.89, 52.2
21.85, 52.1
21.81, 52.0
21.81, 52.0
21.81, 52.0
21.81, 52.0
21.81, 52.0
21.81, 52.0
21.81, 52.0
21.79, 52.0
21.81, 52.0
21.76, 51.9
21.71, 51.8
21.69, 51.7
21.67, 51.7
21.68, 51.7
21.67, 51.7
21.64, 51.6
21.62, 51.5
21.60, 51.5
21.59, 51.5
21.54, 51.3
21.53, 51.3
21.53, 51.3
21.58, 51.4
21.62, 51.5
21.54, 51.3
21.55, 51.4
21.56, 51.4
21.50, 51.2
21.45, 51.1
21.40, 51.0
21.34, 50.9
21.33, 50.8
21.35, 50.9
21.38, 50.9
21.36, 50.9
21.30, 50.8
21.23, 50.6
21.19, 50.5
21.16, 50.4
21.18, 50.5
21.15, 50.4
21.14, 50.4
21.14, 50.4
21.17, 50.4
21.24, 50.6
21.30, 50.8
21.48, 51.2
21.52, 51.3
21.52, 51.3
21.56, 51.4
21.59, 51.5
21.61, 51.5
21.63, 51.6
21.65, 51.6
21.65, 51.6
21.75, 51.9
21.76, 51.9
21.76, 51.9
21.79, 52.0
21.73, 51.8
21.70, 51.8
21.68, 51.7
21.68, 51.7
21.69, 51.7
21.70, 51.8
21.67, 51.7
21.59, 51.5
21.58, 51.4
21.60, 51.5
21.60, 51.5
21.55, 51.4
21.50, 51.2
21.46, 51.1
21.46, 51.1
21.46, 51.1
21.50, 51.2
21.54, 51.3
21.57, 51.4
21.55, 51.4
21.54, 51.3
21.58, 51.4
21.57, 51.4
21.53, 51.3
21.48, 51.2
21.50, 51.2
21.50, 51.2
21.54, 51.3
21.58, 51.4
21.58, 51.4
21.59, 51.5
21.60, 51.5
21.58, 51.4
21.57, 51.4
21.58, 51.4
21.59, 51.5
21.56, 51.4
21.57, 51.4
21.55, 51.4
21.54, 51.3
21.53, 51.3
21.55, 51.4
21.56, 51.4
21.55, 51.4
21.54, 51.3
21.55, 51.4
21.52, 51.3
21.52, 51.3
21.52, 51.3
21.52, 51.3
21.50, 51.2
21.51, 51.3
21.51, 51.3
21.50, 51.2
21.52, 51.3
21.52, 51.3
21.50, 51.2
21.50, 51.2
21.48, 51.2
21.48, 51.2
21.49, 51.2
21.49, 51.2
21.48, 51.2
21.49, 51.2
21.50, 51.2
21.49, 51.2
21.49, 51.2
21.48, 51.2
21.48, 51.2
21.49, 51.2
21.48, 51.2
21.46, 51.1
21.46, 51.1
21.45, 51.1
21.46, 51.1
21.48, 51.2
21.49, 51.2
21.50, 51.2
21.48, 51.2
21.47, 51.2
21.46, 51.1
21.46, 51.1
21.46, 51.1
21.45, 51.1
21.44, 51.1
21.45, 51.1
21.44, 51.1
21.42, 51.0
21.44, 51.1
21.44, 51.1
21.43, 51.1
21.43, 51.1
21.42, 51.0
21.40, 51.0
21.41, 51.0
21.35, 50.9
21.34, 50.9
21.36, 50.9
21.36, 50.9
21.37, 50.9
21.36, 50.9
21.35, 50.9
21.34, 50.9
21.32, 50.8
21.31, 50.8
21.32, 50.8
21.32, 50.8
21.33, 50.8
21.34, 50.9
21.36, 50.9
21.36, 50.9
21.36, 50.9
21.35, 50.9
21.34, 50.9
21.34, 50.9
21.35, 50.9
21.34, 50.9
21.34, 50.9
21.34, 50.9
21.33, 50.8
21.34, 50.9
21.34, 50.9
21.34, 50.9
21.34, 50.9
21.34, 50.9
21.34, 50.9
21.34, 50.9
21.34, 50.9
21.33, 50.8
21.32, 50.8
21.30, 50.8
21.30, 50.8
21.30, 50.8
21.30, 50.8
21.28, 50.7
21.27, 50.7
21.26, 50.7
21.24, 50.6
21.25, 50.6
21.25, 50.6
21.25, 50.6
21.24, 50.6
21.24, 50.6
21.24, 50.6
21.24, 50.6
21.22, 50.6
21.22, 50.6
21.21, 50.5
21.21, 50.5
21.20, 50.5
21.19, 50.5
21.20, 50.5
21.20, 50.5
21.20, 50.5
21.20, 50.5
21.17, 50.4
21.16, 50.4
21.16, 50.4
21.16, 50.4
21.17, 50.4
21.16, 50.4
21.15, 50.4
21.15, 50.4
21.17, 50.4
21.17, 50.4
21.18, 50.5
21.17, 50.4
21.17, 50.4
21.16, 50.4
21.15, 50.4
21.14, 50.4
21.13, 50.3
21.13, 50.3
21.13, 50.3
21.12, 50.3
21.13, 50.3
21.12, 50.3
21.12, 50.3
21.13, 50.3
21.13, 50.3
21.13, 50.3
21.13, 50.3
21.10, 50.2
21.11, 50.3
21.11, 50.3
21.10, 50.2
21.11, 50.3
21.12, 50.3
21.14, 50.3
21.11, 50.3
21.10, 50.2
21.08, 50.2
21.08, 50.2
21.07, 50.2
21.07, 50.2
21.07, 50.2
21.07, 50.2
21.07, 50.2
21.06, 50.1
21.07, 50.2
21.03, 50.1
21.01, 50.0
20.97, 49.9
20.98, 49.9
20.98, 49.9
21.00, 50.0
21.01, 50.0
21.03, 50.1
21.03, 50.1
21.02, 50.0
21.02, 50.0
21.01, 50.0
21.03, 50.1
21.04, 50.1
21.03, 50.1
21.03, 50.1
20.99, 50.0
20.98, 49.9
20.99, 50.0
20.99, 50.0
20.99, 50.0
21.00, 50.0
21.00, 50.0
21.01, 50.0
21.00, 50.0
21.01, 50.0
20.97, 49.9
20.98, 49.9
20.97, 49.9
20.97, 49.9
20.98, 49.9
20.97, 49.9
20.97, 49.9
20.96, 49.9
20.97, 49.9
20.95, 49.9
20.95, 49.9
20.95, 49.9
20.95, 49.9
20.94, 49.8
20.95, 49.9
20.95, 49.9
20.95, 49.9
20.96, 49.9
20.95, 49.9
20.93, 49.8
20.89, 49.7
20.88, 49.7
20.86, 49.7
20.87, 49.7
20.87, 49.7
20.87, 49.7
20.88, 49.7
20.87, 49.7
20.86, 49.7
20.87, 49.7
20.88, 49.7
20.87, 49.7
20.88, 49.7
20.88, 49.7
20.88, 49.7
20.87, 49.7
20.87, 49.7
20.87, 49.7
20.85, 49.6
20.85, 49.6
20.86, 49.7
20.86, 49.7
20.86, 49.7
20.85, 49.6
20.86, 49.7
20.85, 49.6
20.84, 49.6
20.82, 49.6
20.80, 49.5
20.78, 49.5
20.79, 49.5
20.79, 49.5
20.79, 49.5
20.79, 49.5
20.78, 49.5
20.78, 49.5
20.79, 49.5
20.77, 49.4
20.78, 49.5
20.77, 49.4
20.77, 49.4
20.77, 49.4
20.76, 49.4
20.76, 49.4
20.75, 49.4
20.75, 49.4
20.75, 49.4
20.75, 49.4
20.73, 49.3
20.74, 49.4
20.74, 49.4
20.75, 49.4
20.75, 49.4
20.75, 49.4
20.77, 49.4
20.76, 49.4
20.77, 49.4
20.76, 49.4
20.77, 49.4
20.77, 49.4
20.76, 49.4
20.75, 49.4
20.75, 49.4
20.75, 49.4
20.75, 49.4
20.75, 49.4
20.74, 49.4
20.73, 49.3
20.73, 49.3
20.73, 49.3
20.72, 49.3
20.71, 49.3
20.71, 49.3
20.71, 49.3
20.71, 49.3
20.72, 49.3
20.72, 49.3
20.73, 49.3
20.72, 49.3
20.71, 49.3
20.73, 49.3
20.73, 49.3
20.73, 49.3
20.68, 49.2
20.69, 49.2
20.65, 49.1
20.65, 49.1
20.64, 49.1
20.64, 49.1
20.64, 49.1
20.64, 49.1
20.65, 49.1
20.64, 49.1
20.64, 49.1
20.65, 49.1
20.64, 49.1
20.64, 49.1
20.64, 49.1
20.65, 49.1
20.65, 49.1
20.65, 49.1
20.64, 49.1
20.62, 49.0
20.62, 49.0
20.60, 49.0
20.58, 48.9
20.58, 48.9
20.57, 48.9
20.56, 48.9
20.58, 48.9
20.56, 48.9
20.57, 48.9
20.58, 48.9
20.58, 48.9
20.58, 48.9
20.58, 48.9
20.59, 49.0
20.58, 48.9
20.60, 49.0
20.58, 48.9
20.58, 48.9
20.58, 48.9
20.58, 48.9
20.57, 48.9
20.59, 49.0
20.58, 48.9
20.57, 48.9
20.57, 48.9
20.56, 48.9
20.58, 48.9
20.56, 48.9
20.54, 48.8
20.54, 48.8
20.54, 48.8
20.54, 48.8
20.54, 48.8
20.52, 48.8
20.52, 48.8
20.51, 48.8
20.50, 48.7
20.50, 48.7
20.50, 48.7
20.50, 48.7
20.50, 48.7
20.50, 48.7
20.51, 48.8
20.52, 48.8
20.50, 48.7
20.51, 48.8
20.50, 48.7
20.50, 48.7
20.50, 48.7
20.49, 48.7
20.50, 48.7
20.49, 48.7
20.46, 48.6
20.44, 48.6
20.42, 48.5
20.42, 48.5
20.42, 48.5
20.42, 48.5
20.44, 48.6
20.44, 48.6
20.44, 48.6
20.45, 48.6
20.45, 48.6
20.45, 48.6
20.44, 48.6
20.44, 48.6
20.44, 48.6
20.43, 48.6
20.44, 48.6
20.44, 48.6
20.43, 48.6
20.42, 48.5
20.44, 48.6
20.42, 48.5
20.40, 48.5
20.42, 48.5
20.41, 48.5
20.40, 48.5
20.42, 48.5
20.42, 48.5
20.41, 48.5
20.40, 48.5
20.39, 48.5
20.38, 48.5
20.37, 48.4
20.36, 48.4
20.36, 48.4
20.37, 48.4
20.38, 48.5
20.38, 48.5
20.33, 48.3
20.34, 48.4
20.34, 48.4
20.32, 48.3
20.32, 48.3
20.31, 48.3
20.33, 48.3
20.34, 48.4
20.39, 48.5
20.36, 48.4
20.34, 48.4
20.34, 48.4
20.32, 48.3
20.33, 48.3
20.36, 48.4
20.35, 48.4
20.36, 48.4
20.36, 48.4
20.37, 48.4
20.36, 48.4
20.36, 48.4
20.36, 48.4
20.36, 48.4
20.35, 48.4
20.36, 48.4
20.35, 48.4
20.34, 48.4
20.33, 48.3
20.33, 48.3
20.33, 48.3
20.34, 48.4
20.33, 48.3
20.33, 48.3
20.32, 48.3
20.33, 48.3
20.32, 48.3
20.32, 48.3
20.27, 48.2
20.27, 48.2
20.26, 48.2
20.27, 48.2
20.26, 48.2
20.26, 48.2
20.27, 48.2
20.28, 48.2
20.27, 48.2
20.28, 48.2
20.26, 48.2
20.27, 48.2
20.27, 48.2
20.27, 48.2
20.26, 48.2
20.28, 48.2
20.26, 48.2
20.24, 48.1
20.24, 48.1
20.22, 48.1
20.23, 48.1
20.22, 48.1
20.20, 48.0
20.22, 48.1
20.21, 48.0
20.22, 48.1
20.22, 48.1
20.21, 48.0
20.21, 48.0
20.18, 48.0
20.18, 48.0
20.18, 48.0
20.17, 47.9
20.16, 47.9
20.16, 47.9
20.17, 47.9
20.18, 48.0
20.16, 47.9
20.16, 47.9
20.15, 47.9
20.15, 47.9
20.14, 47.8
20.15, 47.9
20.15, 47.9
20.13, 47.8
20.13, 47.8
20.10, 47.7
20.10, 47.7
20.11, 47.8
20.10, 47.7
20.10, 47.7
20.11, 47.8
20.11, 47.8
20.10, 47.7
20.08, 47.7
20.08, 47.7
20.06, 47.6
20.07, 47.7
20.09, 47.7
20.08, 47.7
20.08, 47.7
20.07, 47.7
20.06, 47.6
20.05, 47.6
20.06, 47.6
20.06, 47.6
20.05, 47.6
20.04, 47.6
20.03, 47.6
20.03, 47.6
20.04, 47.6
20.03, 47.6
20.03, 47.6
20.01, 47.5
20.01, 47.5
20.01, 47.5
20.01, 47.5
20.00, 47.5
19.99, 47.5
20.01, 47.5
20.00, 47.5
20.00, 47.5
20.00, 47.5
20.01, 47.5
20.01, 47.5
20.00, 47.5
20.00, 47.5
19.99, 47.5
19.99, 47.5
19.99, 47.5
19.99, 47.5
19.98, 47.4
19.97, 47.4
19.97, 47.4
19.98, 47.4
19.96, 47.4
19.96, 47.4
19.95, 47.4
19.95, 47.4
19.96, 47.4
19.95, 47.4
19.97, 47.4
19.96, 47.4
19.95, 47.4
19.92, 47.3
19.91, 47.3
19.90, 47.3
19.90, 47.3
19.91, 47.3
19.91, 47.3
19.91, 47.3
19.91, 47.3
19.89, 47.2
19.90, 47.3
19.90, 47.3
19.90, 47.3
19.89, 47.2
19.89, 47.2
19.89, 47.2
19.87, 47.2
19.87, 47.2
19.87, 47.2
19.86, 47.2
19.86, 47.2
19.88, 47.2
19.87, 47.2
19.87, 47.2
19.85, 47.1
19.76, 46.9
19.77, 46.9
19.77, 46.9
19.78, 47.0
19.79, 47.0
19.78, 47.0
19.80, 47.0
19.81, 47.0
19.81, 47.0
19.80, 47.0
19.79, 47.0
19.79, 47.0
19.80, 47.0
19.78, 47.0
19.77, 46.9
19.77, 46.9
19.77, 46.9
19.76, 46.9
19.75, 46.9
19.75, 46.9
19.76, 46.9
19.75, 46.9
19.76, 46.9
19.75, 46.9
19.77, 46.9
19.75, 46.9
19.75, 46.9
19.76, 46.9
19.75, 46.9
19.75, 46.9
19.73, 46.8
19.72, 46.8
19.73, 46.8
19.71, 46.8
19.71, 46.8
19.71, 46.8
19.71, 46.8
19.69, 46.7
19.70, 46.8
19.70, 46.8
19.69, 46.7
19.70, 46.8
19.70, 46.8
19.70, 46.8
19.69, 46.7
19.68, 46.7
19.68, 46.7
19.67, 46.7
19.67, 46.7
19.67, 46.7
19.67, 46.7
19.67, 46.7
19.66, 46.7
19.67, 46.7
19.66, 46.6
19.66, 46.6
19.64, 46.6
19.64, 46.6
19.64, 46.6
19.63, 46.6
19.63, 46.6
19.62, 46.5
19.62, 46.5
19.62, 46.5
19.61, 46.5
19.62, 46.5
19.60, 46.5
19.60, 46.5
19.60, 46.5
19.60, 46.5
19.60, 46.5
19.58, 46.4
19.58, 46.4
19.58, 46.4
19.58, 46.4
19.58, 46.4
19.58, 46.4
19.57, 46.4
19.58, 46.4
19.55, 46.4
19.55, 46.4
19.55, 46.4
19.55, 46.4
19.53, 46.3
19.53, 46.3
19.53, 46.3
19.52, 46.3
19.51, 46.3
19.50, 46.2
19.50, 46.2
19.48, 46.2
19.50, 46.2
19.50, 46.2
19.50, 46.2
19.50, 46.2
19.48, 46.2
19.49, 46.2
19.48, 46.2
19.48, 46.2
19.48, 46.2
19.48, 46.2
19.49, 46.2
19.47, 46.2
19.47, 46.2
19.46, 46.1
19.45, 46.1
19.46, 46.1
19.44, 46.1
19.44, 46.1
19.43, 46.1
19.42, 46.1
19.40, 46.0
19.42, 46.1
19.42, 46.1
19.42, 46.1
19.40, 46.0
19.41, 46.0
19.40, 46.0
19.41, 46.0
19.41, 46.0
19.40, 46.0
19.41, 46.0
19.41, 46.0
19.38, 46.0
19.38, 46.0
19.38, 46.0
19.36, 45.9
19.34, 45.9
19.34, 45.9
19.34, 45.9
19.34, 45.9
19.33, 45.8
19.35, 45.9
19.34, 45.9
19.34, 45.9
19.34, 45.9
19.36, 45.9
19.35, 45.9
19.34, 45.9
19.34, 45.9
19.32, 45.8
19.34, 45.9
19.32, 45.8
19.32, 45.8
19.32, 45.8
19.32, 45.8
19.30, 45.8
19.29, 45.7
19.30, 45.8
19.28, 45.7
19.28, 45.7
19.29, 45.7
19.29, 45.7
19.28, 45.7
19.29, 45.7
19.30, 45.8
19.29, 45.7
19.30, 45.8
19.30, 45.8
19.29, 45.7
19.30, 45.8
19.29, 45.7
19.28, 45.7
19.28, 45.7
19.27, 45.7
19.26, 45.7
19.26, 45.7
19.24, 45.6
19.24, 45.6
19.25, 45.6
19.24, 45.6
19.24, 45.6
19.25, 45.6
19.25, 45.6
19.23, 45.6
19.25, 45.6
19.22, 45.6
19.24, 45.6
19.23, 45.6
19.23, 45.6
19.23, 45.6
19.22, 45.6
19.24, 45.6
19.22, 45.6
19.20, 45.5
19.20, 45.5
19.20, 45.5
19.18, 45.5
19.18, 45.4
19.18, 45.5
19.18, 45.5
19.18, 45.5
19.18, 45.5
19.19, 45.5
19.18, 45.5
19.19, 45.5
19.20, 45.5
19.20, 45.5
19.20, 45.5
19.17, 45.4
19.16, 45.4
19.16, 45.4
19.17, 45.4
19.17, 45.4
19.17, 45.4
19.18, 45.5
19.17, 45.4
19.16, 45.4
19.17, 45.4
19.15, 45.4
19.15, 45.4
19.13, 45.3
19.13, 45.3
19.12, 45.3
19.13, 45.3
19.13, 45.3
19.14, 45.3
19.14, 45.3
19.13, 45.3
19.11, 45.3
19.11, 45.3
19.10, 45.2
19.09, 45.2
19.09, 45.2
19.10, 45.2
19.08, 45.2
19.10, 45.2
19.09, 45.2
19.09, 45.2
19.11, 45.3
19.09, 45.2
19.09, 45.2
19.11, 45.3
19.11, 45.3
19.11, 45.3
19.11, 45.3
19.11, 45.3
19.11, 45.3
19.11, 45.3
19.12, 45.3
19.11, 45.3
19.10, 45.2
19.11, 45.3
19.10, 45.2
19.10, 45.2
19.07, 45.2
19.07, 45.2
19.08, 45.2
19.07, 45.2
19.07, 45.2
19.09, 45.2
19.09, 45.2
19.10, 45.2
19.09, 45.2
19.10, 45.2
19.09, 45.2
19.10, 45.2
19.08, 45.2
19.09, 45.2
19.09, 45.2
19.09, 45.2
19.08, 45.2
19.08, 45.2
19.08, 45.2
19.06, 45.1
19.07, 45.2
19.07, 45.2
19.11, 45.3
19.10, 45.2
19.11, 45.3
19.09, 45.2
19.09, 45.2
19.09, 45.2
19.11, 45.3
19.09, 45.2
19.11, 45.3
19.11, 45.3
19.10, 45.2
19.09, 45.2
19.07, 45.2
19.07, 45.2
19.06, 45.1
19.06, 45.1
19.07, 45.2
19.06, 45.1
19.09, 45.2
19.08, 45.2
19.08, 45.2
19.09, 45.2
19.07, 45.2
19.08, 45.2
19.07, 45.2
19.06, 45.1
19.06, 45.1
19.06, 45.1
19.05, 45.1
19.05, 45.1
19.06, 45.1
19.05, 45.1
19.07, 45.2
19.06, 45.1
19.07, 45.2
19.07, 45.2
19.08, 45.2
19.08, 45.2
19.08, 45.2
19.08, 45.2
19.09, 45.2
19.09, 45.2
19.09, 45.2
19.09, 45.2
19.09, 45.2
19.07, 45.2
19.08, 45.2
19.07, 45.2
19.07, 45.2
19.07, 45.2
19.07, 45.2
19.07, 45.2
19.05, 45.1
19.07, 45.2
19.06, 45.1
19.07, 45.2
19.05, 45.1
19.06, 45.1
19.07, 45.2
19.07, 45.2
19.09, 45.2
19.09, 45.2
19.08, 45.2
20.03, 47.6
20.49, 48.7
21.56, 51.4
21.98, 52.4
22.18, 53.0
22.33, 53.3
22.48, 53.7
22.62, 54.1
22.75, 54.4
22.85, 54.6
22.95, 54.9
23.05, 55.1
23.14, 55.4
23.23, 55.6
23.29, 55.7
23.35, 55.9
23.42, 56.0
23.50, 56.2
23.56, 56.4
23.59, 56.5
23.63, 56.6
23.70, 56.8
23.75, 56.9
23.78, 57.0
23.85, 57.1
23.89, 57.2
23.94, 57.3
24.01, 57.5
24.03, 57.6
24.05, 57.6
24.07, 57.7
24.12, 57.8
24.19, 58.0
24.21, 58.0
24.24, 58.1
24.29, 58.2
24.36, 58.4
24.38, 58.4
24.42, 58.5
24.43, 58.6
24.51, 58.8
24.54, 58.8
24.56, 58.9
24.58, 59.0
24.59, 59.0
24.61, 59.0
24.62, 59.1
24.66, 59.2
24.65, 59.1
24.69, 59.2
24.75, 59.4
24.75, 59.4
24.69, 59.2
24.65, 59.1
24.62, 59.1
24.43, 58.6
24.14, 57.9
23.88, 57.2
23.83, 57.1
23.65, 56.6
23.60, 56.5
23.52, 56.3
23.47, 56.2
23.43, 56.1
23.42, 56.0
23.46, 56.1
23.43, 56.1
23.48, 56.2
23.50, 56.2
23.56, 56.4
23.59, 56.5
23.86, 57.1
23.91, 57.3
24.03, 57.6
24.36, 58.4
24.61, 59.0
24.72, 59.3
24.85, 59.6
25.01, 60.0
24.87, 59.7
25.05, 60.1
25.12, 60.3
25.18, 60.5
25.25, 60.6
25.30, 60.8
25.32, 60.8
25.32, 60.8
25.32, 60.8
25.43, 61.1
25.36, 60.9
25.36, 60.9
25.43, 61.1
25.47, 61.2
25.56, 61.4
25.62, 61.6
25.61, 61.5
25.53, 61.3
25.58, 61.5
25.68, 61.7
25.78, 62.0
25.82, 62.0
25.82, 62.0
25.79, 62.0
25.82, 62.0
25.85, 62.1
25.82, 62.0
25.82, 62.0
25.89, 62.2
25.95, 62.4
25.95, 62.4
25.93, 62.3
26.03, 62.6
26.04, 62.6
26.06, 62.7
26.04, 62.6
26.02, 62.5
26.01, 62.5
25.98, 62.4
26.00, 62.5
25.94, 62.3
25.97, 62.4
25.98, 62.4
25.99, 62.5
26.10, 62.8
26.07, 62.7
26.05, 62.6
26.03, 62.6
25.90, 62.2
26.04, 62.6
26.03, 62.6
26.00, 62.5
25.98, 62.4
25.96, 62.4
25.96, 62.4
25.91, 62.3
25.82, 62.0
25.69, 61.7
25.65, 61.6
25.57, 61.4
25.48, 61.2
25.43, 61.1
25.35, 60.9
25.28, 60.7
25.22, 60.6
25.20, 60.5
25.13, 60.3
25.09, 60.2
25.01, 60.0
24.92, 59.8
24.72, 59.3
24.69, 59.2
24.64, 59.1
24.57, 58.9
24.45, 58.6
24.42, 58.5
24.35, 58.4
24.23, 58.1
24.28, 58.2
24.30, 58.3
24.29, 58.2
24.28, 58.2
24.10, 57.8
24.05, 57.6
24.03, 57.6
24.03, 57.6
24.04, 57.6
24.17, 57.9
24.18, 58.0
24.11, 57.8
24.07, 57.7
24.05, 57.6
24.03, 57.6
24.03, 57.6
23.95, 57.4
23.93, 57.3
23.91, 57.3
23.94, 57.3
23.96, 57.4
23.98, 57.4
23.99, 57.5
24.04, 57.6
24.00, 57.5
23.97, 57.4
24.02, 57.5
23.98, 57.4
23.97, 57.4
23.95, 57.4
23.91, 57.3
23.95, 57.4
23.97, 57.4
23.97, 57.4
23.95, 57.4
23.94, 57.3
24.01, 57.5
23.97, 57.4
23.97, 57.4
23.96, 57.4
23.96, 57.4
23.97, 57.4
23.91, 57.3
23.94, 57.3
23.96, 57.4
23.98, 57.4
24.03, 57.6
24.07, 57.7
24.08, 57.7
24.09, 57.7
24.08, 57.7
24.04, 57.6
24.11, 57.8
24.14, 57.9
24.14, 57.9
24.14, 57.9
24.19, 58.0
24.19, 58.0
24.26, 58.2
24.27, 58.2
24.26, 58.2
24.27, 58.2
24.20, 58.0
24.20, 58.0
24.27, 58.2
24.25, 58.1
24.26, 58.2
24.33, 58.3
24.38, 58.4
24.42, 58.5
24.43, 58.6
24.37, 58.4
24.29, 58.2
24.32, 58.3
24.33, 58.3
24.26, 58.2
24.24, 58.1
24.27, 58.2
24.44, 58.6
24.38, 58.4
24.54, 58.8
24.56, 58.9
24.51, 58.8
24.54, 58.8
24.58, 59.0
24.57, 58.9
24.58, 59.0
24.59, 59.0
24.56, 58.9
24.49, 58.7
24.44, 58.6
24.40, 58.5
24.36, 58.4
24.34, 58.3
24.36, 58.4
24.39, 58.5
24.37, 58.4
24.34, 58.3
24.34, 58.3
24.28, 58.2
24.33, 58.3
24.32, 58.3
24.20, 58.0
24.14, 57.9
24.21, 58.0
24.20, 58.0
24.09, 57.7
24.23, 58.1
24.24, 58.1
24.20, 58.0
24.07, 57.7
23.99, 57.5
23.97, 57.4
23.99, 57.5
24.09, 57.7
24.06, 57.6
24.07, 57.7
24.07, 57.7
24.08, 57.7
23.89, 57.2
23.87, 57.2
23.93, 57.3
23.98, 57.4
23.93, 57.3
23.97, 57.4
24.03, 57.6
24.01, 57.5
23.97, 57.4
23.72, 56.8
23.70, 56.8
23.73, 56.8
23.73, 56.8
23.77, 56.9
23.80, 57.0
23.77, 56.9
23.74, 56.9
23.69, 56.7
23.66, 56.7
23.66, 56.7
23.67, 56.7
23.61, 56.5
23.63, 56.6
23.57, 56.4
23.52, 56.3
23.58, 56.4
23.61, 56.5
23.63, 56.6
23.55, 56.4
23.55, 56.4
23.67, 56.7
23.69, 56.7
23.72, 56.8
23.73, 56.8
23.69, 56.7
23.71, 56.8
23.62, 56.6
23.76, 56.9
23.77, 56.9
23.75, 56.9
23.82, 57.1
23.81, 57.0
23.87, 57.2
23.88, 57.2
23.81, 57.0
23.81, 57.0
23.73, 56.8
23.73, 56.8
23.76, 56.9
23.71, 56.8
23.67, 56.7
23.62, 56.6
23.54, 56.3
23.56, 56.4
23.60, 56.5
23.58, 56.4
23.54, 56.3
23.51, 56.3
23.53, 56.3
23.52, 56.3
23.46, 56.1
23.39, 56.0
23.39, 56.0
23.42, 56.0
23.40, 56.0
23.35, 55.9
23.24, 55.6
23.23, 55.6
23.20, 55.5
23.22, 55.6
23.27, 55.7
23.28, 55.7
23.28, 55.7
23.22, 55.6
23.23, 55.6
23.21, 55.5
23.16, 55.4
23.15, 55.4
23.17, 55.4
23.06, 55.1
23.00, 55.0
23.02, 55.0
23.00, 55.0
22.99, 55.0
22.99, 55.0
22.95, 54.9
22.99, 55.0
22.95, 54.9
23.00, 55.0
23.06, 55.1
23.07, 55.2
23.06, 55.1
23.01, 55.0
22.95, 54.9
22.91, 54.8
22.90, 54.7
22.92, 54.8
22.97, 54.9
22.95, 54.9
22.82, 54.6
22.87, 54.7
22.89, 54.7
22.95, 54.9
22.93, 54.8
22.96, 54.9
22.87, 54.7
22.87, 54.7
22.87, 54.7
22.89, 54.7
22.91, 54.8
22.86, 54.6
22.84, 54.6
22.84, 54.6
22.81, 54.5
22.85, 54.6
22.89, 54.7
22.85, 54.6
22.81, 54.5
22.84, 54.6
22.82, 54.6
22.82, 54.6
22.84, 54.6
22.82, 54.6
22.93, 54.8
22.92, 54.8
22.90, 54.7
22.88, 54.7
22.87, 54.7
22.85, 54.6
22.88, 54.7
22.93, 54.8
23.03, 55.1
23.09, 55.2
23.07, 55.2
23.14, 55.4
23.17, 55.4
23.16, 55.4
23.23, 55.6
23.20, 55.5
23.21, 55.5
23.17, 55.4
23.18, 55.5
23.24, 55.6
23.28, 55.7
23.30, 55.8
23.31, 55.8
23.28, 55.7
23.27, 55.7
23.22, 55.6
23.22, 55.6
23.17, 55.4
23.14, 55.4
23.20, 55.5
23.23, 55.6
23.18, 55.5
23.16, 55.4
23.23, 55.6
23.20, 55.5
23.29, 55.7
23.32, 55.8
23.36, 55.9
23.42, 56.0
23.43, 56.1
23.45, 56.1
23.48, 56.2
23.51, 56.3
23.53, 56.3
23.62, 56.6
23.54, 56.3
23.46, 56.1
23.48, 56.2
23.56, 56.4
23.61, 56.5
23.65, 56.6
23.73, 56.8
23.85, 57.1
23.87, 57.2
23.89, 57.2
23.89, 57.2
23.97, 57.4
23.99, 57.5
24.14, 57.9
24.19, 58.0
24.23, 58.1
24.23, 58.1
24.25, 58.1
24.22, 58.1
24.24, 58.1
24.16, 57.9
24.20, 58.0
24.24, 58.1
24.31, 58.3
24.26, 58.2
24.32, 58.3
24.24, 58.1
24.25, 58.1
24.20, 58.0
24.19, 58.0
24.26, 58.2
24.26, 58.2
24.34, 58.3
24.30, 58.3
24.29, 58.2
24.32, 58.3
24.40, 58.5
24.32, 58.3
24.37, 58.4
24.31, 58.3
24.36, 58.4
24.35, 58.4
24.32, 58.3
24.31, 58.3
24.41, 58.5
24.51, 58.8
24.48, 58.7
24.55, 58.9
24.62, 59.1
24.63, 59.1
24.60, 59.0
24.57, 58.9
24.54, 58.8
24.55, 58.9
24.58, 59.0
24.56, 58.9
24.46, 58.6
24.51, 58.8
24.40, 58.5
24.38, 58.4
24.40, 58.5
24.26, 58.2
24.36, 58.4
24.33, 58.3
24.30, 58.3
24.35, 58.4
24.42, 58.5
24.37, 58.4
24.28, 58.2
24.31, 58.3
24.30, 58.3
24.32, 58.3
24.34, 58.3
24.43, 58.6
24.33, 58.3
24.32, 58.3
24.32, 58.3
24.32, 58.3
24.31, 58.3
24.22, 58.1
24.21, 58.0
24.29, 58.2
24.38, 58.4
24.49, 58.7
24.49, 58.7
24.40, 58.5
24.38, 58.4
24.38, 58.4
24.37, 58.4
24.36, 58.4
24.40, 58.5
24.31, 58.3
24.27, 58.2
24.28, 58.2
24.25, 58.1
24.17, 57.9
24.20, 58.0
24.28, 58.2
24.33, 58.3
24.33, 58.3
24.31, 58.3
24.18, 58.0
24.25, 58.1
24.22, 58.1
24.21, 58.0
24.24, 58.1
24.22, 58.1
24.19, 58.0
24.23, 58.1
24.20, 58.0
24.16, 57.9
24.17, 57.9
24.19, 58.0
24.20, 58.0
24.20, 58.0
24.21, 58.0
24.25, 58.1
24.22, 58.1
24.22, 58.1
24.20, 58.0
24.18, 58.0
24.04, 57.6
24.11, 57.8
24.13, 57.8
24.10, 57.8
24.05, 57.6
23.99, 57.5
24.04, 57.6
24.07, 57.7
24.08, 57.7
24.11, 57.8
24.07, 57.7
24.07, 57.7
24.05, 57.6
23.98, 57.4
23.92, 57.3
23.92, 57.3
23.85, 57.1
23.89, 57.2
23.74, 56.9
23.78, 57.0
23.83, 57.1
23.74, 56.9
23.69, 56.7
23.77, 56.9
23.78, 57.0
23.77, 56.9
23.72, 56.8
23.71, 56.8
23.64, 56.6
23.60, 56.5
23.67, 56.7
23.57, 56.4
23.58, 56.4
23.58, 56.4
23.61, 56.5
23.63, 56.6
23.72, 56.8
23.67, 56.7
23.71, 56.8
23.56, 56.4
23.45, 56.1
23.54, 56.3
23.48, 56.2
23.50, 56.2
23.50, 56.2
23.42, 56.0
23.49, 56.2
23.49, 56.2
23.42, 56.0
23.41, 56.0
23.52, 56.3
23.54, 56.3
23.56, 56.4
23.52, 56.3
23.52, 56.3
23.49, 56.2
23.54, 56.3
23.59, 56.5
23.53, 56.3
23.34, 55.9
23.43, 56.1
23.48, 56.2
23.46, 56.1
23.52, 56.3
23.54, 56.3
23.51, 56.3
23.56, 56.4
23.59, 56.5
23.63, 56.6
23.61, 56.5
23.53, 56.3
23.56, 56.4
23.62, 56.6
23.41, 56.0
23.38, 55.9
23.42, 56.0
23.49, 56.2
23.50, 56.2
23.45, 56.1
23.40, 56.0
23.51, 56.3
23.60, 56.5
23.65, 56.6
23.71, 56.8
23.71, 56.8
23.72, 56.8
23.70, 56.8
23.65, 56.6
23.59, 56.5
23.65, 56.6
23.67, 56.7
23.60, 56.5
23.36, 55.9
23.41, 56.0
23.43, 56.1
23.56, 56.4
23.50, 56.2
23.47, 56.2
23.37, 55.9
23.42, 56.0
23.39, 56.0
23.45, 56.1
23.45, 56.1
23.48, 56.2
23.30, 55.8
23.33, 55.8
23.29, 55.7
23.31, 55.8
23.38, 55.9
23.36, 55.9
23.33, 55.8
23.37, 55.9
23.41, 56.0
23.12, 55.3
23.16, 55.4
23.20, 55.5
23.20, 55.5
23.21, 55.5
23.25, 55.6
23.25, 55.6
23.27, 55.7
23.27, 55.7
23.05, 55.1
23.06, 55.1
23.08, 55.2
23.07, 55.2
23.03, 55.1
23.09, 55.2
23.16, 55.4
23.11, 55.3
23.10, 55.3
23.09, 55.2
23.05, 55.1
23.00, 55.0
23.00, 55.0
23.01, 55.0
23.06, 55.1
22.94, 54.8
22.86, 54.6
22.93, 54.8
22.92, 54.8
22.91, 54.8
22.92, 54.8
22.85, 54.6
22.71, 54.3
22.72, 54.3
22.69, 54.2
22.70, 54.3
22.67, 54.2
22.73, 54.3
22.76, 54.4
22.76, 54.4
22.61, 54.0
22.67, 54.2
22.61, 54.0
22.56, 53.9
22.64, 54.1
22.63, 54.1
22.60, 54.0
22.62, 54.1
22.61, 54.0
22.59, 54.0
22.63, 54.1
22.62, 54.1
22.62, 54.1
22.61, 54.0
22.67, 54.2
22.61, 54.0
22.63, 54.1
22.65, 54.1
22.63, 54.1
22.66, 54.2
22.69, 54.2
22.69, 54.2
22.64, 54.1
22.63, 54.1
22.65, 54.1
22.63, 54.1
22.60, 54.0
22.58, 53.9
22.56, 53.9
22.54, 53.8
22.51, 53.8
22.50, 53.7
22.34, 53.4
22.34, 53.4
22.36, 53.4
22.40, 53.5
22.43, 53.6
22.46, 53.6
22.48, 53.7
22.47, 53.7
22.45, 53.6
22.39, 53.5
22.41, 53.5
22.42, 53.5
22.42, 53.5
22.46, 53.6
22.44, 53.6
22.45, 53.6
22.45, 53.6
22.44, 53.6
22.44, 53.6
22.43, 53.6
22.35, 53.4
22.37, 53.4
22.28, 53.2
22.22, 53.1
22.22, 53.1
22.22, 53.1
22.24, 53.1
22.19, 53.0
22.20, 53.0
22.24, 53.1
22.22, 53.1
22.22, 53.1
22.19, 53.0
22.12, 52.8
22.11, 52.8
22.09, 52.7
22.09, 52.7
22.10, 52.7
22.10, 52.7
22.08, 52.7
22.04, 52.6
22.05, 52.6
22.05, 52.6
22.02, 52.5
22.02, 52.5
22.00, 52.5
21.99, 52.5
21.98, 52.4
21.97, 52.4
21.95, 52.4
21.94, 52.3
21.91, 52.3
21.89, 52.2
21.87, 52.2
21.86, 52.2
21.85, 52.1
21.80, 52.0
21.81, 52.0
21.83, 52.1
21.81, 52.0
21.81, 52.0
21.81, 52.0
21.81, 52.0
21.77, 51.9
21.74, 51.9
21.73, 51.8
21.74, 51.9
21.77, 51.9
21.71, 51.8
21.66, 51.7
21.57, 51.4
21.58, 51.4
21.62, 51.5
21.64, 51.6
21.59, 51.5
21.56, 51.4
21.56, 51.4
21.54, 51.3
21.52, 51.3
21.52, 51.3
21.50, 51.2
21.49, 51.2
21.48, 51.2
21.50, 51.2
21.60, 51.5
21.69, 51.7
21.78, 52.0
21.81, 52.0
21.83, 52.1
21.83, 52.1
21.87, 52.2
21.89, 52.2
21.91, 52.3
21.96, 52.4
21.92, 52.3
21.91, 52.3
21.89, 52.2
21.86, 52.2
21.85, 52.1
21.81, 52.0
21.80, 52.0
21.81, 52.0
21.81, 52.0
21.83, 52.1
21.83, 52.1
21.85, 52.1
21.88, 52.2
21.90, 52.2
21.95, 52.4
21.98, 52.4
21.98, 52.4
21.98, 52.4
21.99, 52.5
21.98, 52.4
21.93, 52.3
21.89, 52.2
21.88, 52.2
21.89, 52.2
21.89, 52.2
21.88, 52.2
21.85, 52.1
21.83, 52.1
21.81, 52.0
21.82, 52.1
21.81, 52.0
21.81, 52.0
21.76, 51.9
21.74, 51.9
21.73, 51.8
21.79, 52.0
21.81, 52.0
21.81, 52.0
21.81, 52.0
21.79, 52.0
21.77, 51.9
21.76, 51.9
21.74, 51.9
21.73, 51.8
21.73, 51.8
21.71, 51.8
21.69, 51.7
21.69, 51.7
21.71, 51.8
21.72, 51.8
21.73, 51.8
21.73, 51.8
21.72, 51.8
21.72, 51.8
21.71, 51.8
21.72, 51.8
21.73, 51.8
21.71, 51.8
21.71, 51.8
21.70, 51.8
21.71, 51.8
21.72, 51.8
21.66, 51.7
21.62, 51.6
21.62, 51.6
21.62, 51.5
21.62, 51.5
21.61, 51.5
21.60, 51.5
21.60, 51.5
21.60, 51.5
21.62, 51.5
21.62, 51.5
21.62, 51.5
21.61, 51.5
21.61, 51.5
21.62, 51.5
21.62, 51.5
21.61, 51.5
21.60, 51.5
21.62, 51.5
21.62, 51.6
21.62, 51.5
21.64, 51.6
21.64, 51.6
21.66, 51.7
21.67, 51.7
21.64, 51.6
21.63, 51.6
21.63, 51.6
21.62, 51.5
21.61, 51.5
21.62, 51.5
21.62, 51.5
21.61, 51.5
21.61, 51.5
21.60, 51.5
21.58, 51.4
21.56, 51.4
21.57, 51.4
21.55, 51.4
21.52, 51.3
21.48, 51.2
21.49, 51.2
21.49, 51.2
21.50, 51.2
21.51, 51.3
21.51, 51.3
21.52, 51.3
21.52, 51.3
21.52, 51.3
21.53, 51.3
21.52, 51.3
21.52, 51.3
21.53, 51.3
21.52, 51.3
21.51, 51.3
21.50, 51.2
21.48, 51.2
21.48, 51.2
21.48, 51.2
21.46, 51.1
21.46, 51.1
21.46, 51.1
21.45, 51.1
21.44, 51.1
21.44, 51.1
21.46, 51.1
21.46, 51.1
21.46, 51.1
21.45, 51.1
21.45, 51.1
21.44, 51.1
21.43, 51.1
21.41, 51.0
21.39, 51.0
21.38, 50.9
21.40, 51.0
21.40, 51.0
21.42, 51.0
21.42, 51.0
21.40, 51.0
21.41, 51.0
21.40, 51.0
21.41, 51.0
21.40, 51.0
21.39, 51.0
21.40, 51.0
21.39, 51.0
21.40, 51.0
21.39, 51.0
21.39, 51.0
21.39, 51.0
21.38, 50.9
21.38, 50.9
21.37, 50.9
21.36, 50.9
21.35, 50.9
21.35, 50.9
21.35, 50.9
21.32, 50.8
21.32, 50.8
21.30, 50.8
21.30, 50.8
21.31, 50.8
21.32, 50.8
21.30, 50.8
21.30, 50.8
21.32, 50.8
21.32, 50.8
21.32, 50.8
21.32, 50.8
21.30, 50.8
21.31, 50.8
21.30, 50.8
21.31, 50.8
21.30, 50.8
21.30, 50.8
21.31, 50.8
21.30, 50.8
21.30, 50.8
21.31, 50.8
21.31, 50.8
21.30, 50.8
21.32, 50.8
21.28, 50.7
21.28, 50.7
21.27, 50.7
21.26, 50.7
21.26, 50.7
21.26, 50.7
21.25, 50.6
21.26, 50.7
21.26, 50.7
21.26, 50.7
21.26, 50.7
21.26, 50.7
21.25, 50.6
21.22, 50.6
21.19, 50.5
21.19, 50.5
21.21, 50.5
21.20, 50.5
21.20, 50.5
21.22, 50.6
21.22, 50.6
21.24, 50.6
21.22, 50.6
21.23, 50.6
21.23, 50.6
21.22, 50.6
21.23, 50.6
21.21, 50.5
21.18, 50.5
21.19, 50.5
21.17, 50.4
21.19, 50.5
21.18, 50.5
21.19, 50.5
21.18, 50.5
21.19, 50.5
21.18, 50.5
21.18, 50.5
21.18, 50.5
21.18, 50.5
21.19, 50.5
21.18, 50.5
21.18, 50.5
21.17, 50.4
21.16, 50.4
21.17, 50.4
21.16, 50.4
21.18, 50.5
21.18, 50.5
21.18, 50.5
21.18, 50.5
21.18, 50.5
21.16, 50.4
21.14, 50.4
21.13, 50.3
21.09, 50.2
21.09, 50.2
21.08, 50.2
21.07, 50.2
21.09, 50.2
21.11, 50.3
21.11, 50.3
21.10, 50.2
21.07, 50.2
21.06, 50.1
21.05, 50.1
21.04, 50.1
21.05, 50.1
21.06, 50.1
21.05, 50.1
21.05, 50.1
21.05, 50.1
21.04, 50.1
21.05, 50.1
21.02, 50.0
21.02, 50.0
21.02, 50.0
21.02, 50.0
21.01, 50.0
21.01, 50.0
21.01, 50.0
21.00, 50.0
20.99, 50.0
20.99, 50.0
20.97, 49.9
20.97, 49.9
20.95, 49.9
20.96, 49.9
20.95, 49.9
20.94, 49.8
20.94, 49.8
20.95, 49.9
20.90, 49.7
20.91, 49.8
20.91, 49.8
20.93, 49.8
20.87, 49.7
20.88, 49.7
20.86, 49.7
20.83, 49.6
20.83, 49.6
20.82, 49.6
20.83, 49.6
20.83, 49.6
20.86, 49.7
20.87, 49.7
20.87, 49.7
20.85, 49.6
20.85, 49.6
20.86, 49.7
20.87, 49.7
20.83, 49.6
20.86, 49.7
20.87, 49.7
20.87, 49.7
20.87, 49.7
20.89, 49.7
20.89, 49.7
20.80, 49.5
20.79, 49.5
20.79, 49.5
20.79, 49.5
20.81, 49.5
20.81, 49.5
20.82, 49.6
20.79, 49.5
20.79, 49.5
20.80, 49.5
20.80, 49.5
20.83, 49.6
20.81, 49.5
20.80, 49.5
20.81, 49.5
20.81, 49.5
20.83, 49.6
20.83, 49.6
20.81, 49.5
20.80, 49.5
20.81, 49.5
20.79, 49.5
20.79, 49.5
20.81, 49.5
20.83, 49.6
20.81, 49.5
20.79, 49.5
20.79, 49.5
20.79, 49.5
20.79, 49.5
20.81, 49.5
20.84, 49.6
20.84, 49.6
20.83, 49.6
20.85, 49.6
20.85, 49.6
20.86, 49.7
20.85, 49.6
20.81, 49.5
20.77, 49.4
20.77, 49.4
20.77, 49.4
20.73, 49.3
20.74, 49.4
20.75, 49.4
20.74, 49.4
20.73, 49.3
20.75, 49.4
20.75, 49.4
20.75, 49.4
20.73, 49.3
20.69, 49.2
20.67, 49.2
20.65, 49.1
20.65, 49.1
20.67, 49.2
20.69, 49.2
20.70, 49.3
20.69, 49.2
20.72, 49.3
20.68, 49.2
20.67, 49.2
20.69, 49.2
20.71, 49.3
20.72, 49.3
20.73, 49.3
20.73, 49.3
20.73, 49.3
20.74, 49.4
20.73, 49.3
20.71, 49.3
20.73, 49.3
20.71, 49.3
20.72, 49.3
20.72, 49.3
20.72, 49.3
20.73, 49.3
20.74, 49.4
20.73, 49.3
20.72, 49.3
20.71, 49.3
20.72, 49.3
20.71, 49.3
20.72, 49.3
20.72, 49.3
20.72, 49.3
20.68, 49.2
20.69, 49.2
20.69, 49.2
20.68, 49.2
20.68, 49.2
20.68, 49.2
20.68, 49.2
20.68, 49.2
20.68, 49.2
20.68, 49.2
20.68, 49.2
20.68, 49.2
20.67, 49.2
20.69, 49.2
20.70, 49.3
20.71, 49.3
20.70, 49.3
20.71, 49.3
20.73, 49.3
20.71, 49.3
20.69, 49.2
20.69, 49.2
20.68, 49.2
20.67, 49.2
20.66, 49.2
20.66, 49.2
20.67, 49.2
20.66, 49.2
20.65, 49.1
20.65, 49.1
20.54, 48.8
20.52, 48.8
20.50, 48.7
20.50, 48.7
20.52, 48.8
20.53, 48.8
20.56, 48.9
20.58, 48.9
20.60, 49.0
20.62, 49.0
20.62, 49.0
20.62, 49.0
20.61, 49.0
20.60, 49.0
20.58, 48.9
20.58, 48.9
20.59, 49.0
20.59, 49.0
20.61, 49.0
20.60, 49.0
20.60, 49.0
20.61, 49.0
20.58, 48.9
20.58, 48.9
20.57, 48.9
20.56, 48.9
20.58, 48.9
20.58, 48.9
20.58, 48.9
20.57, 48.9
20.56, 48.9
20.56, 48.9
20.56, 48.9
20.55, 48.9
20.54, 48.8
20.55, 48.9
20.54, 48.8
20.49, 48.7
20.50, 48.7
20.51, 48.8
20.51, 48.8
20.52, 48.8
20.53, 48.8
20.52, 48.8
20.53, 48.8
20.54, 48.8
20.54, 48.8
20.51, 48.8
20.51, 48.8
20.49, 48.7
20.48, 48.7
20.49, 48.7
20.48, 48.7
20.46, 48.6
20.44, 48.6
20.38, 48.5
20.38, 48.5
20.38, 48.5
20.39, 48.5
20.38, 48.5
20.38, 48.5
20.40, 48.5
20.42, 48.5
20.41, 48.5
20.38, 48.5
20.36, 48.4
20.37, 48.4
20.37, 48.4
20.38, 48.5
20.36, 48.4
20.35, 48.4
20.35, 48.4
20.34, 48.4
20.36, 48.4
20.30, 48.3
20.31, 48.3
20.28, 48.2
20.30, 48.3
20.28, 48.2
20.30, 48.3
20.27, 48.2
20.25, 48.1
20.25, 48.1
20.27, 48.2
20.30, 48.3
20.31, 48.3
20.32, 48.3
20.33, 48.3
20.30, 48.3
20.30, 48.3
20.28, 48.2
20.28, 48.2
20.27, 48.2
20.23, 48.1
20.21, 48.0
20.21, 48.0
20.20, 48.0
20.18, 48.0
20.16, 47.9
20.14, 47.8
20.13, 47.8
20.14, 47.8
20.13, 47.8
20.13, 47.8
20.13, 47.8
20.15, 47.9
20.15, 47.9
20.15, 47.9
20.14, 47.8
20.13, 47.8
20.14, 47.8
20.16, 47.9
20.16, 47.9
20.15, 47.9
20.13, 47.8
20.12, 47.8
20.13, 47.8
20.12, 47.8
20.11, 47.8
20.07, 47.7
20.06, 47.6
20.04, 47.6
20.02, 47.5
20.05, 47.6
20.03, 47.6
20.04, 47.6
20.04, 47.6
20.04, 47.6
20.04, 47.6
20.01, 47.5
20.01, 47.5
20.02, 47.5
20.00, 47.5
19.99, 47.5
20.01, 47.5
20.03, 47.6
20.01, 47.5
20.03, 47.6
20.01, 47.5
19.99, 47.5
19.98, 47.4
19.97, 47.4
19.97, 47.4
19.95, 47.4
19.95, 47.4
19.95, 47.4
19.95, 47.4
19.97, 47.4
19.97, 47.4
19.97, 47.4
19.96, 47.4
19.96, 47.4
19.97, 47.4
19.97, 47.4
19.97, 47.4
19.98, 47.4
19.97, 47.4
19.97, 47.4
19.97, 47.4
19.98, 47.4
19.98, 47.4
19.98, 47.4
19.98, 47.4
19.98, 47.4
19.98, 47.4
19.98, 47.4
19.99, 47.5
19.99, 47.5
19.98, 47.4
19.97, 47.4
19.95, 47.4
19.93, 47.3
19.92, 47.3
19.93, 47.3
19.92, 47.3
19.91, 47.3
19.91, 47.3
19.91, 47.3
19.91, 47.3
19.90, 47.3
19.89, 47.2
19.88, 47.2
19.89, 47.2
19.88, 47.2
19.89, 47.2
19.90, 47.3
19.89, 47.2
19.88, 47.2
19.89, 47.2
19.87, 47.2
19.85, 47.1
19.84, 47.1
19.84, 47.1
19.83, 47.1
19.82, 47.1
19.84, 47.1
19.83, 47.1
19.83, 47.1
19.83, 47.1
19.81, 47.0
19.82, 47.1
19.83, 47.1
19.83, 47.1
19.83, 47.1
19.83, 47.1
19.83, 47.1
19.79, 47.0
19.78, 47.0
19.80, 47.0
19.79, 47.0
19.79, 47.0
19.78, 47.0
19.79, 47.0
19.80, 47.0
19.79, 47.0
19.77, 46.9
19.77, 46.9
19.77, 46.9
19.77, 46.9
19.77, 46.9
19.76, 46.9
19.75, 46.9
19.76, 46.9
19.77, 46.9
19.75, 46.9
19.76, 46.9
19.77, 46.9
19.77, 46.9
19.76, 46.9
19.77, 46.9
19.77, 46.9
19.76, 46.9
19.76, 46.9
19.75, 46.9
19.75, 46.9
19.75, 46.9
19.72, 46.8
19.71, 46.8
19.72, 46.8
19.71, 46.8
19.72, 46.8
19.71, 46.8
19.69, 46.7
19.69, 46.7
19.70, 46.8
19.71, 46.8
19.71, 46.8
19.70, 46.8
19.71, 46.8
19.71, 46.8
19.71, 46.8
19.71, 46.8
19.70, 46.8
19.70, 46.8
19.70, 46.8
19.70, 46.8
19.69, 46.7
19.68, 46.7
19.67, 46.7
19.68, 46.7
19.69, 46.7
19.69, 46.7
19.69, 46.7
19.69, 46.7
19.70, 46.8
19.67, 46.7
19.66, 46.7
19.67, 46.7
19.66, 46.6
19.66, 46.6
19.66, 46.7
19.66, 46.6
19.66, 46.7
19.66, 46.7
19.66, 46.6
19.66, 46.6
19.65, 46.6
19.64, 46.6
19.65, 46.6
19.65, 46.6
19.66, 46.6
19.66, 46.7
19.67, 46.7
19.67, 46.7
19.67, 46.7
19.65, 46.6
19.66, 46.6
19.66, 46.6
19.64, 46.6
19.66, 46.6
19.66, 46.6
19.66, 46.6
19.66, 46.6
19.66, 46.6
19.64, 46.6
19.64, 46.6
19.64, 46.6
19.63, 46.6
19.64, 46.6
19.65, 46.6
19.66, 46.6
19.64, 46.6
19.64, 46.6
19.64, 46.6
19.64, 46.6
19.62, 46.5
19.62, 46.5
19.62, 46.5
19.63, 46.6
19.63, 46.6
19.64, 46.6
19.63, 46.6
19.62, 46.5
19.62, 46.5
19.63, 46.6
19.63, 46.6
19.62, 46.5
19.62, 46.5
19.62, 46.5
19.61, 46.5
19.62, 46.5
19.64, 46.6
19.62, 46.5
19.64, 46.6
19.62, 46.5
19.64, 46.6
19.64, 46.6
19.64, 46.6
19.64, 46.6
19.64, 46.6
19.63, 46.6
19.63, 46.6
19.62, 46.5
19.62, 46.5
19.62, 46.5
19.61, 46.5
19.62, 46.5
19.62, 46.5
19.62, 46.5
19.62, 46.5
19.62, 46.5
19.61, 46.5
19.63, 46.6
19.63, 46.6
19.62, 46.5
19.63, 46.6
19.62, 46.5
19.62, 46.5
19.62, 46.5
19.62, 46.5
19.63, 46.6
19.62, 46.5
19.62, 46.5
19.62, 46.5
19.60, 46.5
19.60, 46.5
19.60, 46.5
19.60, 46.5
19.59, 46.5
19.58, 46.4
19.58, 46.4
19.57, 46.4
19.56, 46.4
19.56, 46.4
19.55, 46.4
19.56, 46.4
19.55, 46.4
19.56, 46.4
19.56, 46.4
19.57, 46.4
19.58, 46.4
19.56, 46.4
19.56, 46.4
19.57, 46.4
19.56, 46.4
19.55, 46.4
19.54, 46.3
19.56, 46.4
19.55, 46.4
19.54, 46.3
19.55, 46.4
19.55, 46.4
19.55, 46.4
19.54, 46.3
19.53, 46.3
19.55, 46.4
19.53, 46.3
19.52, 46.3
19.54, 46.3
19.51, 46.3
19.52, 46.3
19.52, 46.3
19.50, 46.2
19.52, 46.3
19.50, 46.2
19.52, 46.3
19.51, 46.3
19.52, 46.3
19.52, 46.3
19.51, 46.3
19.51, 46.3
19.50, 46.2
19.50, 46.2
19.51, 46.3
19.51, 46.3
19.50, 46.2
19.50, 46.2
19.50, 46.2
19.51, 46.3
19.52, 46.3
19.51, 46.3
19.51, 46.3
19.50, 46.2
19.50, 46.2
19.48, 46.2
19.48, 46.2
19.48, 46.2
19.48, 46.2
19.47, 46.2
19.47, 46.2
19.49, 46.2
19.48, 46.2
19.48, 46.2
19.48, 46.2
19.48, 46.2
19.48, 46.2
19.49, 46.2
19.48, 46.2
19.49, 46.2
19.49, 46.2
19.51, 46.3
19.50, 46.2
19.50, 46.2
19.48, 46.2
19.50, 46.2
19.47, 46.2
19.47, 46.2
19.48, 46.2
19.48, 46.2
19.48, 46.2
19.48, 46.2
19.48, 46.2
19.47, 46.2
19.47, 46.2
19.46, 46.1
19.44, 46.1
19.46, 46.1
19.44, 46.1
19.45, 46.1
19.46, 46.1
19.46, 46.1
19.45, 46.1
19.45, 46.1
19.45, 46.1
19.45, 46.1
19.45, 46.1
19.46, 46.1
19.46, 46.1
19.46, 46.1
19.46, 46.1
19.45, 46.1
19.45, 46.1
19.42, 46.1
19.43, 46.1
19.42, 46.1
19.42, 46.1
19.42, 46.1
19.43, 46.1
19.43, 46.1
19.42, 46.1
19.42, 46.1
19.41, 46.0
19.41, 46.0
19.40, 46.0
19.41, 46.0
19.41, 46.0
19.40, 46.0
19.42, 46.1
19.41, 46.0
19.42, 46.1
19.42, 46.1
19.42, 46.1
19.42, 46.1
19.42, 46.1
19.41, 46.0
19.40, 46.0
19.41, 46.0
19.41, 46.0
19.42, 46.1
19.42, 46.1
19.42, 46.1
19.41, 46.0
19.40, 46.0
19.41, 46.0
19.40, 46.0
19.39, 46.0
19.39, 46.0
19.40, 46.0
19.40, 46.0
19.40, 46.0
19.40, 46.0
19.40, 46.0
19.39, 46.0
19.38, 46.0
19.38, 46.0
19.37, 45.9
19.38, 46.0
19.38, 46.0
19.38, 46.0
19.37, 45.9
19.37, 45.9
19.38, 46.0
19.38, 46.0
19.37, 45.9
19.37, 45.9
19.36, 45.9
19.36, 45.9
19.37, 45.9
19.36, 45.9
19.35, 45.9
19.34, 45.9
19.34, 45.9
19.34, 45.9
19.33, 45.8
19.33, 45.8
19.33, 45.8
19.34, 45.9
19.32, 45.8
19.32, 45.8
19.32, 45.8
19.32, 45.8
19.31, 45.8
19.32, 45.8
19.32, 45.8
19.30, 45.8
19.32, 45.8
19.30, 45.8
19.32, 45.8
19.30, 45.8
19.30, 45.8
19.29, 45.7
19.30, 45.8
19.30, 45.8
19.29, 45.7
19.29, 45.7
19.29, 45.7
19.26, 45.7
19.28, 45.7
19.28, 45.7
19.28, 45.7
19.28, 45.7
19.28, 45.7
19.26, 45.7
19.25, 45.6
19.26, 45.7
19.24, 45.6
19.23, 45.6
19.24, 45.6
19.26, 45.7
19.23, 45.6
19.23, 45.6
19.22, 45.6
19.23, 45.6
19.22, 45.6
19.23, 45.6
19.21, 45.5
19.24, 45.6
19.23, 45.6
19.22, 45.6
19.22, 45.6
19.20, 45.5
19.20, 45.5
19.20, 45.5
19.19, 45.5
19.20, 45.5
19.20, 45.5
19.20, 45.5
19.20, 45.5
19.20, 45.5
19.19, 45.5
19.19, 45.5
19.18, 45.5
19.18, 45.5
19.18, 45.5
19.17, 45.4
19.17, 45.4
19.17, 45.4
19.16, 45.4
19.16, 45.4
19.17, 45.4
19.16, 45.4
19.16, 45.4
19.16, 45.4
19.17, 45.4
19.15, 45.4
19.15, 45.4
19.14, 45.3
19.14, 45.3
19.15, 45.4
19.14, 45.3
19.15, 45.4
19.14, 45.3
19.15, 45.4
19.16, 45.4
19.16, 45.4
19.14, 45.3
19.15, 45.4
19.14, 45.3
19.15, 45.4
19.14, 45.3
19.15, 45.4
19.13, 45.3
19.11, 45.3
19.11, 45.3
19.09, 45.2
19.09, 45.2
19.09, 45.2
19.09, 45.2
19.08, 45.2
19.08, 45.2
19.09, 45.2
19.08, 45.2
19.10, 45.2
19.09, 45.2
19.07, 45.2
19.09, 45.2
19.09, 45.2
19.08, 45.2
19.08, 45.2
19.08, 45.2
19.07, 45.2
19.07, 45.2
19.07, 45.2
19.09, 45.2
19.09, 45.2
19.09, 45.2
19.09, 45.2
19.09, 45.2
19.08, 45.2
19.08, 45.2
19.07, 45.2
19.08, 45.2
19.08, 45.2
19.07, 45.2
19.08, 45.2
19.07, 45.2
19.07, 45.2
19.07, 45.2
19.06, 45.1
19.04, 45.1
19.05, 45.1
19.05, 45.1
19.08, 45.2
19.07, 45.2
19.08, 45.2
19.09, 45.2
19.09, 45.2
19.10, 45.2
19.09, 45.2
19.11, 45.3
19.11, 45.3
19.09, 45.2
19.08, 45.2
19.09, 45.2
19.08, 45.2
19.08, 45.2
19.07, 45.2
19.08, 45.2
19.08, 45.2
19.09, 45.2
19.09, 45.2
19.11, 45.3
19.11, 45.3
19.09, 45.2
19.11, 45.3
19.11, 45.3
19.10, 45.2
19.12, 45.3
19.11, 45.3
19.12, 45.3
19.13, 45.3
19.12, 45.3
19.12, 45.3
19.13, 45.3
19.13, 45.3
19.14, 45.3
19.15, 45.4
19.17, 45.4
19.15, 45.4
19.16, 45.4
19.17, 45.4
19.18, 45.5
19.19, 45.5
19.19, 45.5
19.20, 45.5
19.21, 45.5
19.20, 45.5
19.20, 45.5
19.21, 45.5
19.20, 45.5
19.22, 45.6
19.23, 45.6
19.22, 45.6
19.24, 45.6
19.25, 45.6
19.25, 45.6
19.28, 45.7
19.30, 45.8
19.29, 45.7
19.30, 45.8
19.30, 45.8
19.30, 45.8
19.30, 45.8
19.31, 45.8
19.33, 45.8
19.34, 45.9
19.34, 45.9
19.36, 45.9
19.38, 46.0
19.38, 46.0
19.40, 46.0
19.40, 46.0
19.41, 46.0
19.42, 46.1
19.43, 46.1
19.48, 46.2
19.49, 46.2
19.50, 46.2
19.52, 46.3
19.52, 46.3
19.52, 46.3
19.52, 46.3
19.52, 46.3
19.53, 46.3
19.53, 46.3
19.54, 46.3
19.57, 46.4
19.58, 46.4
19.60, 46.5
19.64, 46.6
19.63, 46.6
19.66, 46.7
19.69, 46.7
19.74, 46.9
19.75, 46.9
19.79, 47.0
19.82, 47.1
19.85, 47.1
19.89, 47.2
19.91, 47.3
19.93, 47.3
19.95, 47.4
19.99, 47.5
20.04, 47.6
20.05, 47.6
20.07, 47.7
20.09, 47.7
20.12, 47.8
20.15, 47.9
20.23, 48.1
20.26, 48.2
20.35, 48.4
20.48, 48.7
20.50, 48.7
20.55, 48.9
20.63, 49.1
20.65, 49.1
20.67, 49.2
20.67, 49.2
20.71, 49.3
20.74, 49.4
20.75, 49.4
20.77, 49.4
20.78, 49.5
20.80, 49.5
20.81, 49.5
20.85, 49.6
20.86, 49.7
20.89, 49.7
20.91, 49.8
20.95, 49.9
20.96, 49.9
21.02, 50.0
21.05, 50.1
21.09, 50.2
21.17, 50.4
21.19, 50.5
21.23, 50.6
21.28, 50.7
21.30, 50.8
21.32, 50.8
21.34, 50.9
21.37, 50.9
21.37, 50.9
21.40, 51.0
21.42, 51.0
21.46, 51.1
21.49, 51.2
21.50, 51.2
21.50, 51.2
21.51, 51.3
21.57, 51.4
21.59, 51.5
21.61, 51.5
21.62, 51.5
21.67, 51.7
21.69, 51.7
21.73, 51.8
21.77, 51.9
21.78, 52.0
21.81, 52.0
21.87, 52.2
21.91, 52.3
21.93, 52.3
21.95, 52.4
21.96, 52.4
21.97, 52.4
22.02, 52.5
22.06, 52.6
22.10, 52.7
22.13, 52.8
22.16, 52.9
22.21, 53.0
22.23, 53.1
22.23, 53.1
22.25, 53.1
22.24, 53.1
22.28, 53.2
22.27, 53.2
22.30, 53.3
22.34, 53.4
22.36, 53.4
22.38, 53.4
22.43, 53.6
22.49, 53.7
22.52, 53.8
22.54, 53.8
22.63, 54.1
22.63, 54.1
22.63, 54.1
22.62, 54.1
22.61, 54.0
22.61, 54.0
22.60, 54.0
22.59, 54.0
22.55, 53.9
22.55, 53.9
22.49, 53.7
22.47, 53.7
22.46, 53.6
22.44, 53.6
22.42, 53.5
22.40, 53.5
22.38, 53.4
22.36, 53.4
22.33, 53.3
22.31, 53.3
22.27, 53.2
22.25, 53.1
22.26, 53.2
22.21, 53.0
22.19, 53.0
22.20, 53.0
22.24, 53.1
22.28, 53.2
22.34, 53.4
22.42, 53.5
22.47, 53.7
22.52, 53.8
22.55, 53.9
22.59, 54.0
22.63, 54.1
22.74, 54.4
22.77, 54.4
22.81, 54.5
22.89, 54.7
22.93, 54.8
22.97, 54.9
23.03, 55.1
23.04, 55.1
23.07, 55.2
23.10, 55.3
23.12, 55.3
23.15, 55.4
23.19, 55.5
23.22, 55.6
23.24, 55.6
23.26, 55.7
23.32, 55.8
23.34, 55.9
23.35, 55.9
23.40, 56.0
23.42, 56.0
23.45, 56.1
23.48, 56.2
23.51, 56.3
23.52, 56.3
23.57, 56.4
23.59, 56.5
23.60, 56.5
23.63, 56.6
23.66, 56.7
23.63, 56.6
23.65, 56.6
23.67, 56.7
23.66, 56.7
23.70, 56.8
23.76, 56.9
23.76, 56.9
23.80, 57.0
23.83, 57.1
23.87, 57.2
23.96, 57.4
23.98, 57.4
24.01, 57.5
24.04, 57.6
24.06, 57.6
24.08, 57.7
24.10, 57.8
24.11, 57.8
24.13, 57.8
24.14, 57.9
24.18, 58.0
24.19, 58.0
24.22, 58.1
24.26, 58.2
24.26, 58.2
24.29, 58.2
24.32, 58.3
24.33, 58.3
24.36, 58.4
24.38, 58.4
24.41, 58.5
24.43, 58.6
24.44, 58.6
24.47, 58.7
24.49, 58.7
24.48, 58.7
24.49, 58.7
24.51, 58.8
24.53, 58.8
24.55, 58.9
24.57, 58.9
24.56, 58.9
24.60, 59.0
24.63, 59.1
24.64, 59.1
24.66, 59.2
24.65, 59.1
24.68, 59.2
24.66, 59.2
24.67, 59.2
24.69, 59.2
24.71, 59.3
24.70, 59.3
24.74, 59.4
24.76, 59.4
24.78, 59.5
24.79, 59.5
24.81, 59.5
24.82, 59.5
24.82, 59.5
24.85, 59.6
24.87, 59.7
24.89, 59.7
24.89, 59.7
24.91, 59.8
24.91, 59.8
24.95, 59.9
24.96, 59.9
24.95, 59.9
24.95, 59.9
24.99, 60.0
25.00, 60.0
25.01, 60.0
25.04, 60.1
25.05, 60.1
25.05, 60.1
25.08, 60.2
25.09, 60.2
25.10, 60.3
25.11, 60.3
25.14, 60.4
25.16, 60.4
25.18, 60.5
25.18, 60.5
25.17, 60.4
25.17, 60.4
25.17, 60.4
25.20, 60.5
25.21, 60.5
25.23, 60.6
25.26, 60.7
25.26, 60.7
25.27, 60.7
25.28, 60.7
25.30, 60.8
25.30, 60.8
25.33, 60.8
25.34, 60.8
25.34, 60.8
25.33, 60.8
25.34, 60.8
25.34, 60.8
25.36, 60.9
25.38, 60.9
25.38, 60.9
25.42, 61.0
25.46, 61.1
25.48, 61.2
25.50, 61.2
25.51, 61.3
25.54, 61.3
25.55, 61.4
25.55, 61.4
25.57, 61.4
25.60, 61.5
25.65, 61.6
25.67, 61.7
25.71, 61.8
25.74, 61.9
25.74, 61.9
25.75, 61.9
25.79, 62.0
25.81, 62.0
25.82, 62.0
25.82, 62.0
25.82, 62.0
25.82, 62.0
25.83, 62.1
25.85, 62.1
25.88, 62.2
25.90, 62.2
25.92, 62.3
25.95, 62.4
25.95, 62.4
25.94, 62.3
25.97, 62.4
25.97, 62.4
25.97, 62.4
25.98, 62.4
26.01, 62.5
26.03, 62.6
26.07, 62.7
26.08, 62.7
26.10, 62.8
26.12, 62.8
26.13, 62.8
26.18, 63.0
26.23, 63.1
26.23, 63.1
26.27, 63.2
26.24, 63.1
26.28, 63.2
26.26, 63.2
26.28, 63.2
26.27, 63.2
26.26, 63.2
26.25, 63.1
26.27, 63.2
26.29, 63.2
26.31, 63.3
26.31, 63.3
26.37, 63.4
26.33, 63.3
26.38, 63.4
26.42, 63.5
26.50, 63.7
26.52, 63.8
26.52, 63.8
26.56, 63.9
26.57, 63.9
26.57, 63.9
26.57, 63.9
26.54, 63.9
26.55, 63.9
26.62, 64.1
26.65, 64.1
26.68, 64.2
26.70, 64.3
26.70, 64.3
26.71, 64.3
26.73, 64.3
26.75, 64.4
26.73, 64.3
26.69, 64.2
26.72, 64.3
26.78, 64.4
26.80, 64.5
26.81, 64.5
26.82, 64.5
26.90, 64.7
26.93, 64.8
26.95, 64.9
26.95, 64.9
26.92, 64.8
26.93, 64.8
26.94, 64.8
26.89, 64.7
26.91, 64.8
26.91, 64.8
26.89, 64.7
26.90, 64.7
26.89, 64.7
26.91, 64.8
26.91, 64.8
26.90, 64.7
26.89, 64.7
26.89, 64.7
26.85, 64.6
26.85, 64.6
26.89, 64.7
26.93, 64.8
26.94, 64.8
26.96, 64.9
26.99, 65.0
26.98, 64.9
26.99, 65.0
27.02, 65.1
27.02, 65.0
27.02, 65.0
27.02, 65.0
27.02, 65.1
27.03, 65.1
27.03, 65.1
27.02, 65.0
27.08, 65.2
27.08, 65.2
27.08, 65.2
27.10, 65.3
27.07, 65.2
27.00, 65.0
26.99, 65.0
26.94, 64.8
26.96, 64.9
27.04, 65.1
27.04, 65.1
27.06, 65.2
27.06, 65.2
27.06, 65.2
27.07, 65.2
27.07, 65.2
27.08, 65.2
27.08, 65.2
27.09, 65.2
27.09, 65.2
27.11, 65.3
27.09, 65.2
27.10, 65.3
27.13, 65.3
27.15, 65.4
27.10, 65.3
27.04, 65.1
27.02, 65.0
27.02, 65.0
27.08, 65.2
27.13, 65.3
27.08, 65.2
27.12, 65.3
27.12, 65.3
27.15, 65.4
27.19, 65.5
27.21, 65.5
27.19, 65.5
27.16, 65.4
27.10, 65.3
27.19, 65.5
27.22, 65.6
27.22, 65.6
27.24, 65.6
27.24, 65.6
27.26, 65.7
27.24, 65.6
27.22, 65.6
27.21, 65.5
27.20, 65.5
27.21, 65.5
27.21, 65.5
27.20, 65.5
27.20, 65.5
27.22, 65.6
27.21, 65.5
27.19, 65.5
27.16, 65.4
27.14, 65.4
27.14, 65.4
27.13, 65.3
27.13, 65.3
27.12, 65.3
27.12, 65.3
27.13, 65.3
27.14, 65.4
27.08, 65.2
27.07, 65.2
27.10, 65.3
27.10, 65.3
27.11, 65.3
27.09, 65.2
27.10, 65.3
27.10, 65.3
27.12, 65.3
27.13, 65.3
27.14, 65.4
27.14, 65.4
27.15, 65.4
27.19, 65.5
27.21, 65.5
27.28, 65.7
27.28, 65.7
27.30, 65.7
27.30, 65.7
27.30, 65.7
27.29, 65.7
27.26, 65.7
27.24, 65.6
27.22, 65.6
27.24, 65.6
27.26, 65.7
27.25, 65.6
27.24, 65.6
27.27, 65.7
27.22, 65.6
27.21, 65.5
27.17, 65.4
27.19, 65.5
27.19, 65.5
27.24, 65.6
27.22, 65.6
27.21, 65.5
27.20, 65.5
27.20, 65.5
27.20, 65.5
27.23, 65.6
27.25, 65.6
27.26, 65.7
27.21, 65.5
27.20, 65.5
27.18, 65.5
27.18, 65.5
27.14, 65.4
27.13, 65.3
27.13, 65.3
27.13, 65.3
27.18, 65.5
27.18, 65.5
27.18, 65.5
27.17, 65.4
27.16, 65.4
27.14, 65.4
27.14, 65.4
27.02, 65.0
26.99, 65.0
26.97, 64.9
26.92, 64.8
26.91, 64.8
26.81, 64.5
26.80, 64.5
26.77, 64.4
26.73, 64.3
26.72, 64.3
26.69, 64.2
26.65, 64.1
26.65, 64.1
26.64, 64.1
26.61, 64.0
26.59, 64.0
26.59, 64.0
26.61, 64.0
26.63, 64.1
26.65, 64.1
26.63, 64.1
26.65, 64.1
26.65, 64.1
26.67, 64.2
26.66, 64.2
26.65, 64.1
26.65, 64.1
26.64, 64.1
26.62, 64.1
26.58, 64.0
26.55, 63.9
26.51, 63.8
26.52, 63.8
26.50, 63.7
26.48, 63.7
26.51, 63.8
26.48, 63.7
26.51, 63.8
26.53, 63.8
26.52, 63.8
26.55, 63.9
26.53, 63.8
26.56, 63.9
26.55, 63.9
26.55, 63.9
26.55, 63.9
26.55, 63.9
26.56, 63.9
26.53, 63.8
26.52, 63.8
26.46, 63.6
26.44, 63.6
26.44, 63.6
26.38, 63.4
26.38, 63.4
26.37, 63.4
26.38, 63.4
26.38, 63.4
26.39, 63.5
26.42, 63.5
26.46, 63.6
26.48, 63.7
26.48, 63.7
26.42, 63.5
26.34, 63.3
26.19, 63.0
26.17, 62.9
26.17, 62.9
26.16, 62.9
26.13, 62.8
26.14, 62.9
26.11, 62.8
26.17, 62.9
26.18, 63.0
26.18, 63.0
26.16, 62.9
26.20, 63.0
26.26, 63.2
26.24, 63.1
26.20, 63.0
26.15, 62.9
26.14, 62.9
26.11, 62.8
26.09, 62.7
26.11, 62.8
26.21, 63.0
26.24, 63.1
26.27, 63.2
26.33, 63.3
26.36, 63.4
26.36, 63.4
26.32, 63.3
26.31, 63.3
26.33, 63.3
26.34, 63.3
26.36, 63.4
26.37, 63.4
26.41, 63.5
26.42, 63.5
26.44, 63.6
26.42, 63.5
26.41, 63.5
26.40, 63.5
26.42, 63.5
26.45, 63.6
26.41, 63.5
26.26, 63.2
26.21, 63.0
26.18, 63.0
26.17, 62.9
26.16, 62.9
26.17, 62.9
26.16, 62.9
26.13, 62.8
26.12, 62.8
26.10, 62.8
26.10, 62.8
26.08, 62.7
26.12, 62.8
26.08, 62.7
26.08, 62.7
26.06, 62.7
26.04, 62.6
26.05, 62.6
26.10, 62.8
26.10, 62.8
26.09, 62.7
26.06, 62.7
26.05, 62.6
26.04, 62.6
26.04, 62.6
26.04, 62.6
26.04, 62.6
26.02, 62.5
26.02, 62.5
25.98, 62.4
25.99, 62.5
25.95, 62.4
25.93, 62.3
25.91, 62.3
25.90, 62.2
25.94, 62.3
25.88, 62.2
25.85, 62.1
25.84, 62.1
25.82, 62.0
25.85, 62.1
25.83, 62.1
25.84, 62.1
25.88, 62.2
25.91, 62.3
25.92, 62.3
25.87, 62.2
25.87, 62.2
25.87, 62.2
25.83, 62.1
25.85, 62.1
25.87, 62.2
25.87, 62.2
25.88, 62.2
25.88, 62.2
25.85, 62.1
25.83, 62.1
25.82, 62.0
25.82, 62.0
25.82, 62.0
25.80, 62.0
25.81, 62.0
25.77, 61.9
25.74, 61.9
25.78, 62.0
25.81, 62.0
25.82, 62.0
25.82, 62.0
25.82, 62.0
25.82, 62.0
25.82, 62.0
25.82, 62.0
25.82, 62.0
25.82, 62.0
25.82, 62.0
25.82, 62.0
25.79, 62.0
25.76, 61.9
25.75, 61.9
25.72, 61.8
25.69, 61.7
25.67, 61.7
25.64, 61.6
25.61, 61.5
25.60, 61.5
25.55, 61.4
25.47, 61.2
25.45, 61.1
25.44, 61.1
25.43, 61.1
25.42, 61.0
25.40, 61.0
25.39, 61.0
25.38, 60.9
25.39, 61.0
25.37, 60.9
25.36, 60.9
25.36, 60.9
25.37, 60.9
25.38, 60.9
25.37, 60.9
25.36, 60.9
25.37, 60.9
25.36, 60.9
25.34, 60.8
25.34, 60.8
25.33, 60.8
25.31, 60.8
25.29, 60.7
25.29, 60.7
25.27, 60.7
25.26, 60.7
25.26, 60.7
25.22, 60.6
25.22, 60.6
25.22, 60.6
25.18, 60.5
25.14, 60.4
25.12, 60.3
25.12, 60.3
25.12, 60.3
25.10, 60.3
25.12, 60.3
25.10, 60.3
25.12, 60.3
25.12, 60.3
25.11, 60.3
25.11, 60.3
25.12, 60.3
25.10, 60.3
25.10, 60.3
25.10, 60.3
25.10, 60.3
25.10, 60.3
25.10, 60.3
25.10, 60.3
25.10, 60.3
25.10, 60.3
25.10, 60.3
25.07, 60.2
25.06, 60.2
25.07, 60.2
25.05, 60.1
25.05, 60.1
25.04, 60.1
25.05, 60.1
25.04, 60.1
25.03, 60.1
25.01, 60.0
25.01, 60.0
25.01, 60.0
25.01, 60.0
25.00, 60.0
25.00, 60.0
25.00, 60.0
24.99, 60.0
24.99, 60.0
24.98, 59.9
24.96, 59.9
24.94, 59.8
24.95, 59.9
24.94, 59.8
24.93, 59.8
24.94, 59.8
24.95, 59.9
24.92, 59.8
24.91, 59.8
24.89, 59.7
24.89, 59.7
24.89, 59.7
24.88, 59.7
24.87, 59.7
24.87, 59.7
24.87, 59.7
24.88, 59.7
24.88, 59.7
24.87, 59.7
24.86, 59.6
24.86, 59.6
24.83, 59.6
24.82, 59.5
24.79, 59.5
24.77, 59.4
24.76, 59.4
24.75, 59.4
24.75, 59.4
24.71, 59.3
24.70, 59.3
24.69, 59.2
24.69, 59.2
24.67, 59.2
24.67, 59.2
24.67, 59.2
24.66, 59.2
24.65, 59.1
24.66, 59.2
24.63, 59.1
24.63, 59.1
24.59, 59.0
24.55, 58.9
24.54, 58.8
24.52, 58.8
24.51, 58.8
24.52, 58.8
24.52, 58.8
24.49, 58.7
24.47, 58.7
24.46, 58.6
24.45, 58.6
24.44, 58.6
24.41, 58.5
24.40, 58.5
24.28, 58.2
24.28, 58.2
24.24, 58.1
24.23, 58.1
24.21, 58.0
24.20, 58.0
24.17, 57.9
24.15, 57.9
24.14, 57.9
24.10, 57.8
24.10, 57.8
24.10, 57.8
24.09, 57.7
24.10, 57.8
24.08, 57.7
24.07, 57.7
24.06, 57.6
24.05, 57.6
24.05, 57.6
24.03, 57.6
24.03, 57.6
24.00, 57.5
23.99, 57.5
23.93, 57.3
23.90, 57.2
23.88, 57.2
23.83, 57.1
23.80, 57.0
23.81, 57.0
23.79, 57.0
23.78, 57.0
23.75, 56.9
23.75, 56.9
23.74, 56.9
23.72, 56.8
23.73, 56.8
23.72, 56.8
23.71, 56.8
23.72, 56.8
23.71, 56.8
23.71, 56.8
23.71, 56.8
23.69, 56.7
23.68, 56.7
23.65, 56.6
23.65, 56.6
23.66, 56.7
23.62, 56.6
23.61, 56.5
23.62, 56.6
23.59, 56.5
23.59, 56.5
23.58, 56.4
23.56, 56.4
23.55, 56.4
23.56, 56.4
23.55, 56.4
23.52, 56.3
23.52, 56.3
23.50, 56.2
23.48, 56.2
23.47, 56.2
23.46, 56.1
23.46, 56.1
23.45, 56.1
23.45, 56.1
23.41, 56.0
23.39, 56.0
23.37, 55.9
23.36, 55.9
23.35, 55.9
23.34, 55.9
23.34, 55.9
23.32, 55.8
23.32, 55.8
23.30, 55.8
23.30, 55.8
23.30, 55.8
23.29, 55.7
23.28, 55.7
23.26, 55.7
23.23, 55.6
23.21, 55.5
23.18, 55.5
23.16, 55.4
23.16, 55.4
23.16, 55.4
23.15, 55.4
23.13, 55.3
23.13, 55.3
23.12, 55.3
23.09, 55.2
23.09, 55.2
23.09, 55.2
23.08, 55.2
23.06, 55.1
23.06, 55.1
23.05, 55.1
23.05, 55.1
23.04, 55.1
23.05, 55.1
23.03, 55.1
23.02, 55.0
23.02, 55.0
23.00, 55.0
22.99, 55.0
22.99, 55.0
23.00, 55.0
23.01, 55.0
23.00, 55.0
22.99, 55.0
22.99, 55.0
22.98, 54.9
22.97, 54.9
22.97, 54.9
22.96, 54.9
22.95, 54.9
22.95, 54.9
22.96, 54.9
22.95, 54.9
22.95, 54.9
22.94, 54.8
22.93, 54.8
22.92, 54.8
22.90, 54.7
22.89, 54.7
22.89, 54.7
22.89, 54.7
22.89, 54.7
22.89, 54.7
22.87, 54.7
22.87, 54.7
22.87, 54.7
22.87, 54.7
22.86, 54.6
22.84, 54.6
22.83, 54.6
22.84, 54.6
22.83, 54.6
22.84, 54.6
22.83, 54.6
22.82, 54.6
22.81, 54.5
22.79, 54.5
22.79, 54.5
22.77, 54.4
22.77, 54.4
22.77, 54.4
22.77, 54.4
22.78, 54.5
22.77, 54.4
22.75, 54.4
22.75, 54.4
22.73, 54.3
22.72, 54.3
22.72, 54.3
22.71, 54.3
22.69, 54.2
22.69, 54.2
22.69, 54.2
22.69, 54.2
22.69, 54.2
22.68, 54.2
22.67, 54.2
22.67, 54.2
22.69, 54.2
22.66, 54.2
22.65, 54.1
22.65, 54.1
22.65, 54.1
22.65, 54.1
22.65, 54.1
22.65, 54.1
22.66, 54.2
22.64, 54.1
22.63, 54.1
22.63, 54.1
22.62, 54.1
22.61, 54.0
22.61, 54.0
22.61, 54.0
22.61, 54.0
22.61, 54.0
22.61, 54.0
22.61, 54.0
22.60, 54.0
22.60, 54.0
22.58, 53.9
22.58, 53.9
22.57, 53.9
22.57, 53.9
22.56, 53.9
22.56, 53.9
22.55, 53.9
22.55, 53.9
22.54, 53.8
22.53, 53.8
22.54, 53.8
22.53, 53.8
22.54, 53.8
22.52, 53.8
22.54, 53.8
22.54, 53.8
22.53, 53.8
22.52, 53.8
22.51, 53.8
22.50, 53.7
22.49, 53.7
22.49, 53.7
22.46, 53.6
22.46, 53.6
22.45, 53.6
22.42, 53.5
22.42, 53.5
22.42, 53.5
22.43, 53.6
22.44, 53.6
22.43, 53.6
22.42, 53.5
22.42, 53.5
22.42, 53.5
22.42, 53.5
22.41, 53.5
22.41, 53.5
22.40, 53.5
22.40, 53.5
22.40, 53.5
22.41, 53.5
22.41, 53.5
22.40, 53.5
22.39, 53.5
22.40, 53.5
22.38, 53.4
22.36, 53.4
22.35, 53.4
22.37, 53.4
22.36, 53.4
22.36, 53.4
22.36, 53.4
22.35, 53.4
22.29, 53.2
22.31, 53.3
22.30, 53.3
22.30, 53.3
22.32, 53.3
22.31, 53.3
22.32, 53.3
22.33, 53.3
22.32, 53.3
22.32, 53.3
22.31, 53.3
22.30, 53.3
22.29, 53.2
22.30, 53.3
22.30, 53.3
22.30, 53.3
22.30, 53.3
22.30, 53.3
22.30, 53.3
22.29, 53.2
22.28, 53.2
22.28, 53.2
22.27, 53.2
22.26, 53.2
22.25, 53.1
22.25, 53.1
22.25, 53.1
22.24, 53.1
22.25, 53.1
22.24, 53.1
22.23, 53.1
22.23, 53.1
22.23, 53.1
22.22, 53.1
22.23, 53.1
22.22, 53.1
22.22, 53.1
22.23, 53.1
22.22, 53.1
22.20, 53.0
22.19, 53.0
22.19, 53.0
22.18, 53.0
22.18, 53.0
22.18, 53.0
22.17, 52.9
22.18, 53.0
22.16, 52.9
22.14, 52.9
22.12, 52.8
22.11, 52.8
22.11, 52.8
22.11, 52.8
22.11, 52.8
22.12, 52.8
22.11, 52.8
22.12, 52.8
22.11, 52.8
22.11, 52.8
22.11, 52.8
22.11, 52.8
22.11, 52.8
22.09, 52.7
22.10, 52.7
22.11, 52.8
22.11, 52.8
22.11, 52.8
22.10, 52.7
22.11, 52.8
22.07, 52.7
22.05, 52.6
22.05, 52.6
22.05, 52.6
22.04, 52.6
22.05, 52.6
22.06, 52.6
22.04, 52.6
22.05, 52.6
22.03, 52.6
22.01, 52.5
22.01, 52.5
22.00, 52.5
22.00, 52.5
22.01, 52.5
22.03, 52.6
22.01, 52.5
22.00, 52.5
21.99, 52.5
21.98, 52.4
21.98, 52.4
21.98, 52.4
22.00, 52.5
21.98, 52.4
21.99, 52.5
21.98, 52.4
21.99, 52.5
21.97, 52.4
21.96, 52.4
21.96, 52.4
21.95, 52.4
21.96, 52.4
21.94, 52.3
21.93, 52.3
21.94, 52.3
21.94, 52.3
21.95, 52.4
21.95, 52.4
21.91, 52.3
21.93, 52.3
21.91, 52.3
21.91, 52.3
21.92, 52.3
21.93, 52.3
21.93, 52.3
21.93, 52.3
21.91, 52.3
21.89, 52.2
21.89, 52.2
21.90, 52.2
21.89, 52.2
21.91, 52.3
21.89, 52.2
21.91, 52.3
21.90, 52.2
21.89, 52.2
21.89, 52.2
21.87, 52.2
21.86, 52.2
21.87, 52.2
21.85, 52.1
21.86, 52.2
21.87, 52.2
21.86, 52.2
21.87, 52.2
21.85, 52.1
21.87, 52.2
21.86, 52.2
21.88, 52.2
21.88, 52.2
21.84, 52.1
21.84, 52.1
21.83, 52.1
21.83, 52.1
21.81, 52.0
21.81, 52.0
21.81, 52.0
21.81, 52.0
21.81, 52.0
21.81, 52.0
21.81, 52.0
21.81, 52.0
21.81, 52.0
21.81, 52.0
21.81, 52.0
21.81, 52.0
21.81, 52.0
21.81, 52.0
21.81, 52.0
21.81, 52.0
21.81, 52.0
21.81, 52.0
21.81, 52.0
21.81, 52.0
21.81, 52.0
21.81, 52.0
21.81, 52.0
21.81, 52.0
21.79, 52.0
21.77, 51.9
21.77, 51.9
21.77, 51.9
21.75, 51.9
21.76, 51.9
21.76, 51.9
21.75, 51.9
21.74, 51.9
21.74, 51.9
21.74, 51.9
21.73, 51.8
21.73, 51.8
21.73, 51.8
21.74, 51.9
21.73, 51.8
21.73, 51.8
21.74, 51.9
21.73, 51.8
21.72, 51.8
21.73, 51.8
21.71, 51.8
21.70, 51.8
21.70, 51.8
21.69, 51.7
21.69, 51.7
21.69, 51.7
21.68, 51.7
21.68, 51.7
21.67, 51.7
21.67, 51.7
21.67, 51.7
21.66, 51.7
21.64, 51.6
21.63, 51.6
21.64, 51.6
21.63, 51.6
21.63, 51.6
21.63, 51.6
21.62, 51.6
21.62, 51.5
21.62, 51.5
21.62, 51.6
21.62, 51.5
21.62, 51.5
21.61, 51.5
21.61, 51.5
21.60, 51.5
21.61, 51.5
21.60, 51.5
21.61, 51.5
21.60, 51.5
21.59, 51.5
21.60, 51.5
21.60, 51.5
21.59, 51.5
21.58, 51.4
21.56, 51.4
21.56, 51.4
21.54, 51.3
21.55, 51.4
21.55, 51.4
21.54, 51.3
21.55, 51.4
21.53, 51.3
21.53, 51.3
21.52, 51.3
21.53, 51.3
21.52, 51.3
21.52, 51.3
21.51, 51.3
21.51, 51.3
21.52, 51.3
21.50, 51.2
21.50, 51.2
21.51, 51.3
21.51, 51.3
21.50, 51.2
21.51, 51.3
21.49, 51.2
21.49, 51.2
21.50, 51.2
21.48, 51.2
21.46, 51.1
21.47, 51.2
21.46, 51.1
21.46, 51.1
21.45, 51.1
21.44, 51.1
21.46, 51.1
21.44, 51.1
21.44, 51.1
21.44, 51.1
21.43, 51.1
21.44, 51.1
21.43, 51.1
21.43, 51.1
21.43, 51.1
21.43, 51.1
21.43, 51.1
21.42, 51.0
21.42, 51.0
21.41, 51.0
21.41, 51.0
21.40, 51.0
21.40, 51.0
21.40, 51.0
21.40, 51.0
21.40, 51.0
21.38, 50.9
21.38, 50.9
21.37, 50.9
21.37, 50.9
21.38, 50.9
21.36, 50.9
21.36, 50.9
21.35, 50.9
21.34, 50.9
21.34, 50.9
21.35, 50.9
21.35, 50.9
21.34, 50.9
21.34, 50.9
21.34, 50.9
21.32, 50.8
21.32, 50.8
21.33, 50.8
21.31, 50.8
21.31, 50.8
21.32, 50.8
21.31, 50.8
21.29, 50.7
21.30, 50.8
21.29, 50.7
21.28, 50.7
21.27, 50.7
21.26, 50.7
21.27, 50.7
21.28, 50.7
21.26, 50.7
21.26, 50.7
21.25, 50.6
21.26, 50.7
21.25, 50.6
21.26, 50.7
21.25, 50.6
21.26, 50.7
21.26, 50.7
21.26, 50.7
21.25, 50.6
21.25, 50.6
21.24, 50.6
21.24, 50.6
21.23, 50.6
21.22, 50.6
21.22, 50.6
21.21, 50.5
21.22, 50.6
21.20, 50.5
21.20, 50.5
21.19, 50.5
21.20, 50.5
21.19, 50.5
21.18, 50.5
21.18, 50.5
21.17, 50.4
21.18, 50.5
21.18, 50.5
21.16, 50.4
21.16, 50.4
21.17, 50.4
21.18, 50.5
21.17, 50.4
21.18, 50.5
21.18, 50.5
21.17, 50.4
21.16, 50.4
21.16, 50.4
21.16, 50.4
21.16, 50.4
21.16, 50.4
21.16, 50.4
21.16, 50.4
21.16, 50.4
21.15, 50.4
21.16, 50.4
21.16, 50.4
21.16, 50.4
21.16, 50.4
21.16, 50.4
21.15, 50.4
21.14, 50.4
21.14, 50.4
21.14, 50.4
21.14, 50.3
21.13, 50.3
21.14, 50.3
21.13, 50.3
21.13, 50.3
21.13, 50.3
21.12, 50.3
21.11, 50.3
21.11, 50.3
21.13, 50.3
21.11, 50.3
21.10, 50.2
21.12, 50.3
21.11, 50.3
21.12, 50.3
21.11, 50.3
21.11, 50.3
21.11, 50.3
21.10, 50.2
21.09, 50.2
21.09, 50.2
21.10, 50.2
21.09, 50.2
21.07, 50.2
21.07, 50.2
21.09, 50.2
21.09, 50.2
21.07, 50.2
21.05, 50.1
21.07, 50.2
21.06, 50.1
21.05, 50.1
21.04, 50.1
21.05, 50.1
21.05, 50.1
21.03, 50.1
21.03, 50.1
21.03, 50.1
21.03, 50.1
21.03, 50.1
21.04, 50.1
21.03, 50.1
21.03, 50.1
21.03, 50.1
21.03, 50.1
21.02, 50.0
21.02, 50.0
21.01, 50.0
21.02, 50.0
21.01, 50.0
21.02, 50.0
21.00, 50.0
21.00, 50.0
21.00, 50.0
20.99, 50.0
20.97, 49.9
20.97, 49.9
20.99, 50.0
20.97, 49.9
20.99, 50.0
21.00, 50.0
20.99, 50.0
20.99, 50.0
20.98, 49.9
20.96, 49.9
20.96, 49.9
20.96, 49.9
20.96, 49.9
20.93, 49.8
20.92, 49.8
20.91, 49.8
20.91, 49.8
20.90, 49.7
20.89, 49.7
20.89, 49.7
20.89, 49.7
20.90, 49.7
20.89, 49.7
20.89, 49.7
20.88, 49.7
20.88, 49.7
20.87, 49.7
20.86, 49.7
20.85, 49.6
20.85, 49.6
20.83, 49.6
20.81, 49.5
20.82, 49.6
20.83, 49.6
20.83, 49.6
20.85, 49.6
20.83, 49.6
20.81, 49.5
20.80, 49.5
20.79, 49.5
20.78, 49.5
20.78, 49.5
20.79, 49.5
20.78, 49.5
20.77, 49.4
20.77, 49.4
20.78, 49.5
20.77, 49.4
20.77, 49.4
20.77, 49.4
20.75, 49.4
20.75, 49.4
20.74, 49.4
20.74, 49.4
20.74, 49.4
20.75, 49.4
20.73, 49.3
20.74, 49.4
20.75, 49.4
20.74, 49.4
20.72, 49.3
20.69, 49.2
20.70, 49.3
20.68, 49.2
20.68, 49.2
20.68, 49.2
20.68, 49.2
20.69, 49.2
20.69, 49.2
20.70, 49.3
20.69, 49.2
20.71, 49.3
20.70, 49.3
20.69, 49.2
20.67, 49.2
20.67, 49.2
20.68, 49.2
20.69, 49.2
20.68, 49.2
20.67, 49.2
20.68, 49.2
20.67, 49.2
20.67, 49.2
20.64, 49.1
20.65, 49.1
20.64, 49.1
20.64, 49.1
20.64, 49.1
20.64, 49.1
20.64, 49.1
20.62, 49.0
20.58, 48.9
20.58, 48.9
20.58, 48.9
20.59, 49.0
20.59, 49.0
20.60, 49.0
20.60, 49.0
20.60, 49.0
20.60, 49.0
20.59, 49.0
20.58, 48.9
20.58, 48.9
20.56, 48.9
20.57, 48.9
20.58, 48.9
20.58, 48.9
20.58, 48.9
20.58, 48.9
20.58, 48.9
20.57, 48.9
20.56, 48.9
20.56, 48.9
20.55, 48.9
20.54, 48.8
20.54, 48.8
20.54, 48.8
20.53, 48.8
20.54, 48.8
20.55, 48.9
20.55, 48.9
20.55, 48.9
20.56, 48.9
20.57, 48.9
20.55, 48.9
20.56, 48.9
20.54, 48.8
20.54, 48.8
20.55, 48.9
20.56, 48.9
20.56, 48.9
20.56, 48.9
20.55, 48.9
20.55, 48.9
20.54, 48.8
20.55, 48.9
20.54, 48.8
20.55, 48.9
20.56, 48.9
20.54, 48.8
20.54, 48.8
20.54, 48.8
20.55, 48.9
20.55, 48.9
20.55, 48.9
20.53, 48.8
20.54, 48.8
20.52, 48.8
20.52, 48.8
20.53, 48.8
20.52, 48.8
20.53, 48.8
20.54, 48.8
20.54, 48.8
20.53, 48.8
20.54, 48.8
20.54, 48.8
20.53, 48.8
20.52, 48.8
20.54, 48.8
20.52, 48.8
20.53, 48.8
20.52, 48.8
20.52, 48.8
20.52, 48.8
20.52, 48.8
20.51, 48.8
20.50, 48.7
20.51, 48.8
20.51, 48.8
20.52, 48.8
20.51, 48.8
20.51, 48.8
20.51, 48.8
20.50, 48.7
20.51, 48.8
20.50, 48.7
20.50, 48.7
20.50, 48.7
20.50, 48.7
20.50, 48.7
20.50, 48.7
20.50, 48.7
20.50, 48.7
20.48, 48.7
20.49, 48.7
20.49, 48.7
20.49, 48.7
20.50, 48.7
20.48, 48.7
20.49, 48.7
20.48, 48.7
20.47, 48.7
20.48, 48.7
20.48, 48.7
20.48, 48.7
20.48, 48.7
20.48, 48.7
20.48, 48.7
20.47, 48.7
20.46, 48.6
20.46, 48.6
20.46, 48.6
20.45, 48.6
20.45, 48.6
20.44, 48.6
20.41, 48.5
20.41, 48.5
20.40, 48.5
20.39, 48.5
20.39, 48.5
20.38, 48.5
20.38, 48.5
20.40, 48.5
20.39, 48.5
20.39, 48.5
20.40, 48.5
20.39, 48.5
20.39, 48.5
20.40, 48.5
20.40, 48.5
20.40, 48.5
20.40, 48.5
20.41, 48.5
20.40, 48.5
20.40, 48.5
20.40, 48.5
20.37, 48.4
20.38, 48.5
20.37, 48.4
20.37, 48.4
20.37, 48.4
20.36, 48.4
20.34, 48.4
20.34, 48.4
20.33, 48.3
20.32, 48.3
20.30, 48.3
20.30, 48.3
20.30, 48.3
20.29, 48.2
20.32, 48.3
20.32, 48.3
20.31, 48.3
20.32, 48.3
20.32, 48.3
20.32, 48.3
20.31, 48.3
20.31, 48.3
20.32, 48.3
20.31, 48.3
20.33, 48.3
20.32, 48.3
20.32, 48.3
20.33, 48.3
20.34, 48.4
20.34, 48.4
20.34, 48.4
20.32, 48.3
20.31, 48.3
20.30, 48.3
20.29, 48.2
20.31, 48.3
20.28, 48.2
20.27, 48.2
20.27, 48.2
20.26, 48.2
20.24, 48.1
20.24, 48.1
20.24, 48.1
20.24, 48.1
20.26, 48.2
20.26, 48.2
20.26, 48.2
20.25, 48.1
20.24, 48.1
20.23, 48.1
20.22, 48.1
20.24, 48.1
20.22, 48.1
20.20, 48.0
20.19, 48.0
20.19, 48.0
20.20, 48.0
20.22, 48.1
20.22, 48.1
20.20, 48.0
20.20, 48.0
20.20, 48.0
20.19, 48.0
20.20, 48.0
20.18, 48.0
20.19, 48.0
20.20, 48.0
20.18, 48.0
20.18, 48.0
20.16, 47.9
20.16, 47.9
20.16, 47.9
20.16, 47.9
20.16, 47.9
20.16, 47.9
20.16, 47.9
20.16, 47.9
20.16, 47.9
20.16, 47.9
20.14, 47.8
20.14, 47.8
20.13, 47.8
20.15, 47.9
20.14, 47.8
20.15, 47.9
20.15, 47.9
20.13, 47.8
20.14, 47.8
20.13, 47.8
20.13, 47.8
20.14, 47.8
20.13, 47.8
20.12, 47.8
20.12, 47.8
20.11, 47.8
20.11, 47.8
20.10, 47.7
20.09, 47.7
20.09, 47.7
20.09, 47.7
20.08, 47.7
20.09, 47.7
20.08, 47.7
20.09, 47.7
20.09, 47.7
20.09, 47.7
20.09, 47.7
20.09, 47.7
20.09, 47.7
20.10, 47.7
20.09, 47.7
20.10, 47.7
20.07, 47.7
20.07, 47.7
20.07, 47.7
20.07, 47.7
20.06, 47.6
20.07, 47.7
20.06, 47.6
20.04, 47.6
20.05, 47.6
20.05, 47.6
20.02, 47.5
20.03, 47.6
20.01, 47.5
20.01, 47.5
20.03, 47.6
20.01, 47.5
20.02, 47.5
20.03, 47.6
20.04, 47.6
20.03, 47.6
20.01, 47.5
20.01, 47.5
20.00, 47.5
20.00, 47.5
20.01, 47.5
20.01, 47.5
20.01, 47.5
20.01, 47.5
20.01, 47.5
19.99, 47.5
19.98, 47.4
19.99, 47.5
19.98, 47.4
19.98, 47.4
19.97, 47.4
19.98, 47.4
19.99, 47.5
19.97, 47.4
19.97, 47.4
19.97, 47.4
19.97, 47.4
19.96, 47.4
19.96, 47.4
19.96, 47.4
19.97, 47.4
19.96, 47.4
19.95, 47.4
19.96, 47.4
19.95, 47.4
19.95, 47.4
19.95, 47.4
19.95, 47.4
19.95, 47.4
19.96, 47.4
19.96, 47.4
19.96, 47.4
19.95, 47.4
19.95, 47.4
19.95, 47.4
19.94, 47.3
19.91, 47.3
19.92, 47.3
19.91, 47.3
19.93, 47.3
19.93, 47.3
19.93, 47.3
19.93, 47.3
19.93, 47.3
19.92, 47.3
19.93, 47.3
19.92, 47.3
19.91, 47.3
19.91, 47.3
19.90, 47.3
19.90, 47.3
19.91, 47.3
19.90, 47.3
19.91, 47.3
19.89, 47.2
19.90, 47.3
19.91, 47.3
19.91, 47.3
19.91, 47.3
19.91, 47.3
19.89, 47.2
19.89, 47.2
19.90, 47.3
19.91, 47.3
19.90, 47.3
19.89, 47.2
19.87, 47.2
19.87, 47.2
19.88, 47.2
19.87, 47.2
19.87, 47.2
19.87, 47.2
19.87, 47.2
19.88, 47.2
19.88, 47.2
19.87, 47.2
19.87, 47.2
19.87, 47.2
19.86, 47.2
19.85, 47.1
19.85, 47.1
19.87, 47.2
19.86, 47.2
19.85, 47.1
19.85, 47.1
19.84, 47.1
19.83, 47.1
19.81, 47.0
19.80, 47.0
19.80, 47.0
19.80, 47.0
19.81, 47.0
19.79, 47.0
19.81, 47.0
19.82, 47.1
19.82, 47.1
19.82, 47.1
19.82, 47.1
19.81, 47.0
19.81, 47.0
19.82, 47.1
19.81, 47.0
19.81, 47.0
19.82, 47.1
19.81, 47.0
19.81, 47.0
19.82, 47.1
19.80, 47.0
19.81, 47.0
19.81, 47.0
19.81, 47.0
19.79, 47.0
19.78, 47.0
19.77, 46.9
19.78, 47.0
19.79, 47.0
19.79, 47.0
19.78, 47.0
19.79, 47.0
19.78, 47.0
19.76, 46.9
19.77, 46.9
19.75, 46.9
19.75, 46.9
19.77, 46.9
19.77, 46.9
19.77, 46.9
19.78, 47.0
19.78, 47.0
19.79, 47.0
19.79, 47.0
19.79, 47.0
19.81, 47.0
19.80, 47.0
19.79, 47.0
19.79, 47.0
19.79, 47.0
19.80, 47.0
19.81, 47.0
19.81, 47.0
19.81, 47.0
19.82, 47.1
19.81, 47.0
19.81, 47.0
19.82, 47.1
19.81, 47.0
19.81, 47.0
19.82, 47.1
19.82, 47.1
19.82, 47.1
19.83, 47.1
19.85, 47.1
19.85, 47.1
19.87, 47.2
19.87, 47.2
19.87, 47.2
19.86, 47.2
19.86, 47.2
19.88, 47.2
19.89, 47.2
19.88, 47.2
19.89, 47.2
19.90, 47.3
19.92, 47.3
19.92, 47.3
19.95, 47.4
19.96, 47.4
19.95, 47.4
19.98, 47.4
19.97, 47.4
19.98, 47.4
19.99, 47.5
19.99, 47.5
19.99, 47.5
19.99, 47.5
20.00, 47.5
20.01, 47.5
20.02, 47.5
20.02, 47.5
20.04, 47.6
20.04, 47.6
20.04, 47.6
20.05, 47.6
20.04, 47.6
20.05, 47.6
20.05, 47.6
20.06, 47.6
20.07, 47.7
20.07, 47.7
20.08, 47.7
20.08, 47.7
20.09, 47.7
20.10, 47.7
20.11, 47.8
20.12, 47.8
20.12, 47.8
20.12, 47.8
20.13, 47.8
20.13, 47.8
20.14, 47.8
20.15, 47.9
20.17, 47.9
20.17, 47.9
20.18, 48.0
20.18, 48.0
20.19, 48.0
20.20, 48.0
20.20, 48.0
20.22, 48.1
20.23, 48.1
20.24, 48.1
20.24, 48.1
20.27, 48.2
20.28, 48.2
20.28, 48.2
20.31, 48.3
20.31, 48.3
20.33, 48.3
20.34, 48.4
20.36, 48.4
20.40, 48.5
20.43, 48.6
20.45, 48.6
20.47, 48.7
20.52, 48.8
20.53, 48.8
20.56, 48.9
20.60, 49.0
20.61, 49.0
20.64, 49.1
20.65, 49.1
20.67, 49.2
20.70, 49.3
20.73, 49.3
20.75, 49.4
20.77, 49.4
20.79, 49.5
20.80, 49.5
20.84, 49.6
20.87, 49.7
20.91, 49.8
20.93, 49.8
20.94, 49.8
21.05, 50.1
21.07, 50.2
21.10, 50.2
21.19, 50.5
21.24, 50.6
21.25, 50.6
21.28, 50.7
21.30, 50.8
21.38, 50.9
21.43, 51.1
21.44, 51.1
21.46, 51.1
21.49, 51.2
21.50, 51.2
21.52, 51.3
21.58, 51.4
21.61, 51.5
21.62, 51.6
21.63, 51.6
21.68, 51.7
21.69, 51.7
21.69, 51.7
21.71, 51.8
21.77, 51.9
21.79, 52.0
21.81, 52.0
21.87, 52.2
21.89, 52.2
21.92, 52.3
21.92, 52.3
22.03, 52.6
22.05, 52.6
22.05, 52.6
22.07, 52.7
22.10, 52.7
22.12, 52.8
22.15, 52.9
22.20, 53.0
22.20, 53.0
22.22, 53.1
22.24, 53.1
22.32, 53.3
22.35, 53.4
22.38, 53.4
22.39, 53.5
22.45, 53.6
22.48, 53.7
22.52, 53.8
22.55, 53.9
22.63, 54.1
22.65, 54.1
22.67, 54.2
22.70, 54.3
22.73, 54.3
22.75, 54.4
22.77, 54.4
22.79, 54.5
22.82, 54.6
22.85, 54.6
22.89, 54.7
22.91, 54.8
22.95, 54.9
22.98, 54.9
22.97, 54.9
23.01, 55.0
23.05, 55.1
23.05, 55.1
23.08, 55.2
23.09, 55.2
23.10, 55.3
23.13, 55.3
23.13, 55.3
23.16, 55.4
23.20, 55.5
23.23, 55.6
23.28, 55.7
23.30, 55.8
23.35, 55.9
23.36, 55.9
23.39, 56.0
23.46, 56.1
23.50, 56.2
23.52, 56.3
23.55, 56.4
23.56, 56.4
23.56, 56.4
23.59, 56.5
23.61, 56.5
23.63, 56.6
23.62, 56.6
23.65, 56.6
23.66, 56.7
23.70, 56.8
23.72, 56.8
23.73, 56.8
23.73, 56.8
23.78, 57.0
23.87, 57.2
23.91, 57.3
23.96, 57.4
23.96, 57.4
23.99, 57.5
24.03, 57.6
24.05, 57.6
24.07, 57.7
24.07, 57.7
24.10, 57.8
24.10, 57.8
24.11, 57.8
24.15, 57.9
24.19, 58.0
24.23, 58.1
24.26, 58.2
24.29, 58.2
24.30, 58.3
24.32, 58.3
24.32, 58.3
24.33, 58.3
24.36, 58.4
24.38, 58.4
24.42, 58.5
24.44, 58.6
24.46, 58.6
24.48, 58.7
24.50, 58.7
24.55, 58.9
24.57, 58.9
24.61, 59.0
24.61, 59.0
24.64, 59.1
24.67, 59.2
24.71, 59.3
24.74, 59.4
24.73, 59.3
24.77, 59.4
24.80, 59.5
24.80, 59.5
24.79, 59.5
24.83, 59.6
24.84, 59.6
24.84, 59.6
24.85, 59.6
24.88, 59.7
24.89, 59.7
24.95, 59.9
24.96, 59.9
24.98, 59.9
24.99, 60.0
25.02, 60.0
25.02, 60.0
25.05, 60.1
25.07, 60.2
25.12, 60.3
25.17, 60.4
25.18, 60.5
25.18, 60.5
25.22, 60.6
25.25, 60.6
25.27, 60.7
25.28, 60.7
25.29, 60.7
25.30, 60.8
25.32, 60.8
25.35, 60.9
25.35, 60.9
25.38, 60.9
25.39, 61.0
25.40, 61.0
25.42, 61.0
25.43, 61.1
25.43, 61.1
25.44, 61.1
25.48, 61.2
25.52, 61.3
25.54, 61.3
25.55, 61.4
25.56, 61.4
25.62, 61.6
25.61, 61.5
25.64, 61.6
25.64, 61.6
25.67, 61.7
25.71, 61.8
25.73, 61.8
25.77, 61.9
25.79, 62.0
25.82, 62.0
25.82, 62.0
25.82, 62.0
25.82, 62.0
25.82, 62.0
25.84, 62.1
25.86, 62.1
25.88, 62.2
25.91, 62.3
25.99, 62.5
25.98, 62.4
26.01, 62.5
26.03, 62.6
26.03, 62.6
26.04, 62.6
26.05, 62.6
26.06, 62.7
26.09, 62.7
26.16, 62.9
26.20, 63.0
26.20, 63.0
26.20, 63.0
26.27, 63.2
26.29, 63.2
26.29, 63.2
26.30, 63.2
26.32, 63.3
26.36, 63.4
26.40, 63.5
26.41, 63.5
26.46, 63.6
26.48, 63.7
26.47, 63.7
26.50, 63.7
26.53, 63.8
26.55, 63.9
26.58, 64.0
26.55, 63.9
26.59, 64.0
26.61, 64.0
26.62, 64.1
26.60, 64.0
26.62, 64.1
26.62, 64.1
26.63, 64.1
26.64, 64.1
26.67, 64.2
26.68, 64.2
26.71, 64.3
26.72, 64.3
26.75, 64.4
26.73, 64.3
26.75, 64.4
26.78, 64.4
26.77, 64.4
26.79, 64.5
26.83, 64.6
26.85, 64.6
26.91, 64.8
26.91, 64.8
26.94, 64.8
26.96, 64.9
26.98, 64.9
26.98, 64.9
26.99, 65.0
27.01, 65.0
27.07, 65.2
27.07, 65.2
27.08, 65.2
27.09, 65.2
27.12, 65.3
27.12, 65.3
27.13, 65.3
27.14, 65.4
27.16, 65.4
27.18, 65.5
27.18, 65.5
27.20, 65.5
27.22, 65.6
27.26, 65.7
27.27, 65.7
27.28, 65.7
27.32, 65.8
27.32, 65.8
27.32, 65.8
27.32, 65.8
27.32, 65.8
27.36, 65.9
27.39, 66.0
27.39, 66.0
27.39, 66.0
27.42, 66.0
27.42, 66.0
27.43, 66.1
27.44, 66.1
27.43, 66.1
27.42, 66.0
27.43, 66.1
27.44, 66.1
27.47, 66.2
27.49, 66.2
27.46, 66.1
27.49, 66.2
27.48, 66.2
27.47, 66.2
27.48, 66.2
27.48, 66.2
27.49, 66.2
27.51, 66.3
27.57, 66.4
27.58, 66.5
27.60, 66.5
27.60, 66.5
27.62, 66.6
27.63, 66.6
27.63, 66.6
27.65, 66.6
27.59, 66.5
27.51, 66.3
27.50, 66.3
27.50, 66.3
27.55, 66.4
27.55, 66.4
27.57, 66.4
27.60, 66.5
27.63, 66.6
27.64, 66.6
27.65, 66.6
27.66, 66.7
27.69, 66.7
27.68, 66.7
27.70, 66.8
27.71, 66.8
27.77, 66.9
27.76, 66.9
27.71, 66.8
27.73, 66.8
27.74, 66.9
27.72, 66.8
27.72, 66.8
27.75, 66.9
27.77, 66.9
27.78, 66.9
27.80, 67.0
27.81, 67.0
27.81, 67.0
27.82, 67.0
27.81, 67.0
27.77, 66.9
27.76, 66.9
27.79, 67.0
27.86, 67.1
27.91, 67.3
27.90, 67.2
27.88, 67.2
27.91, 67.3
27.91, 67.3
27.89, 67.2
27.93, 67.3
27.94, 67.3
27.93, 67.3
28.00, 67.5
28.07, 67.7
28.12, 67.8
28.11, 67.8
28.12, 67.8
28.10, 67.8
28.03, 67.6
28.00, 67.5
28.00, 67.5
28.00, 67.5
28.00, 67.5
28.04, 67.6
28.04, 67.6
28.08, 67.7
28.15, 67.9
28.16, 67.9
28.16, 67.9
28.24, 68.1
28.23, 68.1
28.22, 68.1
28.24, 68.1
28.26, 68.1
28.30, 68.2
28.33, 68.3
28.33, 68.3
28.30, 68.2
28.24, 68.1
28.26, 68.1
28.30, 68.2
28.30, 68.2
28.28, 68.2
28.29, 68.2
28.33, 68.3
28.36, 68.4
28.36, 68.4
28.37, 68.4
28.38, 68.4
28.37, 68.4
28.36, 68.4
28.38, 68.4
28.45, 68.6
28.46, 68.6
28.47, 68.7
28.49, 68.7
28.50, 68.8
28.48, 68.7
28.48, 68.7
28.55, 68.9
28.52, 68.8
28.50, 68.8
28.49, 68.7
28.49, 68.7
28.52, 68.8
28.53, 68.8
28.56, 68.9
28.54, 68.9
28.52, 68.8
28.51, 68.8
28.49, 68.7
28.49, 68.7
28.53, 68.8
28.49, 68.7
28.49, 68.7
28.49, 68.7
28.53, 68.8
28.54, 68.9
28.60, 69.0
28.60, 69.0
28.61, 69.0
28.63, 69.1
28.61, 69.0
28.52, 68.8
28.54, 68.9
28.59, 69.0
28.62, 69.1
28.63, 69.1
28.60, 69.0
28.64, 69.1
28.57, 68.9
28.56, 68.9
28.55, 68.9
28.59, 69.0
28.60, 69.0
28.62, 69.1
28.69, 69.2
28.64, 69.1
28.68, 69.2
28.65, 69.1
28.63, 69.1
28.57, 68.9
28.54, 68.9
28.55, 68.9
28.48, 68.7
28.49, 68.7
28.58, 69.0
28.61, 69.0
28.61, 69.0
28.59, 69.0
28.61, 69.0
28.63, 69.1
28.63, 69.1
28.61, 69.0
28.61, 69.0
28.57, 68.9
28.61, 69.0
28.56, 68.9
28.50, 68.8
28.42, 68.5
28.42, 68.5
28.46, 68.6
28.50, 68.8
28.54, 68.9
28.55, 68.9
28.57, 68.9
28.59, 69.0
28.60, 69.0
28.55, 68.9
28.50, 68.8
28.41, 68.5
28.45, 68.6
28.47, 68.7
28.47, 68.7
28.46, 68.6
28.44, 68.6
28.45, 68.6
28.43, 68.6
28.42, 68.5
28.46, 68.6
28.49, 68.7
28.50, 68.8
28.41, 68.5
28.40, 68.5
28.48, 68.7
28.51, 68.8
28.49, 68.7
28.48, 68.7
28.39, 68.5
28.31, 68.3
28.24, 68.1
28.19, 68.0
28.15, 67.9
28.15, 67.9
28.19, 68.0
28.20, 68.0
28.19, 68.0
28.20, 68.0
28.19, 68.0
28.19, 68.0
28.20, 68.0
28.22, 68.1
28.21, 68.0
28.22, 68.1
28.19, 68.0
28.17, 67.9
28.16, 67.9
28.21, 68.0
28.16, 67.9
28.15, 67.9
28.20, 68.0
28.26, 68.1
28.26, 68.1
28.24, 68.1
28.28, 68.2
28.30, 68.2
28.30, 68.2
28.27, 68.2
28.26, 68.1
28.28, 68.2
28.27, 68.2
28.23, 68.1
28.22, 68.1
28.18, 68.0
28.18, 68.0
28.12, 67.8
28.18, 68.0
28.21, 68.0
28.20, 68.0
28.18, 68.0
28.15, 67.9
28.15, 67.9
28.14, 67.9
28.15, 67.9
28.10, 67.8
28.07, 67.7
28.07, 67.7
28.08, 67.7
28.10, 67.8
28.08, 67.7
28.06, 67.7
28.00, 67.5
28.02, 67.6
27.97, 67.4
27.99, 67.5
28.02, 67.6
28.06, 67.7
28.06, 67.7
28.00, 67.5
28.00, 67.5
27.99, 67.5
27.97, 67.4
27.98, 67.4
27.93, 67.3
27.94, 67.3
27.91, 67.3
27.87, 67.2
27.89, 67.2
27.92, 67.3
27.91, 67.3
27.90, 67.2
27.90, 67.2
27.90, 67.2
27.89, 67.2
27.88, 67.2
27.87, 67.2
27.87, 67.2
27.88, 67.2
27.92, 67.3
27.95, 67.4
27.99, 67.5
27.98, 67.4
27.96, 67.4
27.95, 67.4
27.91, 67.3
27.92, 67.3
27.92, 67.3
27.91, 67.3
27.91, 67.3
27.89, 67.2
27.83, 67.1
27.77, 66.9
27.73, 66.8
27.71, 66.8
27.70, 66.8
27.62, 66.6
27.75, 66.9
27.75, 66.9
27.74, 66.9
27.71, 66.8
27.71, 66.8
27.76, 66.9
27.76, 66.9
27.72, 66.8
27.70, 66.8
27.66, 66.7
27.59, 66.5
27.57, 66.4
27.55, 66.4
27.57, 66.4
27.58, 66.5
27.56, 66.4
27.54, 66.4
27.52, 66.3
27.55, 66.4
27.55, 66.4
27.55, 66.4
27.50, 66.2
27.48, 66.2
27.48, 66.2
27.51, 66.3
27.52, 66.3
27.58, 66.5
27.57, 66.4
27.55, 66.4
27.54, 66.4
27.51, 66.3
27.50, 66.3
27.48, 66.2
27.45, 66.1
27.44, 66.1
27.39, 66.0
27.39, 66.0
27.40, 66.0
27.41, 66.0
27.42, 66.0
27.44, 66.1
27.46, 66.1
27.47, 66.2
27.49, 66.2
27.47, 66.2
27.46, 66.1
27.45, 66.1
27.44, 66.1
27.45, 66.1
27.46, 66.1
27.49, 66.2
27.50, 66.2
27.50, 66.3
27.52, 66.3
27.50, 66.2
27.49, 66.2
27.47, 66.2
27.44, 66.1
27.37, 65.9
27.34, 65.8
27.36, 65.9
27.36, 65.9
27.36, 65.9
27.37, 65.9
27.38, 65.9
27.40, 66.0
27.41, 66.0
27.42, 66.0
27.43, 66.1
27.44, 66.1
27.44, 66.1
27.44, 66.1
27.40, 66.0
27.39, 66.0
27.40, 66.0
27.40, 66.0
27.39, 66.0
27.38, 65.9
27.39, 66.0
27.40, 66.0
27.38, 65.9
27.37, 65.9
27.37, 65.9
27.34, 65.8
27.36, 65.9
27.32, 65.8
27.30, 65.7
27.30, 65.7
27.30, 65.7
27.30, 65.7
27.27, 65.7
27.25, 65.6
27.25, 65.6
27.26, 65.7
27.23, 65.6
27.22, 65.6
27.22, 65.6
27.20, 65.5
27.20, 65.5
27.19, 65.5
27.20, 65.5
27.20, 65.5
27.19, 65.5
27.21, 65.5
27.17, 65.4
27.16, 65.4
27.16, 65.4
27.16, 65.4
27.15, 65.4
27.15, 65.4
27.14, 65.4
27.15, 65.4
27.12, 65.3
27.10, 65.3
27.10, 65.3
27.10, 65.3
27.10, 65.3
27.10, 65.3
27.08, 65.2
27.07, 65.2
27.05, 65.1
27.04, 65.1
27.04, 65.1
27.00, 65.0
27.00, 65.0
27.01, 65.0
26.99, 65.0
26.98, 64.9
26.98, 64.9
26.95, 64.9
26.88, 64.7
26.88, 64.7
26.87, 64.7
26.88, 64.7
26.86, 64.6
26.85, 64.6
26.83, 64.6
26.81, 64.5
26.80, 64.5
26.80, 64.5
26.79, 64.5
26.79, 64.5
26.79, 64.5
26.77, 64.4
26.77, 64.4
26.75, 64.4
26.75, 64.4
26.73, 64.3
26.73, 64.3
26.70, 64.3
26.69, 64.2
26.69, 64.2
26.68, 64.2
26.68, 64.2
26.68, 64.2
26.67, 64.2
26.67, 64.2
26.66, 64.2
26.66, 64.2
26.65, 64.1
26.65, 64.1
26.63, 64.1
26.61, 64.0
26.55, 63.9
26.53, 63.8
26.52, 63.8
26.52, 63.8
26.50, 63.7
26.48, 63.7
26.48, 63.7
26.46, 63.6
26.46, 63.6
26.45, 63.6
26.44, 63.6
26.39, 63.5
26.37, 63.4
26.38, 63.4
26.36, 63.4
26.36, 63.4
26.35, 63.4
26.35, 63.4
26.31, 63.3
26.30, 63.2
26.30, 63.2
26.29, 63.2
26.29, 63.2
26.28, 63.2
26.27, 63.2
26.27, 63.2
26.24, 63.1
26.24, 63.1
26.22, 63.1
26.19, 63.0
26.18, 63.0
26.16, 62.9
26.15, 62.9
26.13, 62.8
26.12, 62.8
26.11, 62.8
26.09, 62.7
26.09, 62.7
26.07, 62.7
26.05, 62.6
26.04, 62.6
26.01, 62.5
25.96, 62.4
25.94, 62.3
25.95, 62.4
25.93, 62.3
25.93, 62.3
25.91, 62.3
25.91, 62.3
25.90, 62.2
25.89, 62.2
25.89, 62.2
25.87, 62.2
25.88, 62.2
25.85, 62.1
25.83, 62.1
25.82, 62.0
25.82, 62.0
25.82, 62.0
25.82, 62.0
25.82, 62.0
25.82, 62.0
25.78, 62.0
25.76, 61.9
25.72, 61.8
25.70, 61.8
25.68, 61.7
25.68, 61.7
25.66, 61.7
25.65, 61.6
25.63, 61.6
25.60, 61.5
25.60, 61.5
25.60, 61.5
25.60, 61.5
25.58, 61.5
25.59, 61.5
25.59, 61.5
25.58, 61.5
25.58, 61.5
25.57, 61.4
25.57, 61.4
25.56, 61.4
25.55, 61.4
25.51, 61.3
25.48, 61.2
25.48, 61.2
25.46, 61.1
25.45, 61.1
25.44, 61.1
25.42, 61.0
25.42, 61.0
25.41, 61.0
25.39, 61.0
25.39, 61.0
25.38, 60.9
25.35, 60.9
25.32, 60.8
25.32, 60.8
25.29, 60.7
25.30, 60.8
25.29, 60.7
25.26, 60.7
25.25, 60.6
25.22, 60.6
25.22, 60.6
25.20, 60.5
25.19, 60.5
25.18, 60.5
25.17, 60.4
25.15, 60.4
25.13, 60.3
25.12, 60.3
25.12, 60.3
25.11, 60.3
25.11, 60.3
25.12, 60.3
25.11, 60.3
25.10, 60.3
25.10, 60.3
25.08, 60.2
25.08, 60.2
25.06, 60.2
25.06, 60.2
25.03, 60.1
25.00, 60.0
24.98, 59.9
24.97, 59.9
24.94, 59.8
24.92, 59.8
24.92, 59.8
24.91, 59.8
24.90, 59.7
24.89, 59.7
24.85, 59.6
24.85, 59.6
24.85, 59.6
24.85, 59.6
24.84, 59.6
24.85, 59.6
24.84, 59.6
24.83, 59.6
24.80, 59.5
24.78, 59.5
24.78, 59.5
24.78, 59.5
24.76, 59.4
24.76, 59.4
24.75, 59.4
24.75, 59.4
24.74, 59.4
24.73, 59.3
24.72, 59.3
24.70, 59.3
24.69, 59.2
24.68, 59.2
24.68, 59.2
24.67, 59.2
24.66, 59.2
24.64, 59.1
24.64, 59.1
24.62, 59.1
24.62, 59.1
24.61, 59.0
24.59, 59.0
24.59, 59.0
24.58, 59.0
24.57, 58.9
24.56, 58.9
24.56, 58.9
24.56, 58.9
24.56, 58.9
24.55, 58.9
24.54, 58.8
24.53, 58.8
24.53, 58.8
24.52, 58.8
24.51, 58.8
24.51, 58.8
24.49, 58.7
24.50, 58.7
24.48, 58.7
24.47, 58.7
24.46, 58.6
24.47, 58.7
24.45, 58.6
24.44, 58.6
24.42, 58.5
24.40, 58.5
24.39, 58.5
24.38, 58.4
24.37, 58.4
24.36, 58.4
24.36, 58.4
24.36, 58.4
24.34, 58.3
24.34, 58.3
24.32, 58.3
24.31, 58.3
24.31, 58.3
24.29, 58.2
24.30, 58.3
24.29, 58.2
24.29, 58.2
24.28, 58.2
24.28, 58.2
24.28, 58.2
24.27, 58.2
24.26, 58.2
24.27, 58.2
24.24, 58.1
24.24, 58.1
24.24, 58.1
24.23, 58.1
24.22, 58.1
24.21, 58.0
24.21, 58.0
24.20, 58.0
24.19, 58.0
24.20, 58.0
24.20, 58.0
24.18, 58.0
24.17, 57.9
24.15, 57.9
24.14, 57.9
24.13, 57.8
24.12, 57.8
24.13, 57.8
24.13, 57.8
24.13, 57.8
24.12, 57.8
24.11, 57.8
24.10, 57.8
24.10, 57.8
24.10, 57.8
24.09, 57.7
24.09, 57.7
24.07, 57.7
24.07, 57.7
24.07, 57.7
24.07, 57.7
24.07, 57.7
24.07, 57.7
24.07, 57.7
24.07, 57.7
24.05, 57.6
24.04, 57.6
24.04, 57.6
24.03, 57.6
24.03, 57.6
24.01, 57.5
24.00, 57.5
23.99, 57.5
23.97, 57.4
23.98, 57.4
23.95, 57.4
23.96, 57.4
23.94, 57.3
23.93, 57.3
23.92, 57.3
23.91, 57.3
23.91, 57.3
23.91, 57.3
23.91, 57.3
23.91, 57.3
23.90, 57.2
23.90, 57.2
23.89, 57.2
23.90, 57.2
23.89, 57.2
23.89, 57.2
23.88, 57.2
23.87, 57.2
23.87, 57.2
23.87, 57.2
23.86, 57.1
23.85, 57.1
23.84, 57.1
23.84, 57.1
23.82, 57.1
23.82, 57.1
23.81, 57.0
23.80, 57.0
23.80, 57.0
23.78, 57.0
23.79, 57.0
23.77, 56.9
23.77, 56.9
23.77, 56.9
23.77, 56.9
23.77, 56.9
23.77, 56.9
23.76, 56.9
23.75, 56.9
23.75, 56.9
23.76, 56.9
23.75, 56.9
23.75, 56.9
23.75, 56.9
23.75, 56.9
23.75, 56.9
23.75, 56.9
23.75, 56.9
23.74, 56.9
23.75, 56.9
23.74, 56.9
23.73, 56.8
23.71, 56.8
23.71, 56.8
23.69, 56.7
23.69, 56.7
23.68, 56.7
23.67, 56.7
23.67, 56.7
23.67, 56.7
23.67, 56.7
23.65, 56.6
23.65, 56.6
23.64, 56.6
23.64, 56.6
23.63, 56.6
23.64, 56.6
23.62, 56.6
23.62, 56.6
23.62, 56.6
23.61, 56.5
23.60, 56.5
23.60, 56.5
23.60, 56.5
23.61, 56.5
23.61, 56.5
23.61, 56.5
23.61, 56.5
23.60, 56.5
23.61, 56.5
23.59, 56.5
23.59, 56.5
23.59, 56.5
23.58, 56.4
23.58, 56.4
23.58, 56.4
23.57, 56.4
23.56, 56.4
23.55, 56.4
23.55, 56.4
23.53, 56.3
23.54, 56.3
23.53, 56.3
23.53, 56.3
23.51, 56.3
23.51, 56.3
23.50, 56.2
23.50, 56.2
23.49, 56.2
23.48, 56.2
23.48, 56.2
23.48, 56.2
23.47, 56.2
23.46, 56.1
23.47, 56.2
23.48, 56.2
23.49, 56.2
23.50, 56.2
23.49, 56.2
23.49, 56.2
23.49, 56.2
23.48, 56.2
23.49, 56.2
23.48, 56.2
23.47, 56.2
23.47, 56.2
23.46, 56.1
23.47, 56.2
23.45, 56.1
23.46, 56.1
23.44, 56.1
23.43, 56.1
23.41, 56.0
23.40, 56.0
23.38, 55.9
23.40, 56.0
23.38, 55.9
23.39, 56.0
23.39, 56.0
23.38, 55.9
23.38, 55.9
23.36, 55.9
23.36, 55.9
23.36, 55.9
23.35, 55.9
23.35, 55.9
23.35, 55.9
23.36, 55.9
23.36, 55.9
23.35, 55.9
23.35, 55.9
23.35, 55.9
23.35, 55.9
23.34, 55.9
23.34, 55.9
23.34, 55.9
23.34, 55.9
23.35, 55.9
23.34, 55.9
23.34, 55.9
23.34, 55.9
23.33, 55.8
23.32, 55.8
23.32, 55.8
23.30, 55.8
23.30, 55.8
23.28, 55.7
23.28, 55.7
23.28, 55.7
23.27, 55.7
23.28, 55.7
23.28, 55.7
23.28, 55.7
23.28, 55.7
23.29, 55.7
23.27, 55.7
23.26, 55.7
23.26, 55.7
23.24, 55.6
23.24, 55.6
23.24, 55.6
23.24, 55.6
23.22, 55.6
23.23, 55.6
23.23, 55.6
23.24, 55.6
23.23, 55.6
23.24, 55.6
23.22, 55.6
23.22, 55.6
23.22, 55.6
23.22, 55.6
23.22, 55.6
23.22, 55.6
23.24, 55.6
23.22, 55.6
23.22, 55.6
23.20, 55.5
23.19, 55.5
23.17, 55.4
23.18, 55.5
23.18, 55.5
23.18, 55.5
23.18, 55.5
23.18, 55.5
23.19, 55.5
23.18, 55.5
23.16, 55.4
23.16, 55.4
23.15, 55.4
23.14, 55.4
23.15, 55.4
23.14, 55.4
23.16, 55.4
23.14, 55.4
23.15, 55.4
23.15, 55.4
23.14, 55.4
23.14, 55.4
23.13, 55.3
23.12, 55.3
23.12, 55.3
23.14, 55.4
23.12, 55.3
23.14, 55.4
23.13, 55.3
23.12, 55.3
23.13, 55.3
23.13, 55.3
23.14, 55.4
23.14, 55.4
23.11, 55.3
23.11, 55.3
23.09, 55.2
23.09, 55.2
23.09, 55.2
23.09, 55.2
23.09, 55.2
23.10, 55.3
23.10, 55.3
23.10, 55.3
23.10, 55.3
23.09, 55.2
23.08, 55.2
23.08, 55.2
23.08, 55.2
23.08, 55.2
23.08, 55.2
23.08, 55.2
23.09, 55.2
23.09, 55.2
23.09, 55.2
23.09, 55.2
23.09, 55.2
23.08, 55.2
23.07, 55.2
23.06, 55.1
23.06, 55.1
23.06, 55.1
23.06, 55.1
23.06, 55.1
23.06, 55.1
23.07, 55.2
23.07, 55.2
23.07, 55.2
23.06, 55.1
23.05, 55.1
23.05, 55.1
23.03, 55.1
23.03, 55.1
23.03, 55.1
23.02, 55.0
23.02, 55.0
23.02, 55.0
23.01, 55.0
23.02, 55.0
23.02, 55.0
23.02, 55.0
23.01, 55.0
23.00, 55.0
22.99, 55.0
22.99, 55.0
22.99, 55.0
23.00, 55.0
23.01, 55.0
23.01, 55.0
23.00, 55.0
23.00, 55.0
22.99, 55.0
22.98, 54.9
22.98, 54.9
22.97, 54.9
22.97, 54.9
22.97, 54.9
22.99, 55.0
22.99, 55.0
22.99, 55.0
22.98, 54.9
22.95, 54.9
22.95, 54.9
22.95, 54.9
22.94, 54.8
22.94, 54.8
22.95, 54.9
22.94, 54.8
22.96, 54.9
22.97, 54.9
22.96, 54.9
22.97, 54.9
22.95, 54.9
22.93, 54.8
22.95, 54.9
22.95, 54.9
22.95, 54.9
22.96, 54.9
22.96, 54.9
22.95, 54.9
22.93, 54.8
22.94, 54.8
22.93, 54.8
22.93, 54.8
22.92, 54.8
22.91, 54.8
22.91, 54.8
22.91, 54.8
22.91, 54.8
22.91, 54.8
22.91, 54.8
22.90, 54.7
22.89, 54.7
22.89, 54.7
22.87, 54.7
22.86, 54.6
22.88, 54.7
22.87, 54.7
22.90, 54.7
22.90, 54.7
22.88, 54.7
22.88, 54.7
22.88, 54.7
22.86, 54.6
22.87, 54.7
22.87, 54.7
22.86, 54.6
22.87, 54.7
22.86, 54.6
22.86, 54.6
22.87, 54.7
22.86, 54.6
22.87, 54.7
22.85, 54.6
22.85, 54.6
22.84, 54.6
22.83, 54.6
22.85, 54.6
22.85, 54.6
22.84, 54.6
22.83, 54.6
22.84, 54.6
22.85, 54.6
22.85, 54.6
22.85, 54.6
22.83, 54.6
22.82, 54.6
22.81, 54.5
22.81, 54.5
22.81, 54.5
22.81, 54.5
22.82, 54.6
22.82, 54.6
22.81, 54.5
22.80, 54.5
22.80, 54.5
22.80, 54.5
22.78, 54.5
22.77, 54.4
22.78, 54.5
22.76, 54.4
22.76, 54.4
22.77, 54.4
22.77, 54.4
22.77, 54.4
22.77, 54.4
22.77, 54.4
22.78, 54.5
22.77, 54.4
22.75, 54.4
22.76, 54.4
22.74, 54.4
22.74, 54.4
22.73, 54.3
22.73, 54.3
22.74, 54.4
22.74, 54.4
22.75, 54.4
22.75, 54.4
22.75, 54.4
22.75, 54.4
22.73, 54.3
22.72, 54.3
22.72, 54.3
22.72, 54.3
22.71, 54.3
22.71, 54.3
22.69, 54.2
22.69, 54.2
22.69, 54.2
22.69, 54.2
22.67, 54.2
22.67, 54.2
22.67, 54.2
22.67, 54.2
22.68, 54.2
22.69, 54.2
22.69, 54.2
22.68, 54.2
22.68, 54.2
22.66, 54.2
22.66, 54.2
22.65, 54.1
22.65, 54.1
22.65, 54.1
22.67, 54.2
22.67, 54.2
22.67, 54.2
22.67, 54.2
22.66, 54.2
22.66, 54.2
22.65, 54.1
22.65, 54.1
22.63, 54.1
22.63, 54.1
22.63, 54.1
22.61, 54.0
22.62, 54.1
22.62, 54.1
22.62, 54.1
22.61, 54.0
22.63, 54.1
22.62, 54.1
22.63, 54.1
22.61, 54.0
22.61, 54.0
22.60, 54.0
22.60, 54.0
22.60, 54.0
22.61, 54.0
22.61, 54.0
22.60, 54.0
22.61, 54.0
22.61, 54.0
22.61, 54.0
22.60, 54.0
22.60, 54.0
22.60, 54.0
22.59, 54.0
22.60, 54.0
22.59, 54.0
22.60, 54.0
22.59, 54.0
22.59, 54.0
22.59, 54.0
22.58, 53.9
22.59, 54.0
22.57, 53.9
22.58, 53.9
22.56, 53.9
22.56, 53.9
22.56, 53.9
22.55, 53.9
22.56, 53.9
22.56, 53.9
22.55, 53.9
22.56, 53.9
22.56, 53.9
22.55, 53.9
22.56, 53.9
22.56, 53.9
22.53, 53.8
22.53, 53.8
22.53, 53.8
22.54, 53.8
22.54, 53.8
22.54, 53.8
22.54, 53.8
22.54, 53.8
22.55, 53.9
22.53, 53.8
22.54, 53.8
22.52, 53.8
22.52, 53.8
22.52, 53.8
22.50, 53.7
22.49, 53.7
22.52, 53.8
22.50, 53.7
22.50, 53.7
22.51, 53.8
22.50, 53.7
22.50, 53.7
22.50, 53.7
22.50, 53.7
22.49, 53.7
22.48, 53.7
22.48, 53.7
22.48, 53.7
22.48, 53.7
22.49, 53.7
22.48, 53.7
22.49, 53.7
22.48, 53.7
22.48, 53.7
22.46, 53.6
22.48, 53.7
22.46, 53.6
22.44, 53.6
22.45, 53.6
22.44, 53.6
22.43, 53.6
22.44, 53.6
22.44, 53.6
22.45, 53.6
22.44, 53.6
22.39, 53.5
22.40, 53.5
22.40, 53.5
22.41, 53.5
22.40, 53.5
22.42, 53.5
22.40, 53.5
22.40, 53.5
22.40, 53.5
22.40, 53.5
22.41, 53.5
22.39, 53.5
22.40, 53.5
22.40, 53.5
22.39, 53.5
22.40, 53.5
22.38, 53.4
22.38, 53.4
22.39, 53.5
22.38, 53.4
22.37, 53.4
22.37, 53.4
22.38, 53.4
22.38, 53.4
22.36, 53.4
22.36, 53.4
22.37, 53.4
22.36, 53.4
22.36, 53.4
22.36, 53.4
22.36, 53.4
22.35, 53.4
22.35, 53.4
22.34, 53.4
22.35, 53.4
22.34, 53.4
22.33, 53.3
22.32, 53.3
22.32, 53.3
22.32, 53.3
22.30, 53.3
22.32, 53.3
22.32, 53.3
22.32, 53.3
22.31, 53.3
22.31, 53.3
22.30, 53.3
22.30, 53.3
22.31, 53.3
22.30, 53.3
22.31, 53.3
22.31, 53.3
22.32, 53.3
22.29, 53.2
22.29, 53.2
22.28, 53.2
22.27, 53.2
22.27, 53.2
22.26, 53.2
22.28, 53.2
22.26, 53.2
22.26, 53.2
22.27, 53.2
22.27, 53.2
22.24, 53.1
22.24, 53.1
22.25, 53.1
22.25, 53.1
22.24, 53.1
22.24, 53.1
22.25, 53.1
22.23, 53.1
22.22, 53.1
22.22, 53.1
22.23, 53.1
22.22, 53.1
22.22, 53.1
22.22, 53.1
22.22, 53.1
22.20, 53.0
22.21, 53.0
22.20, 53.0
22.20, 53.0
22.18, 53.0
22.18, 53.0
22.19, 53.0
22.18, 53.0
22.18, 53.0
22.17, 52.9
22.19, 53.0
22.17, 52.9
22.17, 52.9
22.18, 53.0
22.18, 53.0
22.19, 53.0
22.19, 53.0
22.18, 53.0
22.19, 53.0
22.20, 53.0
22.19, 53.0
22.18, 53.0
22.19, 53.0
22.18, 53.0
22.20, 53.0
22.19, 53.0
22.18, 53.0
22.18, 53.0
22.18, 53.0
22.17, 52.9
22.17, 52.9
22.16, 52.9
22.14, 52.9
22.15, 52.9
22.15, 52.9
22.15, 52.9
22.15, 52.9
22.14, 52.9
22.13, 52.8
22.12, 52.8
22.12, 52.8
22.12, 52.8
22.12, 52.8
22.11, 52.8
22.12, 52.8
22.12, 52.8
22.11, 52.8
22.11, 52.8
22.12, 52.8
22.13, 52.8
22.12, 52.8
22.13, 52.8
22.12, 52.8
22.11, 52.8
22.12, 52.8
22.13, 52.8
22.12, 52.8
22.11, 52.8
22.12, 52.8
22.12, 52.8
22.11, 52.8
22.11, 52.8
22.11, 52.8
22.11, 52.8
22.11, 52.8
22.11, 52.8
22.11, 52.8
22.10, 52.7
22.08, 52.7
22.09, 52.7
22.09, 52.7
22.08, 52.7
22.08, 52.7
22.07, 52.7
22.08, 52.7
22.20, 53.0
22.22, 53.1
22.21, 53.0
22.19, 53.0
22.16, 52.9
22.14, 52.9
22.12, 52.8
22.12, 52.8
22.11, 52.8
22.11, 52.8
22.10, 52.7
22.10, 52.7
22.09, 52.7
22.09, 52.7
22.08, 52.7
22.07, 52.7
22.06, 52.6
22.06, 52.6
22.06, 52.6
22.04, 52.6
22.04, 52.6
22.03, 52.6
22.03, 52.6
22.03, 52.6
22.03, 52.6
22.03, 52.6
22.01, 52.5
22.01, 52.5
22.00, 52.5
21.99, 52.5
22.00, 52.5
21.99, 52.5
22.00, 52.5
21.99, 52.5
21.99, 52.5
21.98, 52.4
21.99, 52.5
21.99, 52.5
21.99, 52.5
21.98, 52.4
21.98, 52.4
21.98, 52.4
21.98, 52.4
21.97, 52.4
21.97, 52.4
21.97, 52.4
21.95, 52.4
21.96, 52.4
21.96, 52.4
21.95, 52.4
21.95, 52.4
21.95, 52.4
21.93, 52.3
21.94, 52.3
21.94, 52.3
21.93, 52.3
21.93, 52.3
21.93, 52.3
21.93, 52.3
21.93, 52.3
21.92, 52.3
21.93, 52.3
21.93, 52.3
21.93, 52.3
21.93, 52.3
21.93, 52.3
21.91, 52.3
21.92, 52.3
21.91, 52.3
21.92, 52.3
21.91, 52.3
21.91, 52.3
21.91, 52.3
21.91, 52.3
21.91, 52.3
21.92, 52.3
21.91, 52.3
21.91, 52.3
21.89, 52.2
21.90, 52.2
21.90, 52.2
21.89, 52.2
21.89, 52.2
21.87, 52.2
21.87, 52.2
21.85, 52.1
21.85, 52.1
21.87, 52.2
21.87, 52.2
21.87, 52.2
21.87, 52.2
21.86, 52.2
21.85, 52.1
21.85, 52.1
21.85, 52.1
21.85, 52.1
21.85, 52.1
21.85, 52.1
21.85, 52.1
21.85, 52.1
21.85, 52.1
21.86, 52.2
21.85, 52.1
21.85, 52.1
21.84, 52.1
21.85, 52.1
21.83, 52.1
21.84, 52.1
21.84, 52.1
21.85, 52.1
21.83, 52.1
21.83, 52.1
21.82, 52.1
21.81, 52.0
21.81, 52.0
21.81, 52.0
21.81, 52.0
21.81, 52.0
21.81, 52.0
21.81, 52.0
21.80, 52.0
21.81, 52.0
21.81, 52.0
21.80, 52.0
21.80, 52.0
21.80, 52.0
21.81, 52.0
21.81, 52.0
21.81, 52.0
21.81, 52.0
21.81, 52.0
21.80, 52.0
21.80, 52.0
21.81, 52.0
21.80, 52.0
21.79, 52.0
21.77, 51.9
21.78, 52.0
21.77, 51.9
21.77, 51.9
21.78, 52.0
21.77, 51.9
21.75, 51.9
21.77, 51.9
21.76, 51.9
21.77, 51.9
21.75, 51.9
21.75, 51.9
21.73, 51.8
21.74, 51.9
21.74, 51.9
21.75, 51.9
21.75, 51.9
21.75, 51.9
21.75, 51.9
21.74, 51.9
21.75, 51.9
21.76, 51.9
21.77, 51.9
21.77, 51.9
21.76, 51.9
21.75, 51.9
21.76, 51.9
21.76, 51.9
21.76, 51.9
21.77, 51.9
21.75, 51.9
21.75, 51.9
21.75, 51.9
21.74, 51.9
21.73, 51.8
21.72, 51.8
21.72, 51.8
21.70, 51.8
21.71, 51.8
21.69, 51.7
21.69, 51.7
21.69, 51.7
21.70, 51.8
21.71, 51.8
21.71, 51.8
21.70, 51.8
21.69, 51.7
21.69, 51.7
21.66, 51.7
21.68, 51.7
21.69, 51.7
21.69, 51.7
21.69, 51.7
21.69, 51.7
21.70, 51.8
21.68, 51.7
21.68, 51.7
21.67, 51.7
21.68, 51.7
21.67, 51.7
21.67, 51.7
21.66, 51.7
21.67, 51.7
21.66, 51.7
21.65, 51.6
21.64, 51.6
21.65, 51.6
21.64, 51.6
21.62, 51.6
21.63, 51.6
21.62, 51.6
21.62, 51.5
21.63, 51.6
21.62, 51.6
21.62, 51.6
21.61, 51.5
21.61, 51.5
21.60, 51.5
21.60, 51.5
21.59, 51.5
21.60, 51.5
21.60, 51.5
21.60, 51.5
21.60, 51.5
21.58, 51.4
21.58, 51.4
21.59, 51.5
21.58, 51.4
21.57, 51.4
21.58, 51.4
21.57, 51.4
21.56, 51.4
21.57, 51.4
21.57, 51.4
21.57, 51.4
21.58, 51.4
21.58, 51.4
21.58, 51.4
21.57, 51.4
21.57, 51.4
21.55, 51.4
21.55, 51.4
21.56, 51.4
21.56, 51.4
21.56, 51.4
21.56, 51.4
21.56, 51.4
21.54, 51.3
21.54, 51.3
21.52, 51.3
21.54, 51.3
21.53, 51.3
21.54, 51.3
21.53, 51.3
21.52, 51.3
21.52, 51.3
21.52, 51.3
21.52, 51.3
21.51, 51.3
21.50, 51.2
21.50, 51.2
21.50, 51.2
21.50, 51.2
21.50, 51.2
21.50, 51.2
21.49, 51.2
21.51, 51.3
21.50, 51.2
21.51, 51.3
21.51, 51.3
21.50, 51.2
21.50, 51.2
21.48, 51.2
21.49, 51.2
21.49, 51.2
21.48, 51.2
21.49, 51.2
21.48, 51.2
21.49, 51.2
21.49, 51.2
21.50, 51.2
21.49, 51.2
21.48, 51.2
21.48, 51.2
21.47, 51.2
21.46, 51.1
21.46, 51.1
21.46, 51.1
21.44, 51.1
21.44, 51.1
21.45, 51.1
21.45, 51.1
21.45, 51.1
21.45, 51.1
21.46, 51.1
21.44, 51.1
21.45, 51.1
21.45, 51.1
21.45, 51.1
21.45, 51.1
21.45, 51.1
21.45, 51.1
21.46, 51.1
21.45, 51.1
21.45, 51.1
21.46, 51.1
21.45, 51.1
21.47, 51.2
21.45, 51.1
21.46, 51.1
21.44, 51.1
21.45, 51.1
21.44, 51.1
21.45, 51.1
21.44, 51.1
21.44, 51.1
21.44, 51.1
21.42, 51.0
21.42, 51.0
21.41, 51.0
21.40, 51.0
21.40, 51.0
21.41, 51.0
21.39, 51.0
21.40, 51.0
21.40, 51.0
21.39, 51.0
21.40, 51.0
21.41, 51.0
21.40, 51.0
21.40, 51.0
21.42, 51.0
21.40, 51.0
21.42, 51.0
21.42, 51.0
21.42, 51.0
21.41, 51.0
21.41, 51.0
21.42, 51.0
21.40, 51.0
21.42, 51.0
21.42, 51.0
21.42, 51.0
21.42, 51.0
21.42, 51.0
21.41, 51.0
21.40, 51.0
21.40, 51.0
21.38, 50.9
21.39, 51.0
21.39, 51.0
21.38, 50.9
21.39, 51.0
21.39, 51.0
21.37, 50.9
21.37, 50.9
21.37, 50.9
21.37, 50.9
21.37, 50.9
21.36, 50.9
21.36, 50.9
21.36, 50.9
21.36, 50.9
21.37, 50.9
21.37, 50.9
21.37, 50.9
21.36, 50.9
21.36, 50.9
21.35, 50.9
21.35, 50.9
21.36, 50.9
21.36, 50.9
21.36, 50.9
21.37, 50.9
21.36, 50.9
21.36, 50.9
21.36, 50.9
21.36, 50.9
21.34, 50.9
21.35, 50.9
21.37, 50.9
21.36, 50.9
21.36, 50.9
21.35, 50.9
21.34, 50.9
21.34, 50.9
21.33, 50.8
21.34, 50.9
21.34, 50.9
21.33, 50.8
21.34, 50.9
21.34, 50.9
21.32, 50.8
21.34, 50.9
21.34, 50.9
21.32, 50.8
21.34, 50.9
21.34, 50.9
21.34, 50.9
21.33, 50.8
21.31, 50.8
21.32, 50.8
21.32, 50.8
21.31, 50.8
21.31, 50.8
21.30, 50.8
21.30, 50.8
21.31, 50.8
21.30, 50.8
21.31, 50.8
21.30, 50.8
21.30, 50.8
21.30, 50.8
21.30, 50.8
21.30, 50.8
21.32, 50.8
21.30, 50.8
21.32, 50.8
21.32, 50.8
21.31, 50.8
21.32, 50.8
21.32, 50.8
21.33, 50.8
21.33, 50.8
21.34, 50.9
21.33, 50.8
21.32, 50.8
21.32, 50.8
21.31, 50.8
21.31, 50.8
21.32, 50.8
21.32, 50.8
21.32, 50.8
21.31, 50.8
21.31, 50.8
21.30, 50.8
21.30, 50.8
21.31, 50.8
21.31, 50.8
21.31, 50.8
21.32, 50.8
21.32, 50.8
21.31, 50.8
21.31, 50.8
21.33, 50.8
21.32, 50.8
21.33, 50.8
21.32, 50.8
21.48, 51.2
21.82, 52.1
22.53, 53.8
22.71, 54.3
23.08, 55.2
23.15, 55.4
23.24, 55.6
23.35, 55.9
23.44, 56.1
23.53, 56.3
23.59, 56.5
23.71, 56.8
23.69, 56.7
23.77, 56.9
23.80, 57.0
23.88, 57.2
23.91, 57.3
23.91, 57.3
23.92, 57.3
23.95, 57.4
24.04, 57.6
24.08, 57.7
24.13, 57.8
24.14, 57.9
24.16, 57.9
24.13, 57.8
24.24, 58.1
24.27, 58.2
24.32, 58.3
24.34, 58.3
24.38, 58.4
24.44, 58.6
24.46, 58.6
24.57, 58.9
24.59, 59.0
24.57, 58.9
24.60, 59.0
24.60, 59.0
24.65, 59.1
24.67, 59.2
24.71, 59.3
24.73, 59.3
24.76, 59.4
24.85, 59.6
24.86, 59.6
25.00, 60.0
24.98, 59.9
25.01, 60.0
24.96, 59.9
24.95, 59.9
24.86, 59.6
24.77, 59.4
24.72, 59.3
24.60, 59.0
24.54, 58.8
24.49, 58.7
24.46, 58.6
24.46, 58.6
24.44, 58.6
24.44, 58.6
24.41, 58.5
24.36, 58.4
24.33, 58.3
24.26, 58.2
24.22, 58.1
24.21, 58.0
24.16, 57.9
24.14, 57.9
24.12, 57.8
24.18, 58.0
24.15, 57.9
24.14, 57.9
24.13, 57.8
24.11, 57.8
24.09, 57.7
24.06, 57.6
24.05, 57.6
24.05, 57.6
24.08, 57.7
24.10, 57.8
24.11, 57.8
24.13, 57.8
24.06, 57.6
24.05, 57.6
24.01, 57.5
24.00, 57.5
24.03, 57.6
24.07, 57.7
24.12, 57.8
24.13, 57.8
24.10, 57.8
24.12, 57.8
24.12, 57.8
24.09, 57.7
24.08, 57.7
24.06, 57.6
24.07, 57.7
24.06, 57.6
24.10, 57.8
24.10, 57.8
24.14, 57.9
24.16, 57.9
24.20, 58.0
24.15, 57.9
24.16, 57.9
24.12, 57.8
24.12, 57.8
24.12, 57.8
24.13, 57.8
24.11, 57.8
24.10, 57.8
24.18, 58.0
24.24, 58.1
24.28, 58.2
24.28, 58.2
24.28, 58.2
24.29, 58.2
24.33, 58.3
24.27, 58.2
24.24, 58.1
24.27, 58.2
24.30, 58.3
24.34, 58.3
24.45, 58.6
24.46, 58.6
24.50, 58.7
24.54, 58.8
24.54, 58.8
24.57, 58.9
24.58, 59.0
24.61, 59.0
24.62, 59.1
24.58, 59.0
24.62, 59.1
24.62, 59.1
24.64, 59.1
24.67, 59.2
24.69, 59.2
24.72, 59.3
24.78, 59.5
24.80, 59.5
24.82, 59.5
24.78, 59.5
24.77, 59.4
24.83, 59.6
24.83, 59.6
24.90, 59.7
24.95, 59.9
24.92, 59.8
24.94, 59.8
24.91, 59.8
24.88, 59.7
24.97, 59.9
25.03, 60.1
25.07, 60.2
25.03, 60.1
25.03, 60.1
25.02, 60.0
25.03, 60.1
25.04, 60.1
25.05, 60.1
25.05, 60.1
25.05, 60.1
25.05, 60.1
25.04, 60.1
25.03, 60.1
25.08, 60.2
25.05, 60.1
25.18, 60.5
25.21, 60.5
25.26, 60.7
25.24, 60.6
25.33, 60.8
25.38, 60.9
25.35, 60.9
25.43, 61.1
25.46, 61.1
25.46, 61.1
25.43, 61.1
25.47, 61.2
25.52, 61.3
25.49, 61.2
25.46, 61.1
25.47, 61.2
25.42, 61.0
25.42, 61.0
25.39, 61.0
25.37, 60.9
25.44, 61.1
25.56, 61.4
25.60, 61.5
25.67, 61.7
25.61, 61.5
25.47, 61.2
25.48, 61.2
25.45, 61.1
25.38, 60.9
25.33, 60.8
25.27, 60.7
25.18, 60.5
25.18, 60.5
25.18, 60.5
25.22, 60.6
25.22, 60.6
25.18, 60.5
25.25, 60.6
25.21, 60.5
25.09, 60.2
24.95, 59.9
25.07, 60.2
25.28, 60.7
25.34, 60.8
25.23, 60.6
25.17, 60.4
25.22, 60.6
25.22, 60.6
25.15, 60.4
25.16, 60.4
25.17, 60.4
25.18, 60.5
25.20, 60.5
25.25, 60.6
25.30, 60.8
25.31, 60.8
25.26, 60.7
25.31, 60.8
25.29, 60.7
25.28, 60.7
25.28, 60.7
25.44, 61.1
25.56, 61.4
25.62, 61.6
25.65, 61.6
25.60, 61.5
25.55, 61.4
25.54, 61.3
25.57, 61.4
25.50, 61.2
25.54, 61.3
25.47, 61.2
25.54, 61.3
25.59, 61.5
25.67, 61.7
25.82, 62.0
25.85, 62.1
25.90, 62.2
25.95, 62.4
25.98, 62.4
25.94, 62.3
25.96, 62.4
26.05, 62.6
26.14, 62.9
26.15, 62.9
26.12, 62.8
26.11, 62.8
26.15, 62.9
26.19, 63.0
26.28, 63.2
26.29, 63.2
26.32, 63.3
26.32, 63.3
26.39, 63.5
26.34, 63.3
26.29, 63.2
26.27, 63.2
26.30, 63.2
26.30, 63.2
26.30, 63.2
26.36, 63.4
26.30, 63.2
26.35, 63.4
26.48, 63.7
26.66, 64.2
26.69, 64.2
26.67, 64.2
26.61, 64.0
26.66, 64.2
26.61, 64.0
26.82, 64.5
26.71, 64.3
26.65, 64.1
26.66, 64.2
26.63, 64.1
26.50, 63.7
26.58, 64.0
26.47, 63.7
26.47, 63.7
26.46, 63.6
26.49, 63.7
26.42, 63.5
26.41, 63.5
26.32, 63.3
26.16, 62.9
26.42, 63.5
26.55, 63.9
26.58, 64.0
26.59, 64.0
26.57, 63.9
26.67, 64.2
26.56, 63.9
26.26, 63.2
26.35, 63.4
26.48, 63.7
26.49, 63.7
26.36, 63.4
26.34, 63.3
26.28, 63.2
26.32, 63.3
26.42, 63.5
26.08, 62.7
26.02, 62.5
26.12, 62.8
25.82, 62.0
25.52, 61.3
25.36, 60.9
24.69, 59.2
24.48, 58.7
24.25, 58.1
24.18, 58.0
23.52, 56.3
23.36, 55.9
23.28, 55.7
23.23, 55.6
22.84, 54.6
22.86, 54.6
22.83, 54.6
22.78, 54.5
22.73, 54.3
22.68, 54.2
22.58, 53.9
22.52, 53.8
22.47, 53.7
22.48, 53.7
22.48, 53.7
22.49, 53.7
22.48, 53.7
22.42, 53.5
22.40, 53.5
22.38, 53.4
22.33, 53.3
22.36, 53.4
22.34, 53.4
22.31, 53.3
22.29, 53.2
22.34, 53.4
22.30, 53.3
22.27, 53.2
22.30, 53.3
22.38, 53.4
22.38, 53.4
22.35, 53.4
22.32, 53.3
22.33, 53.3
22.34, 53.4
22.32, 53.3
22.33, 53.3
22.33, 53.3
22.36, 53.4
22.38, 53.4
22.37, 53.4
22.34, 53.4
22.30, 53.3
22.34, 53.4
22.34, 53.4
22.36, 53.4
22.36, 53.4
22.37, 53.4
22.35, 53.4
22.40, 53.5
22.40, 53.5
22.41, 53.5
22.40, 53.5
22.36, 53.4
22.36, 53.4
22.34, 53.4
22.34, 53.4
22.27, 53.2
22.24, 53.1
22.27, 53.2
22.22, 53.1
22.22, 53.1
22.22, 53.1
22.25, 53.1
22.30, 53.3
22.31, 53.3
22.30, 53.3
22.25, 53.1
22.28, 53.2
22.29, 53.2
22.34, 53.4
22.37, 53.4
22.36, 53.4
22.38, 53.4
22.39, 53.5
22.41, 53.5
22.38, 53.4
22.41, 53.5
22.45, 53.6
22.46, 53.6
22.46, 53.6
22.43, 53.6
22.44, 53.6
22.42, 53.5
22.43, 53.6
22.41, 53.5
22.42, 53.5
22.40, 53.5
22.38, 53.4
22.36, 53.4
22.34, 53.4
22.26, 53.2
22.26, 53.2
22.26, 53.2
22.28, 53.2
22.32, 53.3
22.36, 53.4
22.34, 53.4
22.46, 53.6
22.58, 53.9
22.53, 53.8
22.48, 53.7
22.48, 53.7
22.46, 53.6
22.52, 53.8
22.46, 53.6
22.40, 53.5
22.38, 53.4
22.38, 53.4
22.42, 53.5
22.42, 53.5
22.44, 53.6
22.43, 53.6
22.46, 53.6
22.52, 53.8
22.50, 53.7
22.41, 53.5
22.47, 53.7
22.46, 53.6
22.41, 53.5
22.48, 53.7
22.56, 53.9
22.65, 54.1
22.70, 54.3
22.70, 54.3
22.73, 54.3
22.78, 54.5
22.82, 54.6
22.77, 54.4
22.73, 54.3
22.71, 54.3
22.69, 54.2
22.74, 54.4
22.74, 54.4
22.74, 54.4
22.70, 54.3
22.65, 54.1
22.63, 54.1
22.63, 54.1
22.66, 54.2
22.66, 54.2
22.66, 54.2
22.60, 54.0
22.51, 53.8
22.54, 53.8
22.54, 53.8
22.60, 54.0
22.63, 54.1
22.54, 53.8
22.57, 53.9
22.63, 54.1
22.61, 54.0
22.62, 54.1
22.63, 54.1
22.69, 54.2
22.61, 54.0
22.58, 53.9
22.52, 53.8
22.50, 53.7
22.51, 53.8
22.53, 53.8
22.59, 54.0
22.63, 54.1
22.65, 54.1
22.62, 54.1
22.67, 54.2
22.67, 54.2
22.67, 54.2
22.66, 54.2
22.56, 53.9
22.56, 53.9
22.51, 53.8
22.50, 53.7
22.52, 53.8
22.55, 53.9
22.61, 54.0
22.60, 54.0
22.56, 53.9
22.58, 53.9
22.61, 54.0
22.60, 54.0
22.66, 54.2
22.74, 54.4
22.74, 54.4
22.75, 54.4
22.76, 54.4
22.75, 54.4
22.77, 54.4
22.54, 53.8
22.57, 53.9
22.59, 54.0
22.58, 53.9
22.59, 54.0
22.58, 53.9
22.64, 54.1
22.66, 54.2
22.55, 53.9
22.67, 54.2
22.62, 54.1
22.72, 54.3
22.75, 54.4
22.75, 54.4
22.78, 54.5
22.80, 54.5
22.71, 54.3
22.67, 54.2
22.61, 54.0
22.65, 54.1
22.71, 54.3
22.69, 54.2
22.50, 53.7
22.48, 53.7
22.46, 53.6
22.54, 53.8
22.62, 54.1
22.67, 54.2
22.63, 54.1
22.56, 53.9
22.61, 54.0
22.63, 54.1
22.61, 54.0
22.65, 54.1
22.58, 53.9
22.66, 54.2
22.70, 54.3
22.69, 54.2
22.54, 53.8
22.61, 54.0
22.60, 54.0
22.54, 53.8
22.51, 53.8
22.58, 53.9
22.68, 54.2
22.69, 54.2
22.71, 54.3
22.78, 54.5
22.77, 54.4
22.73, 54.3
22.71, 54.3
22.71, 54.3
22.73, 54.3
22.72, 54.3
22.69, 54.2
22.64, 54.1
22.66, 54.2
22.73, 54.3
22.70, 54.3
22.73, 54.3
22.79, 54.5
22.79, 54.5
22.76, 54.4
22.72, 54.3
22.71, 54.3
22.66, 54.2
22.71, 54.3
22.71, 54.3
22.71, 54.3
22.77, 54.4
22.77, 54.4
22.75, 54.4
22.89, 54.7
22.83, 54.6
22.72, 54.3
22.65, 54.1
22.61, 54.0
22.55, 53.9
22.60, 54.0
22.53, 53.8
22.50, 53.7
22.43, 53.6
22.47, 53.7
22.44, 53.6
22.42, 53.5
22.38, 53.4
22.44, 53.6
22.44, 53.6
22.44, 53.6
22.42, 53.5
22.42, 53.5
22.38, 53.4
22.39, 53.5
22.41, 53.5
22.42, 53.5
22.47, 53.7
22.45, 53.6
22.44, 53.6
22.46, 53.6
22.47, 53.7
22.50, 53.7
22.53, 53.8
22.48, 53.7
22.49, 53.7
22.45, 53.6
22.53, 53.8
22.58, 53.9
22.60, 54.0
22.60, 54.0
22.51, 53.8
22.50, 53.7
22.48, 53.7
22.49, 53.7
22.53, 53.8
22.50, 53.7
22.58, 53.9
22.60, 54.0
22.61, 54.0
22.62, 54.1
22.54, 53.8
22.60, 54.0
22.60, 54.0
22.56, 53.9
22.56, 53.9
22.60, 54.0
22.60, 54.0
22.59, 54.0
22.54, 53.8
22.43, 53.6
22.41, 53.5
22.32, 53.3
22.28, 53.2
22.30, 53.3
22.34, 53.4
22.37, 53.4
22.42, 53.5
22.42, 53.5
22.50, 53.7
22.55, 53.9
22.54, 53.8
22.50, 53.7
22.53, 53.8
22.56, 53.9
22.57, 53.9
22.59, 54.0
22.55, 53.9
22.51, 53.8
22.38, 53.4
22.38, 53.4
22.42, 53.5
22.40, 53.5
22.37, 53.4
22.38, 53.4
22.34, 53.4
22.43, 53.6
22.44, 53.6
22.48, 53.7
22.44, 53.6
22.46, 53.6
22.45, 53.6
22.46, 53.6
22.42, 53.5
22.42, 53.5
22.46, 53.6
22.42, 53.5
22.44, 53.6
22.38, 53.4
22.30, 53.3
22.24, 53.1
22.26, 53.2
22.32, 53.3
22.34, 53.4
22.37, 53.4
22.38, 53.4
22.30, 53.3
22.30, 53.3
22.32, 53.3
22.32, 53.3
22.36, 53.4
22.34, 53.4
22.41, 53.5
22.47, 53.7
22.49, 53.7
22.48, 53.7
22.48, 53.7
22.38, 53.4
22.40, 53.5
22.40, 53.5
22.42, 53.5
22.41, 53.5
22.33, 53.3
22.37, 53.4
22.47, 53.7
22.47, 53.7
22.50, 53.7
22.50, 53.7
22.49, 53.7
22.50, 53.7
22.48, 53.7
22.48, 53.7
22.44, 53.6
22.46, 53.6
22.45, 53.6
22.44, 53.6
22.43, 53.6
22.37, 53.4
22.40, 53.5
22.41, 53.5
22.43, 53.6
22.42, 53.5
22.44, 53.6
22.44, 53.6
22.42, 53.5
22.38, 53.4
22.40, 53.5
22.45, 53.6
22.42, 53.5
22.44, 53.6
22.43, 53.6
22.44, 53.6
22.50, 53.7
22.47, 53.7
22.50, 53.7
22.48, 53.7
22.47, 53.7
22.46, 53.6
22.47, 53.7
22.44, 53.6
22.44, 53.6
22.41, 53.5
22.37, 53.4
22.36, 53.4
22.36, 53.4
22.39, 53.5
22.38, 53.4
22.41, 53.5
22.41, 53.5
22.39, 53.5
22.39, 53.5
22.40, 53.5
22.39, 53.5
22.39, 53.5
22.39, 53.5
22.36, 53.4
22.25, 53.1
22.24, 53.1
22.24, 53.1
22.25, 53.1
22.26, 53.2
22.22, 53.1
22.21, 53.0
22.27, 53.2
22.26, 53.2
22.22, 53.1
22.20, 53.0
22.16, 52.9
22.14, 52.9
22.11, 52.8
22.12, 52.8
22.14, 52.9
22.14, 52.9
22.11, 52.8
22.11, 52.8
22.06, 52.6
22.07, 52.7
22.07, 52.7
22.09, 52.7
22.05, 52.6
22.04, 52.6
22.04, 52.6
22.01, 52.5
22.03, 52.6
22.03, 52.6
22.05, 52.6
22.01, 52.5
21.93, 52.3
21.91, 52.3
21.91, 52.3
21.88, 52.2
21.91, 52.3
21.95, 52.4
21.95, 52.4
21.97, 52.4
21.97, 52.4
21.92, 52.3
21.90, 52.2
21.85, 52.1
21.84, 52.1
21.85, 52.1
21.83, 52.1
21.82, 52.1
21.83, 52.1
21.87, 52.2
21.85, 52.1
21.87, 52.2
21.89, 52.2
21.88, 52.2
21.86, 52.2
21.79, 52.0
21.80, 52.0
21.81, 52.0
21.81, 52.0
21.79, 52.0
21.76, 51.9
21.78, 52.0
21.77, 51.9
21.80, 52.0
21.79, 52.0
21.81, 52.0
21.81, 52.0
21.79, 52.0
21.78, 52.0
21.79, 52.0
21.80, 52.0
21.80, 52.0
21.80, 52.0
21.75, 51.9
21.81, 52.0
21.81, 52.0
21.81, 52.0
21.81, 52.0
21.81, 52.0
21.81, 52.0
21.81, 52.0
21.81, 52.0
21.81, 52.0
21.81, 52.0
21.81, 52.0
21.80, 52.0
21.77, 51.9
21.73, 51.8
21.72, 51.8
21.73, 51.8
21.72, 51.8
21.72, 51.8
21.73, 51.8
21.73, 51.8
21.73, 51.8
21.76, 51.9
21.77, 51.9
21.79, 52.0
21.80, 52.0
21.79, 52.0
21.78, 52.0
21.77, 51.9
21.75, 51.9
21.75, 51.9
21.74, 51.9
21.74, 51.9
21.73, 51.8
21.73, 51.8
21.72, 51.8
21.73, 51.8
21.70, 51.8
21.71, 51.8
21.69, 51.7
21.69, 51.7
21.69, 51.7
21.67, 51.7
21.67, 51.7
21.67, 51.7
21.66, 51.7
21.65, 51.6
21.64, 51.6
21.64, 51.6
21.63, 51.6
21.65, 51.6
21.63, 51.6
21.64, 51.6
21.62, 51.5
21.62, 51.6
21.59, 51.5
21.60, 51.5
21.59, 51.5
21.57, 51.4
21.56, 51.4
21.56, 51.4
21.57, 51.4
21.57, 51.4
21.59, 51.5
21.61, 51.5
21.62, 51.5
21.63, 51.6
21.63, 51.6
21.65, 51.6
21.65, 51.6
21.67, 51.7
21.66, 51.7
21.68, 51.7
21.67, 51.7
21.66, 51.7
21.68, 51.7
21.69, 51.7
21.70, 51.8
21.73, 51.8
21.71, 51.8
21.72, 51.8
21.72, 51.8
21.71, 51.8
21.71, 51.8
21.71, 51.8
21.71, 51.8
21.72, 51.8
21.71, 51.8
21.70, 51.8
21.70, 51.8
21.69, 51.7
21.69, 51.7
21.67, 51.7
21.66, 51.7
21.69, 51.7
21.68, 51.7
21.69, 51.7
21.69, 51.7
21.66, 51.7
21.66, 51.7
21.65, 51.6
21.65, 51.6
21.66, 51.7
21.66, 51.7
21.65, 51.6
21.65, 51.6
21.65, 51.6
21.64, 51.6
21.63, 51.6
21.63, 51.6
21.62, 51.6
21.60, 51.5
21.59, 51.5
21.58, 51.4
21.58, 51.4
21.57, 51.4
21.58, 51.4
21.57, 51.4
21.57, 51.4
21.56, 51.4
21.57, 51.4
21.56, 51.4
21.56, 51.4
21.52, 51.3
21.52, 51.3
21.50, 51.2
21.48, 51.2
21.48, 51.2
21.47, 51.2
21.49, 51.2
21.48, 51.2
21.46, 51.1
21.46, 51.1
21.51, 51.3
21.52, 51.3
21.53, 51.3
21.54, 51.3
21.53, 51.3
21.56, 51.4
21.56, 51.4
21.61, 51.5
21.68, 51.7
21.77, 51.9
21.78, 52.0
21.80, 52.0
21.81, 52.0
21.83, 52.1
21.85, 52.1
21.87, 52.2
21.85, 52.1
21.85, 52.1
21.86, 52.2
21.85, 52.1
21.88, 52.2
21.87, 52.2
21.91, 52.3
21.89, 52.2
21.89, 52.2
21.88, 52.2
21.91, 52.3
21.89, 52.2
21.91, 52.3
21.87, 52.2
21.89, 52.2
21.93, 52.3
21.93, 52.3
21.90, 52.2
21.89, 52.2
21.87, 52.2
21.89, 52.2
21.89, 52.2
21.92, 52.3
21.93, 52.3
21.92, 52.3
21.91, 52.3
21.93, 52.3
21.97, 52.4
22.00, 52.5
22.09, 52.7
22.12, 52.8
22.16, 52.9
22.24, 53.1
22.47, 53.7
22.52, 53.8
22.59, 54.0
22.71, 54.3
22.85, 54.6
22.93, 54.8
22.95, 54.9
22.97, 54.9
22.99, 55.0
23.01, 55.0
23.07, 55.2
23.09, 55.2
23.12, 55.3
23.18, 55.5
23.18, 55.5
23.18, 55.5
23.21, 55.5
23.22, 55.6
23.30, 55.8
23.31, 55.8
23.36, 55.9
23.38, 55.9
23.42, 56.0
23.46, 56.1
23.48, 56.2
23.51, 56.3
23.53, 56.3
23.52, 56.3
23.50, 56.2
23.52, 56.3
23.52, 56.3
23.55, 56.4
23.57, 56.4
23.56, 56.4
23.57, 56.4
23.58, 56.4
23.59, 56.5
23.59, 56.5
23.60, 56.5
23.60, 56.5
23.61, 56.5
23.60, 56.5
23.61, 56.5
23.63, 56.6
23.63, 56.6
23.65, 56.6
23.66, 56.7
23.67, 56.7
23.69, 56.7
23.69, 56.7
23.70, 56.8
23.69, 56.7
23.71, 56.8
23.71, 56.8
23.70, 56.8
23.71, 56.8
23.71, 56.8
23.71, 56.8
23.72, 56.8
23.71, 56.8
23.71, 56.8
23.71, 56.8
23.65, 56.6
23.60, 56.5
23.64, 56.6
23.73, 56.8
23.69, 56.7
23.77, 56.9
23.75, 56.9
23.75, 56.9
23.76, 56.9
23.79, 57.0
23.80, 57.0
23.83, 57.1
23.86, 57.1
23.85, 57.1
23.87, 57.2
23.90, 57.2
23.89, 57.2
23.93, 57.3
23.94, 57.3
23.95, 57.4
23.96, 57.4
23.98, 57.4
24.00, 57.5
24.02, 57.5
24.03, 57.6
24.01, 57.5
24.02, 57.5
23.99, 57.5
23.97, 57.4
23.95, 57.4
23.96, 57.4
23.95, 57.4
23.98, 57.4
23.99, 57.5
23.99, 57.5
24.00, 57.5
24.01, 57.5
24.02, 57.5
23.99, 57.5
23.99, 57.5
23.98, 57.4
23.98, 57.4
23.97, 57.4
23.99, 57.5
24.01, 57.5
23.99, 57.5
23.99, 57.5
23.99, 57.5
23.98, 57.4
23.98, 57.4
23.97, 57.4
23.97, 57.4
23.99, 57.5
23.99, 57.5
23.99, 57.5
24.00, 57.5
23.98, 57.4
23.99, 57.5
23.99, 57.5
23.95, 57.4
23.95, 57.4
23.95, 57.4
23.95, 57.4
23.95, 57.4
23.95, 57.4
23.96, 57.4
23.97, 57.4
23.98, 57.4
24.00, 57.5
24.01, 57.5
24.01, 57.5
24.01, 57.5
24.00, 57.5
24.00, 57.5
23.99, 57.5
24.01, 57.5
24.01, 57.5
23.99, 57.5
24.00, 57.5
23.99, 57.5
23.99, 57.5
23.98, 57.4
23.98, 57.4
23.96, 57.4
23.97, 57.4
23.97, 57.4
24.00, 57.5
23.97, 57.4
23.97, 57.4
23.95, 57.4
23.91, 57.3
23.90, 57.2
23.90, 57.2
23.89, 57.2
23.90, 57.2
23.90, 57.2
23.89, 57.2
23.90, 57.2
23.92, 57.3
23.91, 57.3
23.93, 57.3
23.95, 57.4
23.96, 57.4
23.92, 57.3
23.91, 57.3
23.91, 57.3
23.93, 57.3
23.92, 57.3
23.90, 57.2
23.91, 57.3
23.88, 57.2
23.89, 57.2
23.87, 57.2
23.87, 57.2
23.87, 57.2
23.88, 57.2
23.86, 57.1
23.87, 57.2
23.87, 57.2
23.87, 57.2
23.87, 57.2
23.85, 57.1
23.84, 57.1
23.83, 57.1
23.81, 57.0
23.80, 57.0
23.81, 57.0
23.82, 57.1
23.83, 57.1
23.85, 57.1
23.81, 57.0
23.81, 57.0
23.81, 57.0
23.82, 57.1
23.81, 57.0
23.80, 57.0
23.82, 57.1
23.84, 57.1
23.86, 57.1
23.81, 57.0
23.79, 57.0
23.80, 57.0
23.79, 57.0
23.76, 56.9
23.75, 56.9
23.74, 56.9
23.73, 56.8
23.73, 56.8
23.74, 56.9
23.75, 56.9
23.75, 56.9
23.75, 56.9
23.74, 56.9
23.74, 56.9
23.73, 56.8
23.72, 56.8
23.71, 56.8
23.71, 56.8
23.69, 56.7
23.70, 56.8
23.69, 56.7
23.67, 56.7
23.68, 56.7
23.67, 56.7
23.64, 56.6
23.62, 56.6
23.62, 56.6
23.60, 56.5
23.60, 56.5
23.61, 56.5
23.60, 56.5
23.61, 56.5
23.62, 56.6
23.61, 56.5
23.61, 56.5
23.60, 56.5
23.59, 56.5
23.59, 56.5
23.59, 56.5
23.58, 56.4
23.55, 56.4
23.56, 56.4
23.56, 56.4
23.56, 56.4
23.56, 56.4
23.55, 56.4
23.54, 56.3
23.54, 56.3
23.56, 56.4
23.56, 56.4
23.56, 56.4
23.55, 56.4
23.55, 56.4
23.56, 56.4
23.56, 56.4
23.56, 56.4
23.56, 56.4
23.56, 56.4
23.54, 56.3
23.53, 56.3
23.52, 56.3
23.49, 56.2
23.48, 56.2
23.48, 56.2
23.49, 56.2
23.49, 56.2
23.48, 56.2
23.47, 56.2
23.46, 56.1
23.44, 56.1
23.44, 56.1
23.45, 56.1
23.46, 56.1
23.47, 56.2
23.46, 56.1
23.45, 56.1
23.45, 56.1
23.46, 56.1
23.45, 56.1
23.44, 56.1
23.45, 56.1
23.44, 56.1
23.42, 56.0
23.41, 56.0
23.40, 56.0
23.40, 56.0
23.40, 56.0
23.40, 56.0
23.40, 56.0
23.40, 56.0
23.40, 56.0
23.39, 56.0
23.39, 56.0
23.39, 56.0
23.38, 55.9
23.38, 55.9
23.37, 55.9
23.37, 55.9
23.38, 55.9
23.38, 55.9
23.36, 55.9
23.36, 55.9
23.35, 55.9
23.35, 55.9
23.35, 55.9
23.35, 55.9
23.35, 55.9
23.35, 55.9
23.34, 55.9
23.35, 55.9
23.34, 55.9
23.32, 55.8
23.31, 55.8
23.34, 55.9
23.32, 55.8
23.31, 55.8
23.31, 55.8
23.32, 55.8
23.32, 55.8
23.31, 55.8
23.30, 55.8
23.30, 55.8
23.29, 55.7
23.28, 55.7
23.26, 55.7
23.27, 55.7
23.26, 55.7
23.25, 55.6
23.26, 55.7
23.26, 55.7
23.25, 55.6
23.25, 55.6
23.24, 55.6
23.24, 55.6
23.23, 55.6
23.22, 55.6
23.22, 55.6
23.22, 55.6
23.22, 55.6
23.21, 55.5
23.22, 55.6
23.20, 55.5
23.18, 55.5
23.20, 55.5
23.18, 55.5
23.18, 55.5
23.19, 55.5
23.19, 55.5
23.19, 55.5
23.18, 55.5
23.17, 55.4
23.17, 55.4
23.17, 55.4
23.13, 55.3
23.12, 55.3
23.12, 55.3
23.12, 55.3
23.12, 55.3
23.12, 55.3
23.10, 55.3
23.11, 55.3
23.10, 55.3
23.09, 55.2
23.10, 55.3
23.10, 55.3
23.10, 55.3
23.10, 55.3
23.09, 55.2
23.09, 55.2
23.08, 55.2
23.05, 55.1
23.04, 55.1
23.05, 55.1
23.03, 55.1
23.03, 55.1
23.03, 55.1
23.03, 55.1
23.03, 55.1
23.03, 55.1
23.05, 55.1
23.04, 55.1
23.04, 55.1
23.03, 55.1
23.03, 55.1
23.03, 55.1
23.03, 55.1
23.03, 55.1
23.03, 55.1
23.02, 55.0
23.01, 55.0
23.01, 55.0
23.01, 55.0
23.00, 55.0
23.00, 55.0
23.00, 55.0
22.99, 55.0
23.00, 55.0
22.98, 54.9
22.97, 54.9
22.96, 54.9
22.96, 54.9
22.98, 54.9
22.99, 55.0
22.97, 54.9
22.96, 54.9
22.98, 54.9
22.96, 54.9
22.97, 54.9
22.96, 54.9
22.96, 54.9
22.97, 54.9
22.97, 54.9
22.97, 54.9
22.96, 54.9
22.95, 54.9
22.94, 54.8
22.92, 54.8
22.91, 54.8
22.91, 54.8
22.91, 54.8
22.91, 54.8
22.91, 54.8
22.90, 54.7
22.91, 54.8
22.91, 54.8
22.91, 54.8
22.89, 54.7
22.90, 54.7
22.89, 54.7
22.90, 54.7
22.90, 54.7
22.88, 54.7
22.87, 54.7
22.87, 54.7
22.86, 54.6
22.86, 54.6
22.85, 54.6
22.85, 54.6
22.82, 54.6
22.83, 54.6
22.83, 54.6
22.82, 54.6
22.83, 54.6
22.84, 54.6
22.83, 54.6
22.83, 54.6
22.83, 54.6
22.83, 54.6
22.83, 54.6
22.80, 54.5
22.80, 54.5
22.81, 54.5
22.78, 54.5
22.77, 54.4
22.76, 54.4
22.76, 54.4
22.77, 54.4
22.75, 54.4
22.76, 54.4
22.75, 54.4
22.74, 54.4
22.73, 54.3
22.73, 54.3
22.73, 54.3
22.73, 54.3
22.73, 54.3
22.71, 54.3
22.71, 54.3
22.72, 54.3
22.73, 54.3
22.73, 54.3
22.73, 54.3
22.72, 54.3
22.73, 54.3
22.72, 54.3
22.71, 54.3
22.71, 54.3
22.70, 54.3
22.69, 54.2
22.70, 54.3
22.69, 54.2
22.69, 54.2
22.69, 54.2
22.69, 54.2
22.68, 54.2
22.67, 54.2
22.66, 54.2
22.64, 54.1
22.64, 54.1
22.65, 54.1
22.65, 54.1
22.65, 54.1
22.65, 54.1
22.67, 54.2
22.65, 54.1
22.63, 54.1
22.63, 54.1
22.63, 54.1
22.61, 54.0
22.61, 54.0
22.61, 54.0
22.61, 54.0
22.61, 54.0
22.61, 54.0
22.60, 54.0
22.60, 54.0
22.60, 54.0
22.59, 54.0
22.58, 53.9
22.58, 53.9
22.58, 53.9
22.57, 53.9
22.57, 53.9
22.54, 53.8
22.53, 53.8
22.52, 53.8
22.51, 53.8
22.50, 53.7
22.53, 53.8
22.54, 53.8
22.55, 53.9
22.56, 53.9
22.58, 53.9
22.57, 53.9
22.56, 53.9
22.57, 53.9
22.56, 53.9
22.55, 53.9
22.54, 53.8
22.54, 53.8
22.54, 53.8
22.53, 53.8
22.52, 53.8
22.53, 53.8
22.51, 53.8
22.50, 53.7
22.50, 53.7
22.51, 53.8
22.52, 53.8
22.52, 53.8
22.52, 53.8
22.50, 53.7
22.51, 53.8
22.50, 53.7
22.48, 53.7
22.48, 53.7
22.48, 53.7
22.47, 53.7
22.47, 53.7
22.46, 53.6
22.46, 53.6
22.44, 53.6
22.42, 53.5
22.43, 53.6
22.42, 53.5
22.42, 53.5
22.40, 53.5
22.39, 53.5
22.41, 53.5
22.41, 53.5
22.42, 53.5
22.41, 53.5
22.42, 53.5
22.42, 53.5
22.42, 53.5
22.41, 53.5
22.42, 53.5
22.38, 53.4
22.35, 53.4
22.35, 53.4
22.35, 53.4
22.34, 53.4
22.34, 53.4
22.32, 53.3
22.31, 53.3
22.30, 53.3
22.29, 53.2
22.28, 53.2
22.29, 53.2
22.29, 53.2
22.29, 53.2
22.30, 53.3
22.30, 53.3
22.30, 53.3
22.29, 53.2
22.28, 53.2
22.27, 53.2
22.28, 53.2
22.29, 53.2
22.29, 53.2
22.26, 53.2
22.27, 53.2
22.26, 53.2
22.25, 53.1
22.24, 53.1
22.23, 53.1
22.22, 53.1
22.21, 53.0
22.20, 53.0
22.22, 53.1
22.22, 53.1
22.22, 53.1
22.23, 53.1
22.25, 53.1
22.23, 53.1
22.23, 53.1
22.24, 53.1
22.24, 53.1
22.24, 53.1
22.24, 53.1
22.24, 53.1
22.24, 53.1
22.23, 53.1
22.20, 53.0
22.19, 53.0
22.19, 53.0
22.19, 53.0
22.17, 52.9
22.18, 53.0
22.16, 52.9
22.15, 52.9
22.14, 52.9
22.14, 52.9
22.12, 52.8
22.12, 52.8
22.14, 52.9
22.13, 52.8
22.13, 52.8
22.12, 52.8
22.12, 52.8
22.11, 52.8
22.11, 52.8
22.11, 52.8
22.11, 52.8
22.11, 52.8
22.12, 52.8
22.11, 52.8
22.10, 52.7
22.07, 52.7
22.05, 52.6
22.05, 52.6
22.04, 52.6
22.05, 52.6
22.05, 52.6
22.05, 52.6
22.04, 52.6
22.05, 52.6
22.06, 52.6
22.06, 52.6
22.06, 52.6
22.05, 52.6
22.03, 52.6
22.02, 52.5
22.01, 52.5
22.03, 52.6
22.03, 52.6
22.01, 52.5
22.03, 52.6
22.02, 52.5
22.01, 52.5
22.01, 52.5
22.01, 52.5
22.00, 52.5
22.01, 52.5
21.99, 52.5
22.00, 52.5
21.99, 52.5
22.00, 52.5
21.99, 52.5
21.96, 52.4
21.94, 52.3
21.95, 52.4
21.95, 52.4
21.97, 52.4
21.97, 52.4
21.97, 52.4
21.97, 52.4
21.96, 52.4
21.95, 52.4
21.95, 52.4
21.94, 52.3
21.94, 52.3
21.94, 52.3
21.95, 52.4
21.95, 52.4
21.94, 52.3
21.93, 52.3
21.93, 52.3
21.91, 52.3
21.91, 52.3
21.89, 52.2
21.90, 52.2
21.90, 52.2
21.90, 52.2
21.90, 52.2
21.91, 52.3
21.89, 52.2
21.89, 52.2
21.88, 52.2
21.87, 52.2
21.88, 52.2
21.89, 52.2
21.88, 52.2
21.87, 52.2
21.86, 52.2
21.86, 52.2
21.85, 52.1
21.84, 52.1
21.84, 52.1
21.83, 52.1
21.85, 52.1
21.85, 52.1
21.84, 52.1
21.82, 52.1
21.81, 52.0
21.81, 52.0
21.81, 52.0
21.81, 52.0
21.81, 52.0
21.81, 52.0
21.81, 52.0
21.81, 52.0
21.81, 52.0
21.82, 52.1
21.83, 52.1
21.81, 52.0
21.81, 52.0
21.80, 52.0
21.81, 52.0
21.81, 52.0
21.80, 52.0
21.79, 52.0
21.79, 52.0
21.80, 52.0
21.08, 50.2
21.07, 50.2
21.07, 50.2
21.80, 52.0
21.07, 50.2
21.81, 52.0
21.80, 52.0
21.06, 50.1
21.79, 52.0
21.79, 52.0
21.78, 52.0
21.05, 50.1
21.76, 51.9
21.75, 51.9
21.77, 51.9
21.76, 51.9
21.04, 50.1
21.76, 51.9
21.75, 51.9
21.76, 51.9
21.74, 51.9
21.74, 51.9
21.75, 51.9
21.02, 50.0
21.74, 51.9
21.73, 51.8
21.73, 51.8
21.72, 51.8
21.73, 51.8
21.73, 51.8
21.72, 51.8
21.71, 51.8
21.69, 51.7
21.69, 51.7
21.68, 51.7
21.67, 51.7
21.68, 51.7
21.69, 51.7
21.68, 51.7
21.69, 51.7
21.69, 51.7
21.69, 51.7
20.94, 49.8
21.66, 51.7
21.67, 51.7
21.65, 51.6
21.66, 51.7
21.65, 51.6
20.92, 49.8
21.66, 51.7
20.91, 49.8
21.65, 51.6
21.66, 51.7
21.66, 51.7
21.65, 51.6
21.63, 51.6
20.88, 49.7
21.63, 51.6
21.62, 51.6
20.87, 49.7
21.62, 51.6
21.63, 51.6
21.62, 51.6
20.87, 49.7
21.63, 51.6
20.85, 49.6
21.62, 51.6
21.63, 51.6
21.63, 51.6
20.85, 49.6
20.85, 49.6
21.61, 51.5
21.61, 51.5
21.60, 51.5
20.83, 49.6
21.61, 51.5
20.83, 49.6
21.60, 51.5
21.60, 51.5
21.61, 51.5
21.60, 51.5
20.79, 49.5
21.60, 51.5
20.77, 49.4
21.60, 51.5
21.58, 51.4
20.79, 49.5
21.58, 51.4
20.77, 49.4
20.77, 49.4
21.58, 51.4
21.58, 51.4
21.58, 51.4
21.56, 51.4
21.57, 51.4
20.91, 49.8
21.56, 51.4
20.77, 49.4
20.78, 49.5
20.78, 49.5
20.79, 49.5
21.54, 51.3
20.79, 49.5
21.53, 51.3
21.52, 51.3
20.77, 49.4
21.52, 51.3
21.53, 51.3
21.52, 51.3
21.51, 51.3
21.53, 51.3
20.76, 49.4
21.51, 51.3
21.51, 51.3
21.52, 51.3
20.75, 49.4
21.52, 51.3
21.50, 51.2
21.50, 51.2
20.75, 49.4
21.48, 51.2
20.75, 49.4
21.48, 51.2
20.76, 49.4
20.75, 49.4
20.75, 49.4
21.46, 51.1
21.46, 51.1
21.45, 51.1
21.44, 51.1
20.73, 49.3
21.42, 51.0
20.72, 49.3
21.43, 51.1
20.73, 49.3
21.44, 51.1
21.43, 51.1
21.42, 51.0
21.42, 51.0
20.86, 49.7
21.43, 51.1
20.71, 49.3
21.42, 51.0
20.71, 49.3
21.42, 51.0
21.42, 51.0
20.70, 49.3
21.41, 51.0
21.42, 51.0
21.41, 51.0
21.40, 51.0
20.69, 49.2
21.41, 51.0
21.40, 51.0
21.40, 51.0
21.40, 51.0
21.39, 51.0
21.39, 51.0
21.39, 51.0
21.37, 50.9
20.66, 49.2
21.38, 50.9
21.38, 50.9
20.65, 49.1
21.38, 50.9
21.37, 50.9
21.36, 50.9
21.36, 50.9
21.37, 50.9
21.37, 50.9
21.36, 50.9
21.35, 50.9
21.35, 50.9
21.35, 50.9
21.36, 50.9
21.36, 50.9
21.36, 50.9
21.36, 50.9
21.36, 50.9
20.64, 49.1
21.36, 50.9
21.34, 50.9
20.62, 49.0
21.34, 50.9
20.61, 49.0
21.35, 50.9
20.60, 49.0
21.33, 50.8
20.60, 49.0
21.33, 50.8
21.33, 50.8
20.60, 49.0
21.31, 50.8
21.31, 50.8
21.31, 50.8
20.57, 48.9
21.30, 50.8
20.56, 48.9
21.30, 50.8
21.31, 50.8
20.55, 48.9
20.71, 49.3
21.31, 50.8
20.57, 48.9
21.32, 50.8
21.32, 50.8
21.31, 50.8
20.69, 49.2
21.30, 50.8
20.54, 48.8
21.30, 50.8
21.30, 50.8
21.30, 50.8
21.30, 50.8
21.31, 50.8
20.53, 48.8
21.30, 50.8
20.54, 48.8
21.30, 50.8
20.53, 48.8
21.28, 50.7
21.28, 50.7
21.29, 50.7
21.28, 50.7
21.28, 50.7
21.28, 50.7
20.52, 48.8
21.28, 50.7
20.74, 49.4
21.27, 50.7
20.49, 48.7
21.26, 50.7
21.26, 50.7
20.47, 48.7
21.26, 50.7
21.26, 50.7
20.46, 48.6
21.25, 50.6
20.47, 48.7
21.25, 50.6
20.46, 48.6
21.25, 50.6
20.46, 48.6
21.23, 50.6
20.45, 48.6
21.24, 50.6
20.45, 48.6
21.23, 50.6
21.23, 50.6
21.24, 50.6
21.23, 50.6
21.24, 50.6
21.23, 50.6
20.44, 48.6
21.23, 50.6
21.22, 50.6
21.22, 50.6
21.23, 50.6
21.22, 50.6
20.42, 48.5
20.40, 48.5
21.22, 50.6
21.22, 50.6
21.22, 50.6
20.40, 48.5
21.22, 50.6
20.40, 48.5
21.21, 50.5
21.22, 50.6
21.22, 50.6
21.22, 50.6
21.22, 50.6
21.22, 50.6
21.22, 50.6
21.21, 50.5
21.20, 50.5
21.22, 50.6
20.36, 48.4
21.20, 50.5
21.20, 50.5
21.21, 50.5
20.36, 48.4
21.21, 50.5
21.21, 50.5
21.20, 50.5
21.20, 50.5
21.21, 50.5
21.20, 50.5
21.20, 50.5
20.35, 48.4
21.20, 50.5
21.20, 50.5
21.20, 50.5
21.20, 50.5
20.32, 48.3
21.22, 50.6
21.21, 50.5
20.31, 48.3
21.20, 50.5
21.18, 50.5
20.30, 48.3
21.19, 50.5
21.20, 50.5
21.20, 50.5
21.22, 50.6
21.20, 50.5
20.30, 48.3
21.20, 50.5
21.20, 50.5
21.21, 50.5
21.19, 50.5
21.20, 50.5
21.20, 50.5
21.18, 50.5
20.28, 48.2
21.19, 50.5
20.28, 48.2
21.20, 50.5
21.19, 50.5
21.20, 50.5
21.20, 50.5
21.20, 50.5
21.19, 50.5
20.26, 48.2
21.20, 50.5
21.18, 50.5
21.18, 50.5
20.26, 48.2
21.18, 50.5
21.19, 50.5
21.18, 50.5
21.19, 50.5
21.19, 50.5
21.18, 50.5
20.25, 48.1
21.19, 50.5
21.19, 50.5
20.24, 48.1
21.17, 50.4
20.24, 48.1
21.17, 50.4
21.14, 50.4
21.16, 50.4
21.17, 50.4
20.24, 48.1
21.16, 50.4
20.22, 48.1
21.17, 50.4
21.16, 50.4
20.23, 48.1
21.17, 50.4
21.17, 50.4
21.17, 50.4
21.15, 50.4
21.16, 50.4
21.16, 50.4
21.17, 50.4
20.19, 48.0
21.17, 50.4
21.17, 50.4
21.18, 50.5
21.18, 50.5
21.18, 50.5
21.18, 50.5
21.18, 50.5
20.18, 48.0
20.18, 48.0
21.16, 50.4
21.17, 50.4
21.16, 50.4
21.16, 50.4
21.17, 50.4
21.18, 50.5
20.15, 47.9
20.16, 47.9
21.17, 50.4
20.16, 47.9
21.18, 50.5
20.16, 47.9
21.17, 50.4
21.17, 50.4
21.17, 50.4
21.16, 50.4
21.16, 50.4
21.15, 50.4
21.15, 50.4
21.16, 50.4
20.13, 47.8
20.13, 47.8
21.17, 50.4
21.18, 50.5
21.17, 50.4
21.16, 50.4
20.09, 47.7
21.16, 50.4
21.16, 50.4
20.09, 47.7
21.16, 50.4
20.09, 47.7
21.16, 50.4
20.10, 47.7
21.16, 50.4
20.09, 47.7
21.17, 50.4
21.16, 50.4
20.08, 47.7
21.16, 50.4
21.16, 50.4
20.07, 47.7
21.16, 50.4
21.16, 50.4
20.07, 47.7
21.16, 50.4
20.07, 47.7
21.18, 50.5
20.06, 47.6
21.17, 50.4
21.17, 50.4
21.18, 50.5
20.24, 48.1
21.18, 50.5
20.05, 47.6
21.18, 50.5
21.18, 50.5
21.18, 50.5
21.36, 50.9
22.24, 53.1
22.43, 53.6
20.05, 47.6
22.66, 54.2
20.03, 47.6
22.75, 54.4
22.81, 54.5
22.92, 54.8
22.97, 54.9
20.04, 47.6
23.08, 55.2
20.04, 47.6
23.10, 55.3
20.03, 47.6
23.17, 55.4
23.20, 55.5
23.31, 55.8
20.03, 47.6
20.01, 47.5
23.36, 55.9
20.02, 47.5
23.39, 56.0
23.40, 56.0
23.48, 56.2
23.47, 56.2
23.46, 56.1
23.44, 56.1
23.39, 56.0
23.34, 55.9
23.17, 55.4
23.07, 55.2
20.19, 48.0
22.97, 54.9
22.86, 54.6
22.74, 54.4
22.63, 54.1
22.51, 53.8
19.96, 47.4
22.34, 53.4
19.95, 47.4
19.96, 47.4
22.22, 53.1
19.97, 47.4
22.11, 52.8
19.93, 47.3
22.00, 52.5
19.92, 47.3
21.97, 52.4
19.92, 47.3
22.00, 52.5
21.99, 52.5
21.99, 52.5
22.00, 52.5
19.91, 47.3
21.93, 52.3
21.90, 52.2
21.91, 52.3
21.86, 52.2
21.87, 52.2
19.91, 47.3
21.87, 52.2
19.89, 47.2
21.87, 52.2
21.85, 52.1
21.86, 52.2
21.83, 52.1
21.83, 52.1
21.82, 52.1
21.81, 52.0
21.81, 52.0
21.81, 52.0
21.81, 52.0
21.84, 52.1
21.81, 52.0
21.82, 52.1
19.85, 47.1
21.81, 52.0
21.82, 52.1
21.81, 52.0
21.81, 52.0
19.82, 47.1
21.83, 52.1
19.81, 47.0
21.81, 52.0
19.80, 47.0
21.81, 52.0
21.81, 52.0
21.81, 52.0
21.83, 52.1
21.89, 52.2
21.93, 52.3
21.91, 52.3
21.93, 52.3
22.21, 53.0
22.19, 53.0
22.13, 52.8
22.14, 52.9
22.11, 52.8
22.10, 52.7
22.07, 52.7
19.77, 46.9
22.05, 52.6
22.07, 52.7
19.77, 46.9
22.07, 52.7
22.07, 52.7
19.76, 46.9
22.09, 52.7
22.09, 52.7
22.09, 52.7
22.16, 52.9
22.20, 53.0
22.21, 53.0
22.19, 53.0
22.20, 53.0
22.19, 53.0
22.19, 53.0
22.19, 53.0
22.24, 53.1
22.23, 53.1
22.23, 53.1
19.71, 46.8
22.21, 53.0
22.24, 53.1
22.22, 53.1
22.19, 53.0
22.19, 53.0
22.20, 53.0
19.72, 46.8
22.27, 53.2
22.36, 53.4
22.36, 53.4
19.71, 46.8
22.34, 53.4
19.72, 46.8
22.29, 53.2
19.72, 46.8
22.32, 53.3
22.30, 53.3
19.72, 46.8
22.29, 53.2
22.38, 53.4
22.34, 53.4
22.34, 53.4
19.73, 46.8
22.47, 53.7
22.46, 53.6
22.51, 53.8
22.56, 53.9
22.51, 53.8
22.52, 53.8
22.51, 53.8
19.69, 46.7
22.46, 53.6
22.47, 53.7
22.49, 53.7
22.52, 53.8
22.57, 53.9
22.58, 53.9
22.54, 53.8
19.68, 46.7
22.59, 54.0
19.67, 46.7
22.56, 53.9
19.67, 46.7
22.73, 54.3
22.68, 54.2
22.63, 54.1
22.81, 54.5
22.70, 54.3
22.63, 54.1
22.70, 54.3
22.77, 54.4
22.70, 54.3
19.67, 46.7
22.69, 54.2
19.67, 46.7
22.64, 54.1
22.65, 54.1
22.69, 54.2
19.67, 46.7
22.66, 54.2
22.69, 54.2
22.67, 54.2
22.63, 54.1
22.75, 54.4
19.67, 46.7
22.66, 54.2
22.70, 54.3
22.73, 54.3
22.68, 54.2
19.65, 46.6
22.66, 54.2
19.66, 46.6
22.69, 54.2
22.70, 54.3
19.66, 46.6
22.66, 54.2
22.62, 54.1
22.60, 54.0
22.60, 54.0
22.65, 54.1
22.65, 54.1
22.64, 54.1
22.63, 54.1
19.66, 46.6
22.58, 53.9
22.61, 54.0
22.63, 54.1
22.59, 54.0
22.61, 54.0
22.58, 53.9
22.61, 54.0
22.62, 54.1
19.66, 46.7
22.63, 54.1
22.65, 54.1
22.65, 54.1
22.66, 54.2
22.69, 54.2
22.67, 54.2
19.66, 46.6
22.63, 54.1
22.61, 54.0
22.60, 54.0
22.56, 53.9
22.56, 53.9
22.60, 54.0
22.60, 54.0
22.60, 54.0
22.61, 54.0
19.64, 46.6
22.59, 54.0
22.60, 54.0
22.54, 53.8
22.52, 53.8
22.51, 53.8
22.50, 53.7
22.47, 53.7
22.41, 53.5
19.64, 46.6
19.64, 46.6
22.17, 52.9
22.14, 52.9
22.12, 52.8
22.09, 52.7
22.09, 52.7
22.08, 52.7
22.07, 52.7
22.06, 52.6
22.06, 52.6
19.60, 46.5
21.97, 52.4
21.96, 52.4
21.93, 52.3
21.83, 52.1
19.60, 46.5
21.83, 52.1
19.60, 46.5
21.84, 52.1
21.84, 52.1
19.58, 46.4
21.83, 52.1
21.83, 52.1
21.84, 52.1
21.82, 52.1
21.81, 52.0
19.58, 46.4
21.81, 52.0
21.81, 52.0
19.58, 46.4
21.81, 52.0
19.58, 46.4
21.81, 52.0
19.59, 46.5
21.80, 52.0
21.81, 52.0
21.80, 52.0
21.80, 52.0
19.58, 46.4
21.79, 52.0
21.80, 52.0
19.58, 46.4
21.79, 52.0
21.75, 51.9
19.57, 46.4
21.74, 51.9
21.72, 51.8
19.56, 46.4
21.70, 51.8
21.71, 51.8
21.73, 51.8
21.73, 51.8
21.70, 51.8
21.69, 51.7
19.55, 46.4
21.70, 51.8
21.70, 51.8
21.70, 51.8
21.72, 51.8
19.55, 46.4
21.72, 51.8
19.54, 46.3
21.69, 51.7
19.52, 46.3
19.54, 46.3
21.72, 51.8
21.73, 51.8
19.54, 46.3
21.73, 51.8
21.71, 51.8
21.71, 51.8
19.56, 46.4
21.71, 51.8
21.72, 51.8
19.55, 46.4
21.71, 51.8
21.70, 51.8
21.71, 51.8
21.70, 51.8
19.55, 46.4
21.71, 51.8
21.70, 51.8
21.67, 51.7
21.67, 51.7
21.65, 51.6
21.64, 51.6
21.65, 51.6
21.67, 51.7
19.50, 46.2
21.70, 51.8
21.69, 51.7
21.69, 51.7
19.52, 46.3
19.51, 46.3
21.70, 51.8
19.49, 46.2
21.68, 51.7
21.67, 51.7
19.50, 46.2
21.66, 51.7
21.67, 51.7
21.66, 51.7
21.68, 51.7
21.71, 51.8
21.69, 51.7
21.71, 51.8
21.71, 51.8
21.70, 51.8
21.67, 51.7
19.51, 46.3
21.69, 51.7
21.69, 51.7
21.71, 51.8
21.73, 51.8
21.74, 51.9
19.50, 46.2
21.76, 51.9
21.77, 51.9
21.79, 52.0
21.79, 52.0
21.81, 52.0
21.81, 52.0
21.81, 52.0
21.83, 52.1
19.50, 46.2
21.83, 52.1
21.86, 52.2
19.50, 46.2
21.87, 52.2
21.86, 52.2
21.85, 52.1
21.87, 52.2
21.87, 52.2
21.88, 52.2
21.89, 52.2
21.89, 52.2
21.90, 52.2
21.89, 52.2
21.91, 52.3
21.92, 52.3
19.50, 46.2
21.90, 52.2
21.93, 52.3
21.91, 52.3
21.92, 52.3
21.92, 52.3
21.94, 52.3
19.51, 46.3
21.95, 52.4
21.97, 52.4
21.96, 52.4
21.95, 52.4
19.48, 46.2
21.97, 52.4
21.96, 52.4
21.98, 52.4
19.50, 46.2
22.03, 52.6
22.05, 52.6
22.03, 52.6
22.03, 52.6
19.48, 46.2
22.07, 52.7
22.07, 52.7
19.51, 46.3
22.07, 52.7
22.07, 52.7
19.48, 46.2
22.10, 52.7
22.11, 52.8
22.14, 52.9
22.17, 52.9
22.18, 53.0
22.13, 52.8
22.14, 52.9
22.14, 52.9
22.13, 52.8
22.15, 52.9
22.16, 52.9
19.47, 46.2
22.15, 52.9
22.13, 52.8
22.15, 52.9
22.16, 52.9
19.48, 46.2
22.18, 53.0
22.20, 53.0
22.22, 53.1
22.20, 53.0
19.49, 46.2
22.19, 53.0
19.46, 46.1
22.20, 53.0
22.19, 53.0
22.19, 53.0
22.20, 53.0
22.21, 53.0
22.27, 53.2
19.48, 46.2
22.26, 53.2
22.27, 53.2
19.48, 46.2
22.26, 53.2
22.25, 53.1
22.25, 53.1
22.25, 53.1
22.25, 53.1
22.30, 53.3
22.32, 53.3
22.36, 53.4
19.46, 46.1
19.46, 46.1
22.34, 53.4
22.35, 53.4
22.35, 53.4
22.35, 53.4
22.33, 53.3
22.34, 53.4
22.34, 53.4
22.33, 53.3
22.32, 53.3
19.43, 46.1
22.25, 53.1
19.44, 46.1
22.16, 52.9
22.17, 52.9
19.44, 46.1
22.18, 53.0
19.45, 46.1
22.20, 53.0
22.17, 52.9
19.46, 46.1
19.46, 46.1
22.11, 52.8
19.45, 46.1
22.12, 52.8
22.09, 52.7
19.44, 46.1
22.09, 52.7
19.44, 46.1
22.04, 52.6
19.44, 46.1
22.03, 52.6
21.97, 52.4
19.43, 46.1
21.96, 52.4
19.44, 46.1
21.99, 52.5
19.43, 46.1
21.99, 52.5
21.97, 52.4
21.98, 52.4
21.95, 52.4
21.93, 52.3
21.91, 52.3
21.89, 52.2
21.91, 52.3
21.88, 52.2
19.43, 46.1
21.79, 52.0
21.79, 52.0
21.74, 51.9
21.79, 52.0
21.79, 52.0
21.79, 52.0
19.46, 46.1
21.85, 52.1
21.88, 52.2
19.46, 46.1
21.99, 52.5
22.02, 52.5
22.03, 52.6
19.42, 46.1
21.93, 52.3
19.44, 46.1
21.93, 52.3
19.43, 46.1
21.91, 52.3
21.83, 52.1
21.81, 52.0
19.43, 46.1
21.85, 52.1
21.95, 52.4
21.98, 52.4
22.04, 52.6
22.01, 52.5
21.98, 52.4
19.43, 46.1
21.99, 52.5
19.42, 46.1
21.99, 52.5
21.99, 52.5
22.02, 52.5
22.03, 52.6
22.07, 52.7
22.13, 52.8
22.17, 52.9
22.13, 52.8
22.08, 52.7
22.10, 52.7
22.14, 52.9
22.20, 53.0
22.15, 52.9
22.10, 52.7
22.12, 52.8
22.12, 52.8
19.40, 46.0
22.14, 52.9
22.12, 52.8
22.06, 52.6
22.10, 52.7
22.06, 52.6
22.02, 52.5
19.39, 46.0
22.01, 52.5
22.07, 52.7
22.05, 52.6
22.06, 52.6
22.03, 52.6
21.97, 52.4
19.37, 45.9
19.39, 46.0
22.08, 52.7
22.01, 52.5
21.96, 52.4
22.02, 52.5
22.04, 52.6
22.02, 52.5
21.99, 52.5
19.38, 46.0
21.92, 52.3
21.88, 52.2
21.84, 52.1
21.88, 52.2
21.89, 52.2
19.39, 46.0
21.88, 52.2
19.40, 46.0
21.88, 52.2
21.95, 52.4
21.97, 52.4
22.04, 52.6
19.36, 45.9
22.05, 52.6
22.06, 52.6
22.16, 52.9
22.22, 53.1
22.21, 53.0
22.19, 53.0
22.15, 52.9
22.16, 52.9
22.15, 52.9
19.35, 45.9
22.18, 53.0
22.23, 53.1
22.22, 53.1
22.30, 53.3
22.26, 53.2
22.19, 53.0
19.68, 46.7
22.13, 52.8
22.14, 52.9
22.14, 52.9
22.10, 52.7
22.05, 52.6
22.03, 52.6
19.45, 46.1
22.03, 52.6
22.00, 52.5
22.05, 52.6
22.22, 53.1
22.27, 53.2
22.25, 53.1
19.40, 46.0
22.21, 53.0
19.39, 46.0
22.21, 53.0
22.29, 53.2
22.37, 53.4
22.41, 53.5
19.36, 45.9
22.38, 53.4
22.39, 53.5
22.43, 53.6
19.36, 45.9
22.40, 53.5
22.43, 53.6
22.42, 53.5
22.50, 53.7
22.48, 53.7
22.45, 53.6
22.48, 53.7
22.46, 53.6
22.49, 53.7
22.52, 53.8
22.50, 53.7
22.43, 53.6
22.47, 53.7
22.49, 53.7
22.53, 53.8
22.53, 53.8
19.33, 45.8
22.57, 53.9
22.52, 53.8
19.31, 45.8
22.52, 53.8
19.30, 45.8
22.50, 53.7
19.29, 45.7
22.53, 53.8
22.54, 53.8
22.57, 53.9
22.52, 53.8
19.32, 45.8
22.49, 53.7
22.44, 53.6
22.49, 53.7
22.49, 53.7
22.50, 53.7
22.50, 53.7
19.33, 45.8
22.49, 53.7
22.53, 53.8
22.46, 53.6
19.33, 45.8
22.47, 53.7
19.33, 45.8
19.32, 45.8
19.33, 45.8
22.51, 53.8
19.32, 45.8
22.49, 53.7
19.32, 45.8
22.46, 53.6
22.45, 53.6
22.49, 53.7
22.47, 53.7
22.50, 53.7
22.53, 53.8
22.54, 53.8
22.50, 53.7
22.47, 53.7
22.48, 53.7
22.48, 53.7
22.48, 53.7
19.32, 45.8
22.47, 53.7
22.48, 53.7
22.47, 53.7
19.34, 45.9
19.34, 45.9
22.48, 53.7
19.34, 45.9
19.34, 45.9
19.32, 45.8
22.49, 53.7
22.46, 53.6
19.32, 45.8
22.50, 53.7
22.45, 53.6
22.83, 54.6
19.32, 45.8
23.73, 56.8
24.11, 57.8
19.32, 45.8
24.72, 59.3
19.31, 45.8
25.40, 61.0
25.61, 61.5
25.82, 62.0
19.28, 45.7
26.07, 62.7
26.21, 63.0
19.29, 45.7
26.44, 63.6
26.52, 63.8
25.90, 62.2
25.49, 61.2
25.06, 60.2
24.15, 57.9
23.86, 57.1
23.64, 56.6
23.48, 56.2
23.30, 55.8
19.30, 45.8
23.11, 55.3
19.31, 45.8
22.95, 54.9
19.32, 45.8
22.82, 54.6
22.80, 54.5
22.68, 54.2
22.61, 54.0
22.53, 53.8
19.32, 45.8
19.34, 45.9
22.52, 53.8
19.32, 45.8
22.46, 53.6
22.35, 53.4
22.40, 53.5
19.30, 45.8
22.30, 53.3
22.32, 53.3
19.29, 45.7
22.29, 53.2
22.32, 53.3
22.35, 53.4
22.35, 53.4
22.32, 53.3
22.28, 53.2
22.27, 53.2
19.27, 45.7
22.25, 53.1
22.25, 53.1
22.27, 53.2
19.28, 45.7
22.31, 53.3
22.26, 53.2
22.24, 53.1
22.22, 53.1
22.22, 53.1
22.28, 53.2
22.28, 53.2
19.28, 45.7
22.22, 53.1
19.28, 45.7
22.27, 53.2
22.27, 53.2
19.28, 45.7
22.16, 52.9
19.31, 45.8
19.26, 45.7
22.16, 52.9
22.20, 53.0
22.22, 53.1
22.29, 53.2
22.26, 53.2
19.28, 45.7
22.28, 53.2
22.29, 53.2
19.26, 45.7
22.32, 53.3
19.28, 45.7
22.31, 53.3
22.27, 53.2
19.27, 45.7
22.31, 53.3
22.31, 53.3
19.28, 45.7
22.32, 53.3
19.28, 45.7
22.33, 53.3
22.32, 53.3
22.32, 53.3
22.26, 53.2
22.20, 53.0
22.20, 53.0
22.22, 53.1
19.27, 45.7
22.25, 53.1
19.30, 45.8
19.29, 45.7
19.28, 45.7
22.26, 53.2
19.28, 45.7
22.31, 53.3
19.26, 45.7
22.34, 53.4
22.32, 53.3
22.30, 53.3
22.30, 53.3
22.30, 53.3
22.31, 53.3
22.24, 53.1
19.32, 45.8
22.25, 53.1
19.30, 45.8
22.24, 53.1
19.28, 45.7
22.25, 53.1
22.28, 53.2
22.26, 53.2
19.28, 45.7
22.25, 53.1
22.26, 53.2
22.28, 53.2
19.29, 45.7
22.28, 53.2
22.26, 53.2
22.26, 53.2
22.27, 53.2
22.26, 53.2
19.31, 45.8
19.32, 45.8
19.32, 45.8
22.26, 53.2
22.24, 53.1
22.24, 53.1
22.24, 53.1
22.24, 53.1
19.34, 45.9
22.22, 53.1
22.22, 53.1
19.34, 45.9
22.22, 53.1
22.18, 53.0
22.12, 52.8
22.12, 52.8
19.34, 45.9
22.12, 52.8
19.35, 45.9
22.13, 52.8
22.14, 52.9
22.11, 52.8
22.07, 52.7
19.34, 45.9
22.08, 52.7
22.08, 52.7
22.09, 52.7
19.28, 45.7
22.13, 52.8
22.14, 52.9
22.12, 52.8
22.12, 52.8
22.08, 52.7
22.07, 52.7
22.08, 52.7
22.09, 52.7
22.12, 52.8
22.11, 52.8
19.42, 46.1
22.13, 52.8
22.11, 52.8
22.04, 52.6
22.01, 52.5
19.39, 46.0
22.04, 52.6
22.07, 52.7
22.06, 52.6
19.43, 46.1
22.05, 52.6
22.04, 52.6
22.07, 52.7
22.05, 52.6
22.04, 52.6
22.05, 52.6
19.50, 46.2
19.53, 46.3
19.51, 46.3
22.03, 52.6
21.99, 52.5
21.96, 52.4
19.51, 46.3
21.97, 52.4
19.52, 46.3
21.94, 52.3
21.94, 52.3
19.52, 46.3
21.93, 52.3
21.94, 52.3
19.47, 46.2
21.94, 52.3
19.45, 46.1
21.93, 52.3
21.95, 52.4
19.46, 46.1
21.93, 52.3
19.44, 46.1
19.43, 46.1
21.90, 52.2
21.89, 52.2
21.88, 52.2
21.87, 52.2
19.42, 46.1
19.41, 46.0
21.74, 51.9
21.75, 51.9
19.42, 46.1
21.77, 51.9
21.79, 52.0
21.81, 52.0
19.40, 46.0
21.81, 52.0
21.81, 52.0
19.39, 46.0
21.81, 52.0
21.81, 52.0
21.81, 52.0
21.81, 52.0
19.40, 46.0
21.81, 52.0
21.81, 52.0
19.38, 46.0
21.80, 52.0
21.79, 52.0
21.79, 52.0
19.38, 46.0
21.78, 52.0
21.78, 52.0
21.77, 51.9
21.77, 51.9
19.40, 46.0
21.75, 51.9
21.77, 51.9
19.37, 45.9
21.78, 52.0
21.77, 51.9
19.41, 46.0
21.78, 52.0
21.78, 52.0
21.77, 51.9
19.43, 46.1
21.75, 51.9
21.76, 51.9
19.42, 46.1
21.76, 51.9
21.77, 51.9
21.78, 52.0
19.45, 46.1
19.47, 46.2
21.77, 51.9
19.50, 46.2
21.75, 51.9
21.76, 51.9
19.46, 46.1
21.75, 51.9
21.75, 51.9
21.75, 51.9
19.47, 46.2
19.48, 46.2
21.78, 52.0
21.78, 52.0
21.80, 52.0
19.48, 46.2
21.78, 52.0
21.79, 52.0
21.80, 52.0
19.48, 46.2
21.81, 52.0
21.81, 52.0
19.50, 46.2
21.80, 52.0
19.47, 46.2
21.81, 52.0
21.81, 52.0
19.52, 46.3
19.52, 46.3
19.54, 46.3
21.81, 52.0
19.57, 46.4
21.81, 52.0
21.81, 52.0
21.81, 52.0
19.56, 46.4
21.81, 52.0
21.79, 52.0
21.75, 51.9
21.79, 52.0
21.81, 52.0
21.81, 52.0
19.52, 46.3
19.62, 46.5
21.81, 52.0
21.80, 52.0
19.65, 46.6
21.80, 52.0
21.80, 52.0
21.77, 51.9
19.64, 46.6
21.78, 52.0
21.79, 52.0
21.80, 52.0
21.79, 52.0
19.66, 46.7
21.79, 52.0
21.79, 52.0
21.81, 52.0
21.81, 52.0
19.71, 46.8
21.81, 52.0
19.70, 46.8
19.66, 46.6
21.85, 52.1
21.83, 52.1
21.85, 52.1
21.85, 52.1
21.85, 52.1
21.83, 52.1
19.67, 46.7
21.86, 52.2
21.85, 52.1
21.84, 52.1
19.69, 46.7
21.85, 52.1
21.85, 52.1
19.72, 46.8
21.85, 52.1
19.69, 46.7
21.87, 52.2
21.83, 52.1
21.87, 52.2
21.84, 52.1
21.82, 52.1
21.83, 52.1
19.75, 46.9
21.81, 52.0
19.73, 46.8
21.81, 52.0
19.75, 46.9
21.80, 52.0
19.75, 46.9
21.81, 52.0
21.81, 52.0
19.78, 47.0
21.85, 52.1
19.79, 47.0
21.87, 52.2
21.85, 52.1
21.83, 52.1
21.85, 52.1
21.86, 52.2
21.83, 52.1
21.81, 52.0
19.76, 46.9
21.77, 51.9
21.79, 52.0
21.76, 51.9
21.79, 52.0
21.81, 52.0
21.80, 52.0
19.75, 46.9
21.77, 51.9
21.81, 52.0
21.81, 52.0
21.80, 52.0
21.76, 51.9
21.78, 52.0
19.88, 47.2
21.78, 52.0
21.76, 51.9
21.72, 51.8
21.71, 51.8
19.92, 47.3
21.68, 51.7
21.69, 51.7
21.69, 51.7
21.67, 51.7
19.96, 47.4
21.67, 51.7
21.69, 51.7
21.71, 51.8
21.71, 51.8
19.95, 47.4
21.66, 51.7
21.61, 51.5
21.63, 51.6
21.62, 51.5
21.63, 51.6
21.66, 51.7
21.67, 51.7
21.67, 51.7
21.67, 51.7
21.69, 51.7
19.95, 47.4
19.95, 47.4
21.54, 51.3
21.56, 51.4
21.57, 51.4
21.58, 51.4
21.55, 51.4
21.53, 51.3
20.00, 47.5
21.52, 51.3
21.50, 51.2
21.52, 51.3
21.46, 51.1
21.44, 51.1
21.50, 51.2
21.50, 51.2
21.50, 51.2
21.47, 51.2
21.47, 51.2
20.05, 47.6
21.45, 51.1
21.46, 51.1
20.06, 47.6
20.07, 47.7
21.41, 51.0
21.35, 50.9
21.38, 50.9
21.37, 50.9
21.35, 50.9
21.32, 50.8
20.16, 47.9
21.32, 50.8
21.33, 50.8
20.16, 47.9
20.17, 47.9
20.15, 47.9
21.27, 50.7
21.27, 50.7
21.28, 50.7
21.32, 50.8
21.30, 50.8
21.28, 50.7
21.26, 50.7
20.18, 48.0
21.24, 50.6
21.24, 50.6
20.17, 47.9
21.26, 50.7
20.28, 48.2
20.31, 48.3
21.18, 50.5
21.18, 50.5
21.17, 50.4
21.16, 50.4
21.13, 50.3
20.36, 48.4
20.34, 48.4
21.11, 50.3
20.34, 48.4
21.01, 50.0
20.33, 48.3
20.33, 48.3
21.07, 50.2
21.21, 50.5
21.28, 50.7
21.48, 51.2
20.38, 48.5
21.60, 51.5
21.63, 51.6
21.73, 51.8
21.77, 51.9
21.80, 52.0
21.81, 52.0
21.91, 52.3
21.95, 52.4
21.99, 52.5
22.03, 52.6
22.07, 52.7
20.56, 48.9
22.14, 52.9
22.16, 52.9
22.17, 52.9
22.19, 53.0
22.25, 53.1
22.30, 53.3
20.64, 49.1
22.31, 53.3
20.69, 49.2
22.39, 53.5
20.73, 49.3
22.40, 53.5
22.42, 53.5
22.46, 53.6
22.47, 53.7
22.46, 53.6
20.75, 49.4
22.44, 53.6
20.77, 49.4
22.43, 53.6
22.44, 53.6
22.42, 53.5
20.83, 49.6
22.44, 53.6
20.82, 49.6
22.48, 53.7
20.83, 49.6
22.54, 53.8
22.53, 53.8
22.54, 53.8
22.59, 54.0
22.61, 54.0
22.61, 54.0
22.61, 54.0
22.63, 54.1
22.65, 54.1
22.67, 54.2
21.11, 50.3
22.67, 54.2
22.69, 54.2
21.14, 50.4
22.68, 54.2
22.67, 54.2
22.67, 54.2
21.22, 50.6
22.64, 54.1
22.63, 54.1
21.24, 50.6
22.63, 54.1
21.29, 50.7
21.36, 50.9
22.62, 54.1
22.63, 54.1
22.62, 54.1
21.74, 51.9
22.64, 54.1
22.66, 54.2
22.67, 54.2
22.70, 54.3
22.70, 54.3
22.71, 54.3
22.71, 54.3
22.71, 54.3
22.72, 54.3
22.71, 54.3
22.71, 54.3
22.50, 53.7
22.69, 54.2
22.68, 54.2
22.61, 54.0
22.69, 54.2
22.67, 54.2
22.69, 54.2
22.69, 54.2
22.69, 54.2
22.68, 54.2
22.68, 54.2
22.67, 54.2
22.96, 54.9
22.65, 54.1
22.61, 54.0
22.61, 54.0
23.02, 55.0
22.61, 54.0
22.61, 54.0
22.63, 54.1
22.64, 54.1
22.65, 54.1
22.68, 54.2
22.69, 54.2
22.95, 54.9
22.93, 54.8
22.72, 54.3
22.70, 54.3
22.70, 54.3
22.82, 54.6
22.73, 54.3
22.73, 54.3
22.72, 54.3
22.74, 54.4
22.75, 54.4
22.72, 54.3
22.75, 54.4
22.77, 54.4
22.85, 54.6
22.77, 54.4
22.77, 54.4
22.77, 54.4
22.91, 54.8
22.77, 54.4
22.79, 54.5
22.80, 54.5
22.80, 54.5
22.79, 54.5
22.81, 54.5
22.82, 54.6
22.62, 54.1
22.80, 54.5
22.79, 54.5
22.79, 54.5
22.77, 54.4
22.77, 54.4
22.75, 54.4
22.78, 54.5
22.63, 54.1
22.79, 54.5
22.80, 54.5
22.70, 54.3
22.80, 54.5
22.85, 54.6
22.83, 54.6
22.46, 53.6
22.82, 54.6
22.79, 54.5
22.39, 53.5
22.79, 54.5
22.78, 54.5
22.77, 54.4
22.77, 54.4
22.77, 54.4
22.77, 54.4
22.16, 52.9
22.74, 54.4
22.20, 53.0
22.73, 54.3
22.70, 54.3
22.67, 54.2
22.66, 54.2
22.31, 53.3
22.65, 54.1
22.65, 54.1
22.32, 53.3
22.68, 54.2
22.69, 54.2
22.68, 54.2
22.40, 53.5
22.67, 54.2
22.66, 54.2
22.33, 53.3
22.30, 53.3
22.60, 54.0
22.61, 54.0
22.61, 54.0
22.61, 54.0
22.61, 54.0
22.62, 54.1
22.61, 54.0
22.61, 54.0
22.32, 53.3
22.61, 54.0
22.63, 54.1
22.62, 54.1
22.64, 54.1
22.63, 54.1
22.64, 54.1
22.67, 54.2
22.67, 54.2
22.67, 54.2
22.65, 54.1
22.65, 54.1
22.65, 54.1
22.65, 54.1
22.65, 54.1
22.65, 54.1
22.67, 54.2
22.68, 54.2
22.70, 54.3
22.73, 54.3
22.73, 54.3
22.69, 54.2
22.68, 54.2
22.65, 54.1
22.61, 54.0
22.64, 54.1
22.60, 54.0
22.63, 54.1
22.62, 54.1
22.62, 54.1
22.64, 54.1
22.62, 54.1
22.61, 54.0
22.64, 54.1
22.65, 54.1
22.67, 54.2
22.64, 54.1
22.63, 54.1
22.62, 54.1
22.59, 54.0
22.58, 53.9
22.57, 53.9
22.59, 54.0
22.61, 54.0
22.62, 54.1
22.61, 54.0
22.61, 54.0
22.79, 54.5
22.61, 54.0
22.61, 54.0
22.60, 54.0
22.60, 54.0
22.60, 54.0
22.61, 54.0
22.61, 54.0
22.79, 54.5
22.61, 54.0
22.78, 54.5
22.61, 54.0
22.60, 54.0
22.77, 54.4
22.60, 54.0
22.59, 54.0
22.79, 54.5
22.59, 54.0
22.58, 53.9
22.58, 53.9
22.58, 53.9
22.58, 53.9
22.58, 53.9
22.60, 54.0
22.58, 53.9
22.60, 54.0
22.59, 54.0
22.58, 53.9
22.82, 54.6
22.58, 53.9
22.83, 54.6
22.58, 53.9
22.58, 53.9
22.85, 54.6
22.57, 53.9
22.81, 54.5
22.57, 53.9
22.86, 54.6
22.58, 53.9
22.60, 54.0
22.58, 53.9
22.96, 54.9
22.57, 53.9
22.57, 53.9
22.56, 53.9
22.55, 53.9
22.54, 53.8
22.91, 54.8
22.55, 53.9
22.56, 53.9
22.54, 53.8
22.55, 53.9
22.56, 53.9
22.55, 53.9
22.54, 53.8
22.54, 53.8
22.53, 53.8
22.97, 54.9
22.54, 53.8
22.56, 53.9
22.57, 53.9
22.57, 53.9
22.96, 54.9
22.98, 54.9
22.56, 53.9
23.06, 55.1
22.54, 53.8
22.99, 55.0
22.56, 53.9
22.54, 53.8
23.00, 55.0
22.51, 53.8
22.50, 53.7
22.50, 53.7
22.48, 53.7
22.47, 53.7
22.46, 53.6
22.46, 53.6
22.46, 53.6
22.45, 53.6
22.44, 53.6
22.44, 53.6
22.45, 53.6
22.48, 53.7
22.48, 53.7
22.48, 53.7
22.48, 53.7
22.46, 53.6
23.05, 55.1
22.43, 53.6
22.44, 53.6
22.43, 53.6
23.04, 55.1
22.44, 53.6
22.48, 53.7
22.47, 53.7
22.46, 53.6
22.45, 53.6
22.44, 53.6
22.42, 53.5
22.42, 53.5
22.42, 53.5
22.42, 53.5
22.41, 53.5
22.42, 53.5
22.40, 53.5
22.40, 53.5
22.40, 53.5
22.40, 53.5
22.99, 55.0
22.41, 53.5
22.40, 53.5
22.40, 53.5
22.38, 53.4
22.38, 53.4
22.38, 53.4
22.36, 53.4
22.35, 53.4
22.36, 53.4
22.35, 53.4
22.34, 53.4
23.45, 56.1
22.36, 53.4
22.98, 54.9
22.38, 53.4
22.40, 53.5
22.42, 53.5
22.97, 54.9
22.40, 53.5
22.40, 53.5
22.40, 53.5
22.38, 53.4
22.38, 53.4
22.38, 53.4
22.37, 53.4
22.93, 54.8
22.34, 53.4
22.36, 53.4
22.35, 53.4
22.34, 53.4
22.34, 53.4
22.34, 53.4
22.35, 53.4
22.34, 53.4
22.85, 54.6
22.34, 53.4
22.35, 53.4
22.37, 53.4
22.38, 53.4
22.92, 54.8
22.36, 53.4
22.35, 53.4
22.33, 53.3
22.32, 53.3
22.32, 53.3
22.32, 53.3
22.32, 53.3
22.30, 53.3
22.93, 54.8
22.30, 53.3
22.90, 54.7
22.32, 53.3
22.30, 53.3
22.28, 53.2
22.30, 53.3
22.90, 54.7
22.29, 53.2
22.31, 53.3
22.31, 53.3
22.30, 53.3
22.30, 53.3
22.31, 53.3
22.29, 53.2
22.28, 53.2
22.91, 54.8
22.28, 53.2
22.26, 53.2
22.27, 53.2
22.28, 53.2
22.28, 53.2
22.27, 53.2
22.26, 53.2
22.27, 53.2
22.26, 53.2
22.25, 53.1
22.25, 53.1
22.24, 53.1
22.24, 53.1
22.24, 53.1
22.24, 53.1
22.60, 54.0
22.25, 53.1
22.61, 54.0
22.25, 53.1
22.58, 53.9
22.25, 53.1
22.26, 53.2
22.26, 53.2
22.24, 53.1
22.74, 54.4
22.27, 53.2
22.29, 53.2
22.79, 54.5
22.28, 53.2
22.69, 54.2
22.27, 53.2
22.26, 53.2
22.28, 53.2
22.27, 53.2
22.67, 54.2
22.27, 53.2
22.25, 53.1
22.25, 53.1
22.26, 53.2
22.27, 53.2
22.28, 53.2
22.28, 53.2
22.27, 53.2
22.27, 53.2
22.52, 53.8
22.28, 53.2
22.27, 53.2
22.26, 53.2
22.27, 53.2
22.27, 53.2
22.61, 54.0
22.28, 53.2
22.64, 54.1
22.28, 53.2
22.29, 53.2
22.62, 54.1
22.29, 53.2
22.30, 53.3
22.62, 54.1
22.29, 53.2
22.30, 53.3
22.63, 54.1
22.28, 53.2
22.28, 53.2
22.30, 53.3
22.67, 54.2
22.28, 53.2
22.28, 53.2
22.27, 53.2
22.28, 53.2
22.28, 53.2
22.27, 53.2
22.75, 54.4
22.26, 53.2
22.26, 53.2
22.26, 53.2
22.26, 53.2
22.26, 53.2
22.75, 54.4
22.74, 54.4
22.69, 54.2
22.26, 53.2
22.26, 53.2
22.25, 53.1
22.79, 54.5
22.81, 54.5
22.24, 53.1
22.25, 53.1
22.25, 53.1
22.25, 53.1
22.76, 54.4
22.25, 53.1
22.26, 53.2
22.73, 54.3
22.24, 53.1
22.24, 53.1
22.25, 53.1
22.77, 54.4
22.24, 53.1
22.24, 53.1
22.25, 53.1
22.24, 53.1
22.83, 54.6
22.23, 53.1
22.24, 53.1
22.91, 54.8
22.93, 54.8
22.94, 54.8
22.23, 53.1
22.23, 53.1
22.25, 53.1
22.23, 53.1
22.24, 53.1
22.24, 53.1
22.24, 53.1
22.24, 53.1
22.71, 54.3
22.25, 53.1
22.24, 53.1
22.26, 53.2
22.24, 53.1
22.26, 53.2
22.24, 53.1
22.24, 53.1
22.24, 53.1
22.93, 54.8
22.24, 53.1
22.24, 53.1
22.23, 53.1
22.24, 53.1
22.23, 53.1
22.88, 54.7
22.23, 53.1
22.21, 53.0
22.22, 53.1
22.22, 53.1
22.21, 53.0
22.20, 53.0
22.21, 53.0
22.21, 53.0
22.21, 53.0
22.89, 54.7
22.22, 53.1
22.21, 53.0
22.89, 54.7
22.22, 53.1
22.92, 54.8
22.22, 53.1
22.88, 54.7
22.22, 53.1
22.23, 53.1
22.88, 54.7
22.87, 54.7
22.25, 53.1
22.90, 54.7
22.96, 54.9
22.26, 53.2
22.99, 55.0
22.24, 53.1
22.24, 53.1
22.24, 53.1
22.24, 53.1
22.22, 53.1
22.23, 53.1
22.21, 53.0
22.21, 53.0
22.20, 53.0
22.20, 53.0
23.01, 55.0
22.20, 53.0
22.98, 54.9
22.20, 53.0
23.02, 55.0
22.20, 53.0
22.20, 53.0
22.99, 55.0
22.19, 53.0
22.20, 53.0
22.20, 53.0
22.20, 53.0
22.99, 55.0
22.20, 53.0
22.20, 53.0
22.98, 54.9
22.98, 54.9
22.21, 53.0
22.95, 54.9
22.21, 53.0
22.20, 53.0
22.95, 54.9
22.20, 53.0
22.18, 53.0
22.93, 54.8
22.19, 53.0
22.19, 53.0
22.18, 53.0
22.18, 53.0
22.18, 53.0
22.18, 53.0
22.17, 52.9
22.93, 54.8
22.17, 52.9
22.93, 54.8
22.16, 52.9
22.16, 52.9
22.96, 54.9
22.16, 52.9
22.95, 54.9
22.16, 52.9
22.15, 52.9
22.17, 52.9
22.16, 52.9
22.18, 53.0
22.18, 53.0
22.17, 52.9
22.16, 52.9
22.16, 52.9
22.16, 52.9
22.16, 52.9
22.15, 52.9
22.15, 52.9
22.15, 52.9
22.16, 52.9
22.88, 54.7
22.88, 54.7
22.13, 52.8
22.13, 52.8
22.83, 54.6
22.11, 52.8
22.12, 52.8
22.11, 52.8
22.12, 52.8
22.11, 52.8
22.11, 52.8
22.11, 52.8
22.89, 54.7
22.11, 52.8
22.12, 52.8
22.13, 52.8
22.85, 54.6
22.91, 54.8
22.11, 52.8
22.92, 54.8
22.12, 52.8
22.11, 52.8
22.11, 52.8
22.11, 52.8
22.11, 52.8
22.11, 52.8
22.95, 54.9
22.11, 52.8
22.92, 54.8
22.11, 52.8
22.92, 54.8
22.10, 52.7
22.10, 52.7
22.09, 52.7
22.93, 54.8
22.09, 52.7
22.90, 54.7
22.11, 52.8
22.89, 54.7
22.11, 52.8
22.95, 54.9
22.12, 52.8
22.11, 52.8
22.11, 52.8
22.12, 52.8
22.95, 54.9
22.11, 52.8
22.11, 52.8
22.97, 54.9
22.11, 52.8
22.11, 52.8
22.94, 54.8
22.13, 52.8
22.93, 54.8
22.95, 54.9
22.14, 52.9
22.14, 52.9
22.14, 52.9
22.97, 54.9
22.16, 52.9
22.15, 52.9
22.96, 54.9
22.16, 52.9
22.16, 52.9
22.16, 52.9
22.16, 52.9
22.18, 53.0
22.19, 53.0
22.18, 53.0
22.18, 53.0
22.18, 53.0
22.20, 53.0
22.22, 53.1
22.23, 53.1
22.22, 53.1
23.05, 55.1
23.05, 55.1
22.20, 53.0
22.20, 53.0
22.22, 53.1
23.05, 55.1
22.23, 53.1
22.22, 53.1
22.21, 53.0
22.21, 53.0
23.05, 55.1
22.20, 53.0
23.06, 55.1
22.19, 53.0
22.17, 52.9
22.16, 52.9
22.16, 52.9
22.16, 52.9
23.16, 55.4
22.18, 53.0
22.16, 52.9
23.19, 55.5
22.16, 52.9
23.21, 55.5
22.17, 52.9
22.14, 52.9
22.13, 52.8
22.13, 52.8
22.13, 52.8
22.12, 52.8
22.12, 52.8
22.12, 52.8
22.11, 52.8
22.11, 52.8
22.09, 52.7
22.10, 52.7
22.09, 52.7
22.09, 52.7
23.30, 55.8
23.27, 55.7
23.28, 55.7
22.04, 52.6
23.23, 55.6
22.03, 52.6
23.23, 55.6
22.03, 52.6
22.03, 52.6
22.02, 52.5
22.02, 52.5
22.02, 52.5
23.29, 55.7
22.02, 52.5
22.01, 52.5
23.28, 55.7
22.00, 52.5
22.00, 52.5
23.29, 55.7
21.99, 52.5
21.99, 52.5
21.99, 52.5
21.98, 52.4
23.38, 55.9
21.96, 52.4
21.95, 52.4
21.95, 52.4
21.94, 52.3
21.93, 52.3
21.93, 52.3
21.92, 52.3
21.91, 52.3
21.91, 52.3
21.92, 52.3
23.34, 55.9
21.89, 52.2
21.89, 52.2
23.29, 55.7
21.88, 52.2
21.88, 52.2
23.28, 55.7
21.87, 52.2
21.88, 52.2
21.89, 52.2
21.88, 52.2
21.88, 52.2
21.87, 52.2
23.25, 55.6
21.86, 52.2
21.84, 52.1
21.84, 52.1
21.83, 52.1
21.83, 52.1
23.27, 55.7
21.82, 52.1
21.83, 52.1
21.81, 52.0
23.22, 55.6
21.81, 52.0
23.26, 55.7
21.81, 52.0
21.81, 52.0
21.81, 52.0
21.80, 52.0
21.80, 52.0
21.81, 52.0
23.22, 55.6
21.80, 52.0
21.80, 52.0
21.79, 52.0
23.22, 55.6
21.79, 52.0
23.86, 57.1
21.79, 52.0
23.23, 55.6
21.78, 52.0
21.77, 51.9
23.18, 55.5
21.76, 51.9
21.75, 51.9
21.76, 51.9
21.76, 51.9
21.75, 51.9
21.77, 51.9
23.25, 55.6
23.26, 55.7
21.75, 51.9
21.73, 51.8
21.72, 51.8
21.72, 51.8
21.73, 51.8
21.70, 51.8
21.71, 51.8
23.27, 55.7
23.31, 55.8
21.69, 51.7
21.67, 51.7
21.66, 51.7
21.65, 51.6
21.66, 51.7
23.28, 55.7
21.66, 51.7
21.66, 51.7
21.66, 51.7
23.24, 55.6
21.65, 51.6
21.65, 51.6
21.65, 51.6
21.65, 51.6
21.64, 51.6
21.63, 51.6
23.23, 55.6
21.64, 51.6
21.63, 51.6
21.63, 51.6
21.62, 51.6
21.63, 51.6
21.62, 51.5
21.62, 51.5
21.62, 51.5
23.29, 55.7
23.30, 55.8
21.60, 51.5
21.60, 51.5
23.28, 55.7
21.59, 51.5
21.60, 51.5
21.59, 51.5
23.25, 55.6
21.59, 51.5
23.19, 55.5
21.60, 51.5
21.60, 51.5
23.24, 55.6
21.60, 51.5
23.28, 55.7
21.59, 51.5
21.59, 51.5
21.58, 51.4
23.38, 55.9
21.57, 51.4
21.56, 51.4
21.57, 51.4
21.57, 51.4
21.56, 51.4
21.56, 51.4
21.54, 51.3
23.64, 56.6
21.53, 51.3
21.54, 51.3
21.53, 51.3
23.69, 56.7
23.73, 56.8
21.53, 51.3
21.52, 51.3
21.50, 51.2
21.51, 51.3
21.51, 51.3
21.49, 51.2
21.47, 51.2
21.47, 51.2
21.48, 51.2
23.75, 56.9
23.74, 56.9
21.49, 51.2
21.50, 51.2
21.49, 51.2
23.74, 56.9
21.49, 51.2
23.74, 56.9
21.47, 51.2
23.73, 56.8
21.46, 51.1
21.46, 51.1
21.46, 51.1
21.47, 51.2
21.46, 51.1
21.46, 51.1
23.71, 56.8
21.45, 51.1
21.44, 51.1
21.43, 51.1
21.44, 51.1
23.71, 56.8
21.43, 51.1
23.72, 56.8
21.43, 51.1
21.44, 51.1
21.45, 51.1
23.78, 57.0
21.44, 51.1
23.78, 57.0
21.44, 51.1
23.78, 57.0
23.82, 57.1
21.42, 51.0
21.42, 51.0
21.42, 51.0
21.43, 51.1
23.88, 57.2
21.42, 51.0
21.43, 51.1
21.42, 51.0
21.42, 51.0
21.42, 51.0
21.40, 51.0
21.39, 51.0
23.88, 57.2
21.40, 51.0
23.89, 57.2
21.38, 50.9
23.93, 57.3
21.38, 50.9
21.37, 50.9
21.39, 51.0
21.38, 50.9
21.38, 50.9
21.36, 50.9
21.38, 50.9
23.89, 57.2
21.37, 50.9
21.36, 50.9
23.86, 57.1
21.35, 50.9
21.34, 50.9
21.34, 50.9
23.96, 57.4
21.36, 50.9
21.36, 50.9
21.36, 50.9
23.96, 57.4
23.92, 57.3
21.36, 50.9
21.35, 50.9
23.95, 57.4
21.35, 50.9
21.34, 50.9
21.35, 50.9
21.35, 50.9
21.34, 50.9
21.34, 50.9
21.34, 50.9
23.95, 57.4
21.32, 50.8
24.08, 57.7
21.33, 50.8
24.00, 57.5
21.32, 50.8
21.32, 50.8
21.32, 50.8
21.33, 50.8
21.32, 50.8
21.34, 50.9
24.05, 57.6
21.34, 50.9
21.34, 50.9
21.34, 50.9
21.33, 50.8
21.32, 50.8
21.34, 50.9
21.34, 50.9
21.33, 50.8
21.32, 50.8
21.32, 50.8
21.33, 50.8
21.33, 50.8
23.99, 57.5
21.32, 50.8
21.32, 50.8
24.05, 57.6
21.31, 50.8
21.31, 50.8
21.30, 50.8
21.32, 50.8
24.07, 57.7
21.32, 50.8
21.30, 50.8
21.32, 50.8
24.01, 57.5
21.30, 50.8
21.30, 50.8
21.31, 50.8
21.31, 50.8
21.31, 50.8
21.32, 50.8
21.32, 50.8
24.09, 57.7
21.32, 50.8
24.07, 57.7
24.04, 57.6
21.34, 50.9
24.10, 57.8
21.34, 50.9
24.13, 57.8
21.33, 50.8
24.10, 57.8
21.34, 50.9
21.34, 50.9
21.32, 50.8
21.32, 50.8
24.16, 57.9
21.31, 50.8
24.17, 57.9
21.32, 50.8
24.18, 58.0
21.31, 50.8
21.31, 50.8
24.16, 57.9
21.30, 50.8
24.18, 58.0
21.29, 50.7
21.30, 50.8
21.30, 50.8
24.20, 58.0
24.16, 57.9
21.30, 50.8
21.31, 50.8
21.31, 50.8
24.24, 58.1
21.31, 50.8
24.19, 58.0
21.30, 50.8
21.31, 50.8
21.32, 50.8
21.31, 50.8
24.22, 58.1
21.30, 50.8
24.18, 58.0
21.31, 50.8
21.32, 50.8
21.32, 50.8
21.30, 50.8
21.30, 50.8
21.29, 50.7
24.20, 58.0
21.30, 50.8
24.20, 58.0
21.29, 50.7
21.28, 50.7
21.28, 50.7
21.30, 50.8
21.29, 50.7
21.30, 50.8
21.30, 50.8
21.28, 50.7
21.28, 50.7
24.32, 58.3
21.28, 50.7
24.30, 58.3
21.28, 50.7
21.28, 50.7
21.27, 50.7
21.29, 50.7
24.30, 58.3
21.28, 50.7
24.34, 58.3
24.30, 58.3
21.28, 50.7
24.34, 58.3
21.29, 50.7
24.32, 58.3
24.30, 58.3
21.30, 50.8
24.28, 58.2
21.30, 50.8
21.29, 50.7
21.28, 50.7
21.28, 50.7
21.28, 50.7
21.28, 50.7
24.36, 58.4
21.28, 50.7
24.33, 58.3
21.28, 50.7
21.28, 50.7
24.32, 58.3
21.28, 50.7
21.27, 50.7
24.34, 58.3
21.27, 50.7
24.32, 58.3
24.28, 58.2
21.25, 50.6
21.25, 50.6
21.25, 50.6
21.24, 50.6
21.25, 50.6
21.25, 50.6
21.25, 50.6
24.28, 58.2
21.25, 50.6
21.25, 50.6
21.26, 50.7
21.26, 50.7
24.32, 58.3
21.24, 50.6
24.35, 58.4
21.24, 50.6
21.24, 50.6
21.24, 50.6
21.24, 50.6
21.22, 50.6
24.36, 58.4
21.24, 50.6
24.38, 58.4
21.24, 50.6
24.38, 58.4
21.23, 50.6
21.23, 50.6
21.24, 50.6
24.41, 58.5
21.23, 50.6
21.23, 50.6
24.43, 58.6
21.22, 50.6
24.44, 58.6
21.23, 50.6
21.21, 50.5
21.20, 50.5
21.21, 50.5
21.20, 50.5
21.20, 50.5
21.20, 50.5
21.19, 50.5
21.19, 50.5
24.49, 58.7
21.18, 50.5
24.46, 58.6
24.50, 58.7
21.17, 50.4
24.53, 58.8
21.17, 50.4
21.17, 50.4
21.17, 50.4
21.17, 50.4
21.18, 50.5
24.54, 58.8
24.48, 58.7
21.17, 50.4
21.16, 50.4
21.16, 50.4
21.16, 50.4
21.16, 50.4
21.16, 50.4
24.46, 58.6
21.17, 50.4
21.16, 50.4
21.17, 50.4
21.17, 50.4
21.18, 50.5
21.17, 50.4
21.16, 50.4
21.16, 50.4
21.16, 50.4
21.16, 50.4
21.15, 50.4
21.15, 50.4
21.15, 50.4
21.16, 50.4
24.62, 59.1
21.16, 50.4
21.14, 50.4
24.67, 59.2
21.14, 50.3
24.70, 59.3
21.14, 50.4
21.13, 50.3
21.14, 50.4
24.61, 59.0
21.13, 50.3
24.66, 59.2
21.13, 50.3
24.63, 59.1
21.13, 50.3
24.66, 59.2
21.14, 50.3
21.14, 50.4
21.13, 50.3
24.59, 59.0
24.60, 59.0
21.13, 50.3
24.70, 59.3
21.13, 50.3
21.13, 50.3
21.13, 50.3
21.13, 50.3
21.14, 50.3
24.77, 59.4
21.13, 50.3
24.76, 59.4
21.13, 50.3
21.13, 50.3
21.12, 50.3
21.13, 50.3
24.85, 59.6
21.12, 50.3
24.84, 59.6
21.13, 50.3
21.12, 50.3
24.77, 59.4
21.13, 50.3
24.79, 59.5
21.13, 50.3
21.13, 50.3
21.13, 50.3
24.86, 59.6
24.80, 59.5
24.86, 59.6
21.13, 50.3
21.13, 50.3
21.11, 50.3
21.12, 50.3
21.12, 50.3
24.87, 59.7
21.12, 50.3
21.12, 50.3
21.12, 50.3
24.86, 59.6
21.12, 50.3
21.11, 50.3
21.11, 50.3
21.13, 50.3
21.12, 50.3
24.89, 59.7
21.12, 50.3
21.12, 50.3
21.13, 50.3
24.93, 59.8
21.13, 50.3
24.97, 59.9
21.13, 50.3
24.96, 59.9
21.13, 50.3
21.13, 50.3
21.13, 50.3
21.14, 50.3
21.14, 50.4
21.13, 50.3
21.12, 50.3
25.19, 60.5
21.11, 50.3
21.12, 50.3
21.11, 50.3
24.99, 60.0
21.11, 50.3
25.05, 60.1
21.12, 50.3
21.12, 50.3
21.11, 50.3
21.11, 50.3
21.12, 50.3
25.06, 60.2
21.12, 50.3
21.11, 50.3
25.12, 60.3
21.13, 50.3
21.11, 50.3
21.12, 50.3
21.11, 50.3
21.12, 50.3
21.12, 50.3
21.13, 50.3
21.12, 50.3
25.20, 60.5
21.12, 50.3
21.11, 50.3
21.12, 50.3
21.12, 50.3
21.11, 50.3
25.12, 60.3
21.12, 50.3
21.12, 50.3
21.13, 50.3
21.12, 50.3
25.11, 60.3
21.13, 50.3
25.18, 60.5
21.13, 50.3
21.11, 50.3
21.12, 50.3
21.11, 50.3
25.16, 60.4
21.11, 50.3
21.11, 50.3
21.11, 50.3
21.10, 50.2
21.11, 50.3
21.10, 50.2
21.11, 50.3
21.13, 50.3
25.37, 60.9
21.11, 50.3
21.11, 50.3
25.32, 60.8
21.11, 50.3
25.28, 60.7
21.10, 50.2
25.33, 60.8
21.11, 50.3
21.11, 50.3
21.11, 50.3
21.11, 50.3
25.32, 60.8
21.13, 50.3
21.12, 50.3
21.13, 50.3
21.13, 50.3
21.13, 50.3
21.13, 50.3
21.14, 50.3
21.13, 50.3
21.12, 50.3
21.12, 50.3
21.13, 50.3
21.11, 50.3
21.13, 50.3
21.13, 50.3
21.13, 50.3
21.11, 50.3
21.13, 50.3
21.11, 50.3
21.13, 50.3
21.12, 50.3
25.52, 61.3
21.11, 50.3
21.12, 50.3
25.52, 61.3
21.11, 50.3
21.12, 50.3
25.54, 61.3
21.11, 50.3
21.11, 50.3
21.11, 50.3
25.57, 61.4
21.11, 50.3
21.11, 50.3
21.11, 50.3
21.12, 50.3
21.11, 50.3
21.11, 50.3
21.13, 50.3
25.55, 61.4
21.12, 50.3
25.61, 61.5
21.12, 50.3
25.63, 61.6
21.13, 50.3
21.13, 50.3
25.62, 61.6
21.14, 50.4
21.13, 50.3
21.14, 50.3
21.13, 50.3
21.14, 50.3
21.13, 50.3
21.13, 50.3
21.12, 50.3
25.71, 61.8
21.13, 50.3
21.12, 50.3
25.71, 61.8
21.12, 50.3
21.13, 50.3
21.14, 50.3
21.13, 50.3
21.11, 50.3
25.79, 62.0
21.11, 50.3
25.85, 62.1
21.12, 50.3
25.78, 62.0
21.11, 50.3
25.82, 62.0
21.12, 50.3
21.11, 50.3
21.11, 50.3
25.76, 61.9
21.12, 50.3
25.78, 62.0
21.13, 50.3
25.83, 62.1
21.12, 50.3
21.12, 50.3
25.81, 62.0
21.13, 50.3
21.11, 50.3
21.11, 50.3
21.13, 50.3
21.11, 50.3
21.12, 50.3
21.12, 50.3
21.12, 50.3
21.11, 50.3
21.12, 50.3
21.11, 50.3
21.12, 50.3
21.12, 50.3
21.13, 50.3
21.13, 50.3
21.12, 50.3
21.12, 50.3
21.13, 50.3
21.12, 50.3
21.11, 50.3
21.12, 50.3
21.12, 50.3
21.13, 50.3
26.09, 62.7
26.06, 62.7
21.13, 50.3
21.13, 50.3
26.04, 62.6
21.12, 50.3
21.12, 50.3
26.04, 62.6
21.11, 50.3
21.11, 50.3
26.11, 62.8
21.13, 50.3
21.12, 50.3
21.13, 50.3
21.12, 50.3
26.17, 62.9
21.14, 50.3
21.14, 50.3
21.14, 50.4
21.32, 50.8
26.22, 63.1
21.68, 51.7
26.27, 63.2
22.04, 52.6
22.42, 53.5
22.61, 54.0
22.78, 54.5
22.88, 54.7
26.22, 63.1
22.99, 55.0
23.09, 55.2
23.25, 55.6
23.34, 55.9
23.42, 56.0
23.50, 56.2
23.54, 56.3
26.28, 63.2
23.59, 56.5
23.60, 56.5
26.35, 63.4
23.60, 56.5
23.63, 56.6
23.63, 56.6
26.35, 63.4
23.65, 56.6
26.44, 63.6
26.37, 63.4
23.66, 56.7
23.63, 56.6
23.64, 56.6
26.56, 63.9
26.57, 63.9
26.56, 63.9
23.54, 56.3
26.50, 63.7
23.43, 56.1
26.48, 63.7
23.30, 55.8
23.18, 55.5
26.55, 63.9
23.02, 55.0
22.97, 54.9
22.89, 54.7
22.87, 54.7
22.78, 54.5
22.69, 54.2
22.63, 54.1
26.61, 64.0
22.60, 54.0
22.55, 53.9
22.47, 53.7
22.40, 53.5
22.33, 53.3
22.30, 53.3
26.64, 64.1
22.28, 53.2
22.23, 53.1
26.68, 64.2
22.18, 53.0
22.16, 52.9
22.14, 52.9
22.11, 52.8
22.11, 52.8
22.11, 52.8
22.05, 52.6
22.23, 53.1
26.77, 64.4
22.22, 53.1
22.24, 53.1
22.16, 52.9
22.30, 53.3
22.21, 53.0
26.85, 64.6
22.13, 52.8
26.92, 64.8
22.11, 52.8
22.09, 52.7
26.93, 64.8
22.06, 52.6
26.95, 64.9
22.08, 52.7
22.08, 52.7
27.00, 65.0
22.02, 52.5
21.99, 52.5
27.03, 65.1
22.03, 52.6
22.03, 52.6
22.00, 52.5
21.99, 52.5
21.99, 52.5
21.99, 52.5
21.99, 52.5
27.27, 65.7
21.97, 52.4
22.01, 52.5
22.00, 52.5
27.13, 65.3
21.97, 52.4
27.22, 65.6
27.20, 65.5
27.13, 65.3
27.19, 65.5
21.99, 52.5
22.08, 52.7
27.29, 65.7
22.07, 52.7
27.28, 65.7
22.07, 52.7
22.10, 52.7
22.11, 52.8
22.12, 52.8
27.29, 65.7
22.12, 52.8
27.42, 66.0
22.14, 52.9
22.21, 53.0
22.25, 53.1
22.28, 53.2
27.55, 66.4
22.28, 53.2
22.29, 53.2
27.45, 66.1
27.49, 66.2
22.27, 53.2
27.51, 66.3
22.30, 53.3
22.30, 53.3
22.31, 53.3
22.33, 53.3
22.36, 53.4
22.36, 53.4
22.35, 53.4
22.33, 53.3
22.38, 53.4
22.37, 53.4
27.71, 66.8
22.36, 53.4
27.77, 66.9
22.37, 53.4
22.36, 53.4
22.38, 53.4
22.44, 53.6
22.46, 53.6
22.48, 53.7
22.50, 53.7
22.51, 53.8
22.48, 53.7
22.48, 53.7
22.50, 53.7
27.85, 67.1
22.51, 53.8
27.86, 67.1
22.60, 54.0
22.61, 54.0
27.89, 67.2
22.61, 54.0
27.98, 67.4
22.61, 54.0
27.92, 67.3
22.59, 54.0
27.98, 67.4
22.61, 54.0
27.99, 67.5
22.57, 53.9
22.56, 53.9
22.57, 53.9
22.61, 54.0
22.60, 54.0
22.57, 53.9
28.07, 67.7
22.61, 54.0
22.56, 53.9
28.15, 67.9
22.57, 53.9
22.54, 53.8
28.08, 67.7
22.47, 53.7
28.17, 67.9
22.43, 53.6
22.46, 53.6
22.56, 53.9
22.57, 53.9
28.30, 68.2
22.69, 54.2
22.66, 54.2
22.69, 54.2
28.27, 68.2
22.68, 54.2
22.69, 54.2
22.65, 54.1
22.68, 54.2
22.70, 54.3
22.73, 54.3
22.72, 54.3
22.74, 54.4
22.78, 54.5
22.79, 54.5
28.48, 68.7
22.87, 54.7
28.38, 68.4
22.88, 54.7
28.50, 68.8
28.52, 68.8
28.57, 68.9
22.79, 54.5
22.82, 54.6
22.76, 54.4
22.74, 54.4
22.84, 54.6
22.83, 54.6
22.85, 54.6
22.86, 54.6
22.89, 54.7
22.93, 54.8
23.00, 55.0
22.93, 54.8
22.91, 54.8
22.92, 54.8
22.89, 54.7
22.89, 54.7
22.88, 54.7
28.72, 69.3
22.90, 54.7
28.73, 69.3
22.89, 54.7
22.87, 54.7
22.83, 54.6
22.87, 54.7
22.89, 54.7
22.89, 54.7
28.78, 69.4
22.87, 54.7
22.86, 54.6
28.97, 69.9
22.88, 54.7
22.85, 54.6
28.93, 69.8
22.81, 54.5
29.07, 70.2
22.80, 54.5
22.86, 54.6
22.90, 54.7
22.93, 54.8
29.10, 70.3
22.85, 54.6
22.83, 54.6
29.32, 70.8
22.88, 54.7
22.82, 54.6
22.81, 54.5
29.20, 70.5
29.20, 70.5
29.37, 70.9
29.32, 70.8
29.36, 70.9
29.35, 70.9
29.42, 71.0
29.61, 71.5
29.85, 72.1
29.47, 71.2
29.53, 71.3
29.83, 72.1
29.46, 71.2
29.80, 72.0
29.55, 71.4
29.64, 71.6
29.64, 71.6
29.71, 71.8
29.62, 71.6
29.66, 71.7
29.74, 71.8
29.87, 72.2
29.83, 72.1
29.99, 72.5
29.81, 72.0
29.89, 72.2
29.95, 72.4
29.85, 72.1
29.86, 72.1
30.07, 72.7
29.98, 72.5
29.98, 72.5
30.02, 72.6
29.95, 72.4
30.08, 72.7
30.00, 72.5
30.24, 73.1
30.34, 73.3
30.18, 73.0
30.19, 73.0
30.16, 72.9
30.44, 73.6
30.35, 73.4
30.44, 73.6
30.42, 73.5
30.30, 73.2
30.37, 73.4
30.49, 73.7
30.60, 74.0
30.55, 73.9
30.72, 74.3
30.73, 74.3
30.53, 73.8
30.62, 74.1
30.67, 74.2
30.77, 74.4
30.85, 74.6
30.81, 74.5
30.70, 74.2
30.70, 74.2
30.88, 74.7
30.93, 74.8
30.90, 74.7
31.00, 75.0
31.01, 75.0
31.16, 75.4
31.23, 75.6
30.95, 74.9
31.30, 75.7
31.14, 75.4
31.11, 75.3
31.14, 75.4
31.41, 76.0
31.27, 75.7
31.32, 75.8
31.48, 76.2
31.38, 75.9
31.33, 75.8
31.33, 75.8
31.44, 76.1
31.89, 77.2
31.51, 76.3
31.57, 76.4
31.56, 76.4
31.73, 76.8
31.79, 77.0
31.89, 77.2
31.94, 77.4
31.95, 77.4
32.07, 77.7
32.18, 77.9
32.22, 78.0
32.77, 79.4
32.38, 78.4
32.44, 78.6
32.43, 78.6
32.41, 78.5
32.41, 78.5
32.57, 78.9
32.58, 79.0
32.63, 79.1
32.61, 79.0
32.67, 79.2
32.77, 79.4
32.79, 79.5
32.77, 79.4
32.75, 79.4
32.92, 79.8
33.03, 80.1
33.08, 80.2
33.01, 80.0
33.22, 80.5
33.34, 80.8
33.36, 80.9
33.30, 80.7
33.50, 81.3
33.45, 81.1
34.01, 82.5
33.50, 81.3
33.74, 81.8
33.47, 81.2
33.49, 81.2
33.72, 81.8
33.80, 82.0
33.77, 81.9
33.84, 82.1
33.85, 82.1
34.26, 83.1
34.00, 82.5
34.04, 82.6
33.91, 82.3
34.13, 82.8
34.05, 82.6
34.06, 82.7
34.19, 83.0
34.98, 85.0
34.68, 84.2
34.62, 84.0
34.42, 83.6
34.36, 83.4
34.44, 83.6
34.45, 83.6
34.44, 83.6
34.45, 83.6
34.49, 83.7
34.60, 84.0
34.63, 84.1
34.47, 83.7
34.87, 84.7
34.63, 84.1
34.77, 84.4
34.87, 84.7
35.16, 85.4
34.83, 84.6
34.86, 84.7
34.89, 84.7
35.00, 85.0
34.97, 84.9
34.98, 85.0
35.05, 85.1
35.25, 85.6
35.08, 85.2
35.33, 85.8
35.24, 85.6
35.27, 85.7
35.34, 85.9
35.41, 86.0
35.30, 85.7
35.47, 86.2
35.51, 86.3
35.57, 86.4
35.55, 86.4
35.45, 86.1
35.56, 86.4
35.65, 86.6
35.80, 87.0
35.68, 86.7
35.83, 87.1
35.69, 86.7
35.86, 87.2
36.01, 87.5
36.28, 88.2
35.92, 87.3
36.16, 87.9
36.07, 87.7
36.20, 88.0
36.55, 88.9
36.29, 88.2
36.47, 88.7
36.22, 88.0
36.23, 88.1
36.35, 88.4
36.22, 88.0
36.31, 88.3
36.69, 89.2
36.67, 89.2
36.53, 88.8
36.72, 89.3
36.63, 89.1
36.80, 89.5
36.74, 89.3
36.73, 89.3
36.82, 89.6
36.73, 89.3
36.92, 89.8
36.96, 89.9
37.13, 90.3
37.10, 90.2
37.23, 90.6
37.11, 90.3
37.14, 90.3
37.27, 90.7
37.19, 90.5
37.31, 90.8
37.59, 91.5
37.55, 91.4
37.51, 91.3
37.39, 91.0
37.63, 91.6
37.58, 91.4
37.73, 91.8
37.53, 91.3
38.07, 92.7
37.84, 92.1
37.86, 92.2
37.91, 92.3
38.15, 92.9
38.08, 92.7
38.33, 93.3
38.37, 93.4
38.41, 93.5
38.39, 93.5
38.41, 93.5
38.56, 93.9
38.70, 94.2
38.78, 94.5
38.82, 94.6
38.83, 94.6
38.80, 94.5
38.93, 94.8
39.01, 95.0
39.00, 95.0
39.21, 95.0
39.16, 95.0
39.14, 95.0
39.32, 95.0
39.27, 95.0
39.37, 95.0
39.22, 95.0
39.42, 95.0
39.60, 95.0
39.43, 95.0
39.45, 95.0
39.46, 95.0
39.76, 95.0
39.74, 95.0
39.91, 95.0
40.04, 95.0
39.94, 95.0
40.12, 95.0
40.05, 95.0
40.07, 95.0
40.43, 95.0
40.13, 95.0
40.23, 95.0
40.25, 95.0
40.78, 95.0
40.43, 95.0
40.64, 95.0
40.78, 95.0
40.65, 95.0
40.89, 95.0
41.03, 95.0
41.07, 95.0
40.99, 95.0
41.64, 95.0
41.43, 95.0
41.49, 95.0
41.51, 95.0
41.40, 95.0
41.66, 95.0
41.62, 95.0
41.52, 95.0
41.87, 95.0
41.72, 95.0
41.63, 95.0
41.82, 95.0
41.76, 95.0
41.97, 95.0
41.80, 95.0
41.92, 95.0
41.95, 95.0
42.41, 95.0
42.20, 95.0
42.32, 95.0
42.62, 95.0
42.48, 95.0
42.40, 95.0
42.39, 95.0
42.84, 95.0
42.80, 95.0
42.80, 95.0
42.91, 95.0
42.82, 95.0
43.01, 95.0
42.95, 95.0
42.93, 95.0
43.04, 95.0
43.45, 95.0
43.42, 95.0
43.45, 95.0
43.51, 95.0
43.79, 95.0
43.38, 95.0
43.61, 95.0
43.45, 95.0
43.62, 95.0
43.88, 95.0
43.75, 95.0
44.16, 95.0
44.10, 95.0
44.06, 95.0
44.06, 95.0
44.32, 95.0
44.11, 95.0
44.33, 95.0
44.26, 95.0
44.45, 95.0
44.63, 95.0
44.53, 95.0
44.76, 95.0
44.68, 95.0
44.89, 95.0
44.87, 95.0
44.89, 95.0
44.83, 95.0
45.31, 95.0
45.18, 95.0
45.43, 95.0
45.34, 95.0
45.37, 95.0
45.26, 95.0
45.54, 95.0
45.45, 95.0
45.66, 95.0
45.45, 95.0
45.62, 95.0
45.62, 95.0
45.97, 95.0
45.87, 95.0
45.84, 95.0
45.77, 95.0
45.87, 95.0
46.11, 95.0
46.16, 95.0
47.05, 95.0
46.40, 95.0
46.49, 95.0
46.93, 95.0
46.68, 95.0
46.70, 95.0
46.80, 95.0
47.14, 95.0
47.06, 95.0
46.97, 95.0
47.27, 95.0
47.33, 95.0
47.48, 95.0
47.46, 95.0
47.49, 95.0
47.39, 95.0
47.46, 95.0
47.58, 95.0
47.66, 95.0
47.96, 95.0
47.59, 95.0
48.50, 95.0
48.07, 95.0
48.11, 95.0
48.02, 95.0
48.03, 95.0
48.21, 95.0
48.29, 95.0
48.24, 95.0
48.25, 95.0
48.48, 95.0
48.54, 95.0
48.58, 95.0
48.73, 95.0
48.68, 95.0
48.94, 95.0
49.33, 95.0
48.94, 95.0
48.96, 95.0
49.02, 95.0
49.45, 95.0
49.38, 95.0
49.11, 95.0
49.31, 95.0
49.34, 95.0
49.23, 95.0
49.28, 95.0
49.55, 95.0
49.78, 95.0
49.82, 95.0
49.89, 95.0
49.66, 95.0
49.65, 95.0
50.07, 95.0
50.29, 95.0
50.37, 95.0
50.60, 95.0
50.43, 95.0
51.11, 95.0
50.84, 95.0
50.69, 95.0
50.65, 95.0
50.81, 95.0
50.86, 95.0
51.42, 95.0
51.02, 95.0
51.63, 95.0
51.46, 95.0
51.95, 95.0
52.23, 95.0
51.94, 95.0
52.02, 95.0
52.21, 95.0
51.92, 95.0
52.32, 95.0
52.17, 95.0
51.98, 95.0
52.17, 95.0
52.38, 95.0
52.18, 95.0
52.46, 95.0
52.35, 95.0
52.75, 95.0
53.03, 95.0
52.73, 95.0
52.67, 95.0
53.61, 95.0
53.33, 95.0
53.01, 95.0
53.55, 95.0
53.69, 95.0
53.39, 95.0
53.64, 95.0
53.83, 95.0
53.84, 95.0
53.87, 95.0
53.97, 95.0
53.87, 95.0
54.21, 95.0
54.00, 95.0
54.53, 95.0
54.50, 95.0
54.56, 95.0
54.46, 95.0
54.52, 95.0
54.70, 95.0
54.83, 95.0
55.30, 95.0
55.12, 95.0
55.20, 95.0
55.42, 95.0
55.46, 95.0
55.76, 95.0
55.63, 95.0
55.60, 95.0
55.32, 95.0
55.77, 95.0
55.47, 95.0
55.68, 95.0
56.01, 95.0
55.62, 95.0
55.87, 95.0
56.00, 95.0
55.81, 95.0
56.38, 95.0
56.38, 95.0
56.54, 95.0
56.69, 95.0
56.82, 95.0
56.79, 95.0
57.26, 95.0
56.89, 95.0
56.86, 95.0
57.14, 95.0
57.77, 95.0
57.24, 95.0
57.22, 95.0
57.57, 95.0
58.28, 95.0
57.57, 95.0
58.02, 95.0
57.59, 95.0
58.19, 95.0
57.85, 95.0
57.71, 95.0
57.99, 95.0
58.99, 95.0
58.34, 95.0
58.39, 95.0
58.16, 95.0
58.04, 95.0
58.43, 95.0
58.44, 95.0
58.80, 95.0
58.70, 95.0
58.65, 95.0
58.53, 95.0
58.42, 95.0
58.74, 95.0
58.74, 95.0
58.81, 95.0
58.90, 95.0
58.87, 95.0
59.06, 95.0
58.96, 95.0
59.23, 95.0
59.08, 95.0
59.26, 95.0
58.92, 95.0
59.28, 95.0
59.08, 95.0
59.12, 95.0
58.86, 95.0
58.97, 95.0
58.91, 95.0
58.61, 95.0
58.83, 95.0
58.72, 95.0
58.79, 95.0
58.52, 95.0
59.10, 95.0
58.51, 95.0
58.37, 95.0
58.51, 95.0
58.33, 95.0
57.67, 95.0
57.56, 95.0
57.85, 95.0
57.12, 95.0
57.17, 95.0
56.81, 95.0
56.84, 95.0
56.51, 95.0
56.94, 95.0
56.32, 95.0
56.19, 95.0
56.01, 95.0
55.83, 95.0
55.89, 95.0
56.09, 95.0
55.76, 95.0
55.54, 95.0
55.54, 95.0
55.84, 95.0
56.15, 95.0
55.72, 95.0
55.84, 95.0
55.77, 95.0
55.67, 95.0
56.06, 95.0
56.39, 95.0
56.00, 95.0
56.11, 95.0
55.95, 95.0
56.04, 95.0
56.05, 95.0
55.99, 95.0
56.04, 95.0
56.22, 95.0
56.14, 95.0
56.52, 95.0
56.27, 95.0
56.71, 95.0
56.36, 95.0
56.08, 95.0
56.31, 95.0
56.23, 95.0
56.04, 95.0
55.74, 95.0
56.02, 95.0
56.02, 95.0
56.15, 95.0
56.04, 95.0
55.86, 95.0
56.24, 95.0
56.55, 95.0
56.32, 95.0
56.39, 95.0
56.91, 95.0
56.28, 95.0
56.79, 95.0
56.85, 95.0
56.37, 95.0
56.70, 95.0
56.47, 95.0
56.69, 95.0
56.76, 95.0
56.92, 95.0
56.86, 95.0
56.83, 95.0
57.00, 95.0
57.06, 95.0
57.31, 95.0
57.19, 95.0
57.26, 95.0
57.26, 95.0
57.36, 95.0
58.00, 95.0
57.63, 95.0
57.59, 95.0
57.77, 95.0
57.66, 95.0
57.77, 95.0
57.90, 95.0
58.11, 95.0
58.10, 95.0
58.26, 95.0
58.49, 95.0
58.51, 95.0
58.72, 95.0
58.82, 95.0
58.87, 95.0
58.98, 95.0
58.96, 95.0
58.88, 95.0
58.75, 95.0
59.00, 95.0
59.51, 95.0
59.39, 95.0
59.26, 95.0
59.84, 95.0
59.79, 95.0
59.21, 95.0
59.09, 95.0
60.23, 95.0
60.00, 95.0
59.18, 95.0
59.18, 95.0
59.32, 95.0
59.05, 95.0
58.74, 95.0
58.42, 95.0
58.71, 95.0
58.81, 95.0
58.98, 95.0
58.84, 95.0
58.79, 95.0
58.62, 95.0
58.84, 95.0
58.59, 95.0
58.79, 95.0
59.00, 95.0
58.96, 95.0
58.72, 95.0
58.78, 95.0
58.77, 95.0
59.06, 95.0
58.85, 95.0
59.09, 95.0
58.97, 95.0
58.87, 95.0
59.22, 95.0
59.22, 95.0
59.16, 95.0
59.00, 95.0
59.18, 95.0
58.83, 95.0
58.97, 95.0
59.29, 95.0
59.29, 95.0
58.88, 95.0
59.00, 95.0
58.94, 95.0
58.99, 95.0
58.84, 95.0
59.02, 95.0
59.16, 95.0
59.19, 95.0
59.23, 95.0
59.09, 95.0
58.86, 95.0
59.32, 95.0
59.10, 95.0
59.20, 95.0
59.29, 95.0
59.36, 95.0
59.33, 95.0
59.53, 95.0
59.58, 95.0
59.52, 95.0
59.10, 95.0
59.63, 95.0
59.96, 95.0
59.50, 95.0
59.49, 95.0
59.54, 95.0
59.34, 95.0
59.38, 95.0
59.34, 95.0
59.41, 95.0
59.50, 95.0
59.49, 95.0
59.66, 95.0
59.88, 95.0
59.85, 95.0
59.69, 95.0
59.79, 95.0
59.79, 95.0
59.79, 95.0
59.55, 95.0
59.73, 95.0
60.07, 95.0
59.82, 95.0
59.99, 95.0
59.83, 95.0
59.97, 95.0
59.90, 95.0
59.84, 95.0
59.88, 95.0
59.94, 95.0
60.11, 95.0
60.09, 95.0
59.94, 95.0
59.71, 95.0
59.91, 95.0
59.97, 95.0
59.79, 95.0
60.50, 95.0
60.16, 95.0
60.13, 95.0
60.12, 95.0
60.22, 95.0
60.02, 95.0
59.66, 95.0
59.84, 95.0
59.80, 95.0
60.14, 95.0
59.96, 95.0
59.98, 95.0
59.73, 95.0
60.03, 95.0
59.84, 95.0
59.84, 95.0
60.11, 95.0
60.90, 95.0
60.15, 95.0
59.56, 95.0
59.88, 95.0
59.94, 95.0
60.29, 95.0
59.90, 95.0
59.68, 95.0
59.68, 95.0
59.80, 95.0
59.66, 95.0
60.11, 95.0
59.88, 95.0
59.72, 95.0
59.75, 95.0
59.77, 95.0
60.02, 95.0
60.10, 95.0
60.12, 95.0
59.73, 95.0
59.84, 95.0
59.53, 95.0
59.66, 95.0
60.23, 95.0
60.20, 95.0
60.06, 95.0
60.34, 95.0
60.41, 95.0
60.52, 95.0
60.31, 95.0
60.35, 95.0
60.65, 95.0
60.08, 95.0
61.28, 95.0
61.00, 95.0
60.63, 95.0
61.06, 95.0
60.38, 95.0
60.65, 95.0
60.43, 95.0
60.78, 95.0
60.12, 95.0
60.69, 95.0
61.20, 95.0
60.31, 95.0
60.16, 95.0
60.66, 95.0
60.39, 95.0
60.58, 95.0
60.79, 95.0
60.86, 95.0
60.78, 95.0
60.69, 95.0
60.90, 95.0
60.61, 95.0
61.05, 95.0
61.03, 95.0
60.74, 95.0
61.00, 95.0
61.06, 95.0
60.97, 95.0
61.19, 95.0
61.44, 95.0
61.29, 95.0
61.02, 95.0
61.37, 95.0
61.77, 95.0
61.58, 95.0
61.39, 95.0
61.54, 95.0
61.48, 95.0
61.63, 95.0
61.42, 95.0
61.53, 95.0
61.39, 95.0
61.49, 95.0
61.34, 95.0
61.73, 95.0
61.39, 95.0
61.63, 95.0
61.36, 95.0
61.44, 95.0
61.38, 95.0
61.39, 95.0
61.59, 95.0
62.20, 95.0
62.22, 95.0
61.83, 95.0
61.66, 95.0
61.76, 95.0
62.35, 95.0
62.07, 95.0
62.10, 95.0
62.50, 95.0
62.67, 95.0
62.12, 95.0
61.90, 95.0
62.67, 95.0
62.48, 95.0
62.28, 95.0
62.51, 95.0
62.53, 95.0
62.65, 95.0
62.76, 95.0
62.67, 95.0
62.51, 95.0
62.63, 95.0
63.16, 95.0
62.34, 95.0
62.71, 95.0
62.83, 95.0
62.67, 95.0
63.18, 95.0
62.90, 95.0
62.53, 95.0
62.79, 95.0
62.82, 95.0
62.90, 95.0
63.11, 95.0
63.10, 95.0
62.79, 95.0
62.98, 95.0
63.00, 95.0
63.01, 95.0
63.29, 95.0
63.14, 95.0
63.29, 95.0
62.89, 95.0
63.13, 95.0
63.27, 95.0
63.14, 95.0
63.57, 95.0
63.64, 95.0
63.35, 95.0
63.34, 95.0
63.33, 95.0
63.69, 95.0
63.52, 95.0
63.45, 95.0
63.57, 95.0
63.43, 95.0
63.54, 95.0
63.51, 95.0
63.69, 95.0
63.83, 95.0
63.59, 95.0
63.80, 95.0
63.70, 95.0
63.44, 95.0
64.00, 95.0
63.96, 95.0
64.05, 95.0
63.91, 95.0
63.79, 95.0
64.27, 95.0
64.04, 95.0
64.10, 95.0
64.47, 95.0
64.20, 95.0
64.39, 95.0
64.88, 95.0
64.28, 95.0
64.14, 95.0
63.99, 95.0
63.98, 95.0
64.15, 95.0
64.38, 95.0
64.36, 95.0
64.33, 95.0
64.17, 95.0
64.35, 95.0
64.25, 95.0
64.59, 95.0
64.59, 95.0
64.46, 95.0
64.57, 95.0
64.46, 95.0
64.45, 95.0
64.58, 95.0
65.04, 95.0
64.75, 95.0
64.82, 95.0
65.16, 95.0
64.84, 95.0
64.75, 95.0
64.87, 95.0
64.98, 95.0
64.81, 95.0
65.49, 95.0
64.86, 95.0
65.90, 95.0
65.72, 95.0
65.31, 95.0
65.36, 95.0
65.57, 95.0
65.66, 95.0
65.69, 95.0
65.74, 95.0
65.47, 95.0
65.78, 95.0
65.97, 95.0
65.80, 95.0
66.01, 95.0
66.12, 95.0
66.02, 95.0
66.27, 95.0
66.56, 95.0
66.41, 95.0
67.36, 95.0
66.74, 95.0
67.12, 95.0
67.37, 95.0
67.45, 95.0
67.80, 95.0
67.61, 95.0
67.38, 95.0
67.17, 95.0
67.39, 95.0
67.26, 95.0
67.51, 95.0
67.65, 95.0
67.71, 95.0
67.88, 95.0
67.94, 95.0
68.02, 95.0
67.89, 95.0
67.86, 95.0
67.93, 95.0
68.37, 95.0
68.08, 95.0
68.02, 95.0
68.24, 95.0
68.23, 95.0
68.51, 95.0
68.41, 95.0
68.72, 95.0
68.42, 95.0
68.63, 95.0
68.61, 95.0
68.60, 95.0
68.45, 95.0
68.94, 95.0
68.53, 95.0
68.44, 95.0
68.43, 95.0
68.71, 95.0
68.73, 95.0
68.64, 95.0
68.70, 95.0
68.83, 95.0
68.84, 95.0
68.84, 95.0
69.35, 95.0
70.22, 95.0
69.94, 95.0
70.04, 95.0
70.21, 95.0
69.70, 95.0
69.17, 95.0
69.57, 95.0
69.67, 95.0
69.60, 95.0
69.46, 95.0
69.56, 95.0
69.66, 95.0
69.96, 95.0
69.84, 95.0
69.67, 95.0
70.02, 95.0
69.95, 95.0
69.64, 95.0
69.88, 95.0
70.52, 95.0
70.27, 95.0
70.33, 95.0
70.51, 95.0
70.51, 95.0
70.66, 95.0
70.55, 95.0
70.90, 95.0
70.86, 95.0
70.81, 95.0
70.80, 95.0
70.56, 95.0
70.76, 95.0
71.23, 95.0
71.01, 95.0
71.20, 95.0
71.31, 95.0
71.08, 95.0
71.29, 95.0
71.60, 95.0
71.66, 95.0
71.70, 95.0
71.76, 95.0
72.52, 95.0
71.84, 95.0
72.26, 95.0
72.19, 95.0
72.29, 95.0
72.88, 95.0
72.43, 95.0
72.66, 95.0
72.53, 95.0
72.70, 95.0
72.47, 95.0
73.12, 95.0
72.96, 95.0
73.16, 95.0
73.76, 95.0
73.27, 95.0
73.28, 95.0
73.20, 95.0
74.06, 95.0
73.36, 95.0
73.19, 95.0
73.11, 95.0
73.31, 95.0
73.98, 95.0
73.26, 95.0
73.70, 95.0
73.06, 95.0
73.22, 95.0
73.12, 95.0
73.64, 95.0
73.60, 95.0
73.90, 95.0
73.92, 95.0
73.61, 95.0
74.28, 95.0
73.90, 95.0
73.50, 95.0
73.67, 95.0
73.97, 95.0
73.82, 95.0
74.63, 95.0
73.98, 95.0
74.02, 95.0
74.41, 95.0
74.40, 95.0
76.04, 95.0
74.62, 95.0
74.42, 95.0
74.13, 95.0
73.89, 95.0
75.03, 95.0
74.27, 95.0
74.51, 95.0
74.41, 95.0
74.55, 95.0
74.70, 95.0
74.17, 95.0
74.35, 95.0
74.55, 95.0
74.60, 95.0
74.78, 95.0
74.14, 95.0
74.34, 95.0
74.25, 95.0
74.15, 95.0
74.42, 95.0
74.07, 95.0
74.00, 95.0
73.94, 95.0
74.34, 95.0
73.87, 95.0
74.49, 95.0
73.74, 95.0
73.53, 95.0
73.92, 95.0
73.70, 95.0
74.45, 95.0
73.60, 95.0
74.86, 95.0
73.90, 95.0
74.55, 95.0
73.87, 95.0
73.79, 95.0
74.33, 95.0
74.33, 95.0
73.94, 95.0
74.17, 95.0
73.99, 95.0
74.65, 95.0
73.82, 95.0
74.62, 95.0
74.37, 95.0
74.65, 95.0
74.34, 95.0
73.70, 95.0
74.54, 95.0
74.45, 95.0
74.92, 95.0
74.19, 95.0
74.55, 95.0
74.39, 95.0
73.91, 95.0
73.53, 95.0
74.29, 95.0
73.68, 95.0
74.00, 95.0
75.06, 95.0
74.89, 95.0
73.68, 95.0
74.29, 95.0
73.76, 95.0
74.39, 95.0
74.31, 95.0
74.45, 95.0
74.41, 95.0
74.29, 95.0
74.01, 95.0
73.96, 95.0
73.92, 95.0
73.94, 95.0
73.98, 95.0
74.18, 95.0
74.27, 95.0
74.30, 95.0
74.06, 95.0
74.07, 95.0
74.78, 95.0
74.29, 95.0
74.34, 95.0
74.27, 95.0
74.18, 95.0
74.39, 95.0
74.33, 95.0
74.68, 95.0
74.54, 95.0
74.43, 95.0
74.08, 95.0
74.45, 95.0
74.15, 95.0
74.40, 95.0
74.17, 95.0
74.07, 95.0
74.16, 95.0
74.39, 95.0
74.39, 95.0
74.21, 95.0
75.54, 95.0
74.41, 95.0
74.44, 95.0
74.67, 95.0
74.60, 95.0
74.60, 95.0
74.64, 95.0
74.45, 95.0
74.47, 95.0
74.47, 95.0
74.70, 95.0
74.53, 95.0
75.05, 95.0
74.36, 95.0
74.54, 95.0
74.43, 95.0
75.40, 95.0
74.42, 95.0
74.70, 95.0
74.98, 95.0
74.82, 95.0
74.89, 95.0
74.74, 95.0
74.98, 95.0
74.76, 95.0
74.81, 95.0
75.37, 95.0
74.94, 95.0
75.07, 95.0
75.62, 95.0
75.16, 95.0
75.09, 95.0
75.96, 95.0
75.76, 95.0
75.74, 95.0
76.39, 95.0
76.17, 95.0
76.03, 95.0
75.93, 95.0
76.09, 95.0
76.67, 95.0
77.37, 95.0
77.60, 95.0
77.51, 95.0
76.97, 95.0
76.88, 95.0
77.20, 95.0
77.42, 95.0
77.63, 95.0
77.29, 95.0
77.75, 95.0
77.54, 95.0
77.52, 95.0
77.92, 95.0
76.94, 95.0
77.02, 95.0
77.43, 95.0
77.31, 95.0
77.22, 95.0
77.18, 95.0
77.86, 95.0
77.53, 95.0
77.47, 95.0
78.01, 95.0
78.03, 95.0
78.33, 95.0
78.25, 95.0
78.47, 95.0
79.00, 95.0
78.06, 95.0
78.17, 95.0
78.07, 95.0
77.74, 95.0
78.09, 95.0
77.76, 95.0
77.84, 95.0
78.19, 95.0
78.28, 95.0
78.25, 95.0
78.39, 95.0
78.49, 95.0
78.05, 95.0
78.13, 95.0
78.94, 95.0
78.42, 95.0
78.90, 95.0
78.95, 95.0
79.15, 95.0
79.18, 95.0
79.33, 95.0
78.86, 95.0
78.99, 95.0
79.27, 95.0
79.11, 95.0
79.54, 95.0
78.66, 95.0
79.69, 95.0
79.54, 95.0
79.66, 95.0
79.72, 95.0
79.94, 95.0
79.86, 95.0
80.29, 95.0
80.50, 95.0
80.99, 95.0
81.37, 95.0
80.92, 95.0
80.95, 95.0
81.25, 95.0
81.76, 95.0
81.62, 95.0
81.99, 95.0
82.42, 95.0
81.98, 95.0
82.70, 95.0
82.19, 95.0
82.40, 95.0
81.78, 95.0
82.92, 95.0
82.70, 95.0
83.33, 95.0
83.83, 95.0
83.28, 95.0
83.42, 95.0
83.46, 95.0
83.49, 95.0
83.44, 95.0
83.78, 95.0
83.69, 95.0
86.05, 95.0
84.04, 95.0
84.14, 95.0
84.43, 95.0
84.40, 95.0
86.95, 95.0
84.54, 95.0
85.05, 95.0
84.87, 95.0
86.10, 95.0
85.57, 95.0
85.88, 95.0
85.25, 95.0
86.31, 95.0
85.80, 95.0
87.21, 95.0
86.36, 95.0
86.41, 95.0
86.44, 95.0
86.91, 95.0
86.44, 95.0
86.42, 95.0
86.29, 95.0
87.06, 95.0
87.27, 95.0
87.17, 95.0
87.37, 95.0
87.50, 95.0
87.68, 95.0
88.03, 95.0
88.75, 95.0
88.85, 95.0
89.01, 95.0
88.83, 95.0
89.28, 95.0
89.13, 95.0
89.77, 95.0
89.85, 95.0
89.49, 95.0
89.75, 95.0
89.91, 95.0
90.36, 95.0
90.22, 95.0
90.28, 95.0
90.42, 95.0
90.24, 95.0
90.36, 95.0
90.89, 95.0
90.88, 95.0
90.68, 95.0
90.94, 95.0
91.20, 95.0
91.15, 95.0
90.91, 95.0
91.61, 95.0
91.71, 95.0
91.82, 95.0
92.54, 95.0
92.38, 95.0
93.20, 95.0
92.76, 95.0
93.01, 95.0
93.01, 95.0
93.34, 95.0
93.48, 95.0
94.08, 95.0
93.30, 95.0
93.63, 95.0
93.32, 95.0
93.87, 95.0
94.20, 95.0
93.99, 95.0
94.38, 95.0
94.64, 95.0
94.54, 95.0
94.64, 95.0
94.42, 95.0
95.01, 95.0
95.69, 95.0
94.91, 95.0
95.12, 95.0
95.89, 95.0
95.85, 95.0
96.20, 95.0
96.00, 95.0
95.93, 95.0
96.54, 95.0
96.34, 95.0
96.46, 95.0
96.52, 95.0
96.61, 95.0
96.46, 95.0
96.81, 95.0
96.46, 95.0
96.97, 95.0
97.50, 95.0
97.61, 95.0
97.14, 95.0
97.63, 95.0
98.50, 95.0
98.32, 95.0
98.79, 95.0
98.32, 95.0
98.85, 95.0
98.44, 95.0
98.89, 95.0
98.83, 95.0
99.01, 95.0
99.08, 95.0
99.75, 95.0
99.13, 95.0
99.03, 95.0
99.81, 95.0
99.63, 95.0
99.63, 95.0
99.63, 95.0
99.63, 95.0
99.63, 95.0
99.63, 95.0
99.63, 95.0
99.63, 95.0
99.63, 95.0
99.63, 95.0
99.63, 95.0
99.63, 95.0
99.63, 95.0
99.63, 95.0
99.63, 95.0
99.63, 95.0
99.63, 95.0
99.63, 95.0
99.63, 95.0
99.63, 95.0
99.63, 95.0
99.63, 95.0
99.63, 95.0
99.63, 95.0
99.63, 95.0
99.63, 95.0
99.63, 95.0
99.63, 95.0
99.63, 95.0
99.63, 95.0
99.63, 95.0
99.63, 95.0
99.63, 95.0
99.63, 95.0
99.63, 95.0
99.63, 95.0
99.63, 95.0
99.63, 95.0
99.63, 95.0
99.63, 95.0
99.63, 95.0
99.63, 95.0
99.63, 95.0
99.63, 95.0
99.63, 95.0
99.63, 95.0
99.63, 95.0
99.63, 95.0
99.63, 95.0
99.63, 95.0
99.63, 95.0
99.63, 95.0
99.63, 95.0
99.63, 95.0
99.63, 95.0
99.63, 95.0
99.63, 95.0
99.63, 95.0
99.63, 95.0
99.63, 95.0
99.63, 95.0
99.63, 95.0
99.63, 95.0
99.63, 95.0
99.63, 95.0
99.63, 95.0
99.63, 95.0
99.63, 95.0
99.63, 95.0
99.63, 95.0
99.63, 95.0
99.63, 95.0
99.63, 95.0
99.63, 95.0
99.63, 95.0
99.63, 95.0
99.63, 95.0
99.63, 95.0
99.63, 95.0
99.63, 95.0
99.63, 95.0
99.63, 95.0
99.63, 95.0
99.63, 95.0
99.63, 95.0
99.63, 95.0
99.63, 95.0
99.63, 95.0
99.63, 95.0
99.63, 95.0
99.63, 95.0
99.63, 95.0
99.63, 95.0
99.63, 95.0
99.63, 95.0
99.63, 95.0
99.63, 95.0
99.63, 95.0
99.63, 95.0
99.63, 95.0
99.63, 95.0
99.63, 95.0
99.63, 95.0
99.63, 95.0
99.63, 95.0
99.63, 95.0
99.63, 95.0
99.63, 95.0
99.63, 95.0
99.63, 95.0
99.63, 95.0
99.63, 95.0
99.63, 95.0
99.63, 95.0
99.63, 95.0
99.63, 95.0
99.63, 95.0
99.63, 95.0
99.63, 95.0
99.63, 95.0
99.63, 95.0
99.63, 95.0
99.63, 95.0
99.63, 95.0
99.63, 95.0
99.63, 95.0
99.63, 95.0
99.63, 95.0
99.63, 95.0
99.63, 95.0
99.63, 95.0
99.63, 95.0
99.63, 95.0
99.63, 95.0
99.63, 95.0
99.63, 95.0
99.63, 95.0
99.63, 95.0
99.63, 95.0
99.63, 95.0
99.63, 95.0
99.63, 95.0
99.63, 95.0
99.63, 95.0
99.63, 95.0
99.63, 95.0
99.63, 95.0
99.63, 95.0
99.63, 95.0
99.63, 95.0
99.63, 95.0
99.63, 95.0
99.63, 95.0
99.63, 95.0
99.63, 95.0
99.63, 95.0
99.63, 95.0
99.63, 95.0
99.63, 95.0
99.63, 95.0
99.63, 95.0
99.63, 95.0
99.63, 95.0
99.63, 95.0
99.63, 95.0
99.63, 95.0
99.63, 95.0
99.63, 95.0
99.63, 95.0
99.63, 95.0
99.63, 95.0
99.63, 95.0
99.63, 95.0
99.63, 95.0
99.63, 95.0
99.63, 95.0
99.63, 95.0
99.63, 95.0
99.63, 95.0
99.63, 95.0
99.63, 95.0
99.63, 95.0
99.63, 95.0
99.63, 95.0
99.63, 95.0
99.63, 95.0
99.63, 95.0
99.63, 95.0
99.63, 95.0
99.63, 95.0
99.63, 95.0
99.63, 95.0
99.63, 95.0
99.63, 95.0
99.63, 95.0
99.63, 95.0
99.63, 95.0
99.63, 95.0
99.63, 95.0
99.63, 95.0
99.63, 95.0
99.63, 95.0
99.63, 95.0
99.63, 95.0
99.63, 95.0
99.63, 95.0
99.63, 95.0
99.63, 95.0
99.63, 95.0
99.63, 95.0
99.63, 95.0
99.63, 95.0
99.63, 95.0
99.63, 95.0
99.63, 95.0
99.63, 95.0
22.59, 54.0
22.52, 53.8
22.52, 53.8
22.50, 53.7
22.44, 53.6
22.47, 53.7
22.44, 53.6
22.42, 53.5
22.42, 53.5
22.37, 53.4
22.32, 53.3
22.33, 53.3
22.28, 53.2
22.30, 53.3
22.26, 53.2
22.26, 53.2
22.25, 53.1
22.26, 53.2
22.24, 53.1
22.26, 53.2
22.31, 53.3
22.26, 53.2
22.26, 53.2
22.21, 53.0
22.21, 53.0
22.25, 53.1
22.24, 53.1
22.28, 53.2
22.28, 53.2
22.28, 53.2
22.28, 53.2
22.30, 53.3
22.30, 53.3
22.25, 53.1
22.25, 53.1
22.25, 53.1
22.19, 53.0
22.19, 53.0
22.19, 53.0
22.18, 53.0
22.21, 53.0
22.16, 52.9
22.18, 53.0
22.16, 52.9
22.16, 52.9
22.11, 52.8
22.14, 52.9
22.11, 52.8
22.07, 52.7
22.06, 52.6
22.11, 52.8
22.10, 52.7
22.08, 52.7
22.08, 52.7
22.05, 52.6
22.07, 52.7
22.09, 52.7
22.02, 52.5
22.03, 52.6
22.01, 52.5
22.06, 52.6
22.00, 52.5
22.06, 52.6
22.08, 52.7
22.06, 52.6
22.05, 52.6
22.07, 52.7
22.00, 52.5
21.99, 52.5
21.93, 52.3
21.97, 52.4
22.01, 52.5
22.00, 52.5
22.01, 52.5
22.00, 52.5
22.00, 52.5
22.00, 52.5
21.94, 52.3
21.96, 52.4
21.98, 52.4
21.98, 52.4
21.93, 52.3
21.94, 52.3
21.98, 52.4
22.01, 52.5
22.01, 52.5
22.02, 52.5
21.99, 52.5
21.83, 52.1
21.83, 52.1
21.77, 51.9
21.81, 52.0
21.80, 52.0
21.81, 52.0
21.82, 52.1
21.87, 52.2
21.89, 52.2
21.93, 52.3
21.92, 52.3
21.94, 52.3
21.93, 52.3
21.99, 52.5
21.97, 52.4
22.01, 52.5
21.98, 52.4
21.89, 52.2
21.87, 52.2
21.91, 52.3
21.87, 52.2
21.90, 52.2
21.91, 52.3
21.91, 52.3
21.92, 52.3
21.96, 52.4
22.00, 52.5
22.02, 52.5
22.12, 52.8
22.13, 52.8
22.18, 53.0
22.12, 52.8
22.09, 52.7
22.06, 52.6
22.11, 52.8
22.11, 52.8
22.12, 52.8
22.12, 52.8
22.18, 53.0
22.20, 53.0
22.21, 53.0
22.18, 53.0
22.18, 53.0
22.26, 53.2
22.23, 53.1
22.26, 53.2
22.24, 53.1
22.25, 53.1
22.25, 53.1
22.29, 53.2
22.29, 53.2
22.33, 53.3
22.33, 53.3
22.27, 53.2
22.26, 53.2
22.29, 53.2
22.34, 53.4
22.33, 53.3
22.29, 53.2
22.30, 53.3
22.30, 53.3
22.35, 53.4
22.37, 53.4
22.42, 53.5
22.43, 53.6
22.46, 53.6
22.48, 53.7
22.43, 53.6
22.44, 53.6
22.51, 53.8
22.48, 53.7
22.52, 53.8
22.50, 53.7
22.52, 53.8
22.48, 53.7
22.53, 53.8
22.51, 53.8
22.54, 53.8
22.52, 53.8
22.54, 53.8
22.53, 53.8
22.45, 53.6
22.37, 53.4
22.43, 53.6
22.45, 53.6
22.51, 53.8
22.52, 53.8
22.58, 53.9
22.58, 53.9
22.58, 53.9
22.58, 53.9
22.58, 53.9
22.63, 54.1
22.61, 54.0
22.61, 54.0
22.61, 54.0
22.65, 54.1
22.65, 54.1
22.67, 54.2
22.67, 54.2
22.63, 54.1
22.61, 54.0
22.63, 54.1
22.65, 54.1
22.72, 54.3
22.72, 54.3
22.74, 54.4
22.69, 54.2
22.71, 54.3
22.71, 54.3
22.74, 54.4
22.73, 54.3
22.69, 54.2
22.73, 54.3
22.68, 54.2
22.67, 54.2
22.67, 54.2
22.66, 54.2
22.60, 54.0
22.59, 54.0
22.55, 53.9
22.60, 54.0
22.47, 53.7
22.51, 53.8
22.54, 53.8
22.55, 53.9
22.50, 53.7
22.46, 53.6
22.40, 53.5
22.40, 53.5
22.48, 53.7
22.43, 53.6
22.36, 53.4
22.35, 53.4
22.37, 53.4
22.37, 53.4
22.48, 53.7
22.47, 53.7
22.48, 53.7
22.44, 53.6
22.48, 53.7
22.50, 53.7
22.55, 53.9
22.57, 53.9
22.59, 54.0
22.61, 54.0
22.61, 54.0
22.61, 54.0
22.59, 54.0
22.66, 54.2
22.64, 54.1
22.65, 54.1
22.63, 54.1
22.65, 54.1
22.68, 54.2
22.73, 54.3
22.69, 54.2
22.75, 54.4
22.77, 54.4
22.76, 54.4
22.71, 54.3
22.73, 54.3
22.71, 54.3
22.75, 54.4
22.70, 54.3
22.73, 54.3
22.68, 54.2
22.73, 54.3
22.74, 54.4
22.79, 54.5
22.83, 54.6
22.80, 54.5
22.80, 54.5
22.75, 54.4
22.73, 54.3
22.78, 54.5
22.77, 54.4
22.80, 54.5
22.80, 54.5
22.79, 54.5
22.79, 54.5
22.76, 54.4
22.74, 54.4
22.77, 54.4
22.73, 54.3
22.73, 54.3
22.71, 54.3
22.76, 54.4
22.81, 54.5
22.83, 54.6
22.73, 54.3
22.73, 54.3
22.72, 54.3
22.73, 54.3
22.74, 54.4
22.72, 54.3
22.76, 54.4
22.70, 54.3
22.70, 54.3
22.71, 54.3
22.70, 54.3
22.65, 54.1
22.68, 54.2
22.67, 54.2
22.62, 54.1
22.63, 54.1
22.53, 53.8
22.50, 53.7
22.46, 53.6
22.49, 53.7
22.48, 53.7
22.48, 53.7
22.60, 54.0
22.69, 54.2
22.69, 54.2
22.77, 54.4
22.77, 54.4
22.81, 54.5
22.79, 54.5
22.77, 54.4
22.83, 54.6
22.79, 54.5
22.77, 54.4
22.82, 54.6
22.75, 54.4
22.69, 54.2
22.67, 54.2
22.73, 54.3
22.66, 54.2
22.66, 54.2
22.66, 54.2
22.67, 54.2
22.67, 54.2
22.70, 54.3
22.67, 54.2
22.67, 54.2
22.65, 54.1
22.54, 53.8
22.58, 53.9
22.66, 54.2
22.76, 54.4
22.80, 54.5
22.79, 54.5
22.74, 54.4
22.77, 54.4
22.68, 54.2
22.68, 54.2
22.68, 54.2
22.61, 54.0
22.60, 54.0
22.57, 53.9
22.54, 53.8
22.49, 53.7
22.50, 53.7
22.56, 53.9
22.55, 53.9
22.57, 53.9
22.59, 54.0
22.56, 53.9
22.57, 53.9
22.59, 54.0
22.62, 54.1
22.55, 53.9
22.61, 54.0
22.57, 53.9
22.52, 53.8
22.46, 53.6
22.47, 53.7
22.53, 53.8
22.52, 53.8
22.54, 53.8
22.54, 53.8
22.61, 54.0
22.68, 54.2
22.77, 54.4
22.77, 54.4
22.73, 54.3
22.73, 54.3
22.76, 54.4
22.71, 54.3
22.70, 54.3
22.62, 54.1
22.65, 54.1
22.73, 54.3
22.73, 54.3
22.76, 54.4
22.81, 54.5
22.81, 54.5
22.88, 54.7
22.94, 54.8
22.94, 54.8
22.89, 54.7
22.89, 54.7
22.89, 54.7
22.85, 54.6
22.90, 54.7
22.91, 54.8
22.89, 54.7
22.89, 54.7
22.91, 54.8
22.82, 54.6
22.85, 54.6
22.85, 54.6
22.85, 54.6
22.87, 54.7
22.87, 54.7
22.84, 54.6
22.79, 54.5
22.71, 54.3
22.79, 54.5
22.79, 54.5
22.74, 54.4
22.81, 54.5
22.91, 54.8
22.84, 54.6
22.86, 54.6
22.80, 54.5
22.75, 54.4
22.80, 54.5
22.86, 54.6
22.93, 54.8
22.93, 54.8
22.90, 54.7
22.89, 54.7
22.89, 54.7
22.93, 54.8
22.89, 54.7
22.91, 54.8
22.91, 54.8
22.99, 55.0
22.98, 54.9
22.99, 55.0
23.00, 55.0
22.99, 55.0
23.00, 55.0
23.00, 55.0
23.00, 55.0
23.00, 55.0
23.02, 55.0
22.93, 54.8
22.89, 54.7
22.93, 54.8
22.97, 54.9
23.00, 55.0
22.96, 54.9
22.95, 54.9
22.95, 54.9
22.98, 54.9
23.01, 55.0
23.01, 55.0
23.01, 55.0
22.97, 54.9
23.01, 55.0
23.02, 55.0
23.03, 55.1
22.99, 55.0
23.03, 55.1
23.03, 55.1
23.08, 55.2
23.05, 55.1
22.94, 54.8
22.85, 54.6
22.90, 54.7
22.87, 54.7
22.95, 54.9
22.91, 54.8
23.09, 55.2
23.01, 55.0
23.02, 55.0
23.04, 55.1
23.07, 55.2
23.06, 55.1
23.09, 55.2
23.07, 55.2
23.01, 55.0
22.98, 54.9
23.05, 55.1
23.03, 55.1
23.04, 55.1
22.95, 54.9
22.96, 54.9
22.96, 54.9
22.89, 54.7
22.95, 54.9
22.96, 54.9
22.93, 54.8
22.99, 55.0
23.01, 55.0
23.02, 55.0
23.06, 55.1
23.04, 55.1
23.09, 55.2
23.07, 55.2
23.11, 55.3
23.08, 55.2
23.05, 55.1
23.06, 55.1
23.00, 55.0
22.92, 54.8
22.92, 54.8
22.92, 54.8
22.95, 54.9
22.92, 54.8
22.97, 54.9
22.99, 55.0
23.04, 55.1
22.87, 54.7
22.81, 54.5
22.82, 54.6
22.85, 54.6
22.89, 54.7
22.91, 54.8
22.93, 54.8
22.95, 54.9
22.89, 54.7
22.91, 54.8
22.92, 54.8
22.92, 54.8
22.91, 54.8
22.89, 54.7
22.90, 54.7
22.91, 54.8
22.91, 54.8
22.93, 54.8
22.98, 54.9
22.89, 54.7
22.91, 54.8
22.93, 54.8
22.94, 54.8
22.95, 54.9
22.98, 54.9
22.97, 54.9
22.99, 55.0
23.00, 55.0
23.08, 55.2
23.05, 55.1
23.06, 55.1
23.04, 55.1
23.08, 55.2
23.05, 55.1
23.07, 55.2
23.05, 55.1
22.99, 55.0
22.93, 54.8
22.93, 54.8
22.95, 54.9
22.97, 54.9
22.97, 54.9
22.97, 54.9
23.01, 55.0
23.02, 55.0
23.00, 55.0
23.04, 55.1
23.01, 55.0
23.02, 55.0
23.03, 55.1
23.05, 55.1
23.05, 55.1
22.99, 55.0
23.01, 55.0
22.99, 55.0
23.03, 55.1
23.01, 55.0
23.01, 55.0
22.92, 54.8
22.92, 54.8
22.96, 54.9
22.96, 54.9
22.96, 54.9
22.93, 54.8
22.88, 54.7
22.91, 54.8
22.85, 54.6
22.95, 54.9
22.90, 54.7
22.97, 54.9
22.96, 54.9
22.99, 55.0
22.97, 54.9
23.01, 55.0
22.97, 54.9
23.00, 55.0
22.97, 54.9
22.97, 54.9
22.89, 54.7
22.87, 54.7
22.89, 54.7
22.88, 54.7
22.88, 54.7
22.85, 54.6
22.85, 54.6
22.82, 54.6
22.85, 54.6
22.83, 54.6
22.89, 54.7
22.91, 54.8
22.91, 54.8
22.93, 54.8
22.86, 54.6
22.86, 54.6
22.84, 54.6
22.77, 54.4
22.80, 54.5
22.76, 54.4
22.77, 54.4
22.77, 54.4
22.80, 54.5
22.79, 54.5
22.85, 54.6
22.84, 54.6
22.83, 54.6
22.80, 54.5
22.80, 54.5
22.80, 54.5
22.84, 54.6
22.85, 54.6
22.84, 54.6
22.82, 54.6
22.73, 54.3
22.74, 54.4
22.72, 54.3
22.76, 54.4
22.76, 54.4
22.77, 54.4
22.77, 54.4
22.79, 54.5
22.79, 54.5
22.81, 54.5
22.76, 54.4
22.75, 54.4
22.75, 54.4
22.74, 54.4
22.75, 54.4
22.70, 54.3
22.64, 54.1
22.61, 54.0
22.61, 54.0
22.61, 54.0
22.61, 54.0
22.63, 54.1
22.61, 54.0
22.67, 54.2
22.65, 54.1
22.71, 54.3
22.67, 54.2
22.64, 54.1
22.64, 54.1
22.66, 54.2
22.66, 54.2
22.65, 54.1
22.63, 54.1
22.66, 54.2
22.67, 54.2
22.60, 54.0
22.56, 53.9
22.55, 53.9
22.58, 53.9
22.60, 54.0
22.59, 54.0
22.62, 54.1
22.54, 53.8
22.52, 53.8
22.51, 53.8
22.51, 53.8
22.48, 53.7
22.56, 53.9
22.54, 53.8
22.54, 53.8
22.58, 53.9
22.63, 54.1
22.63, 54.1
22.60, 54.0
22.59, 54.0
22.59, 54.0
22.55, 53.9
22.55, 53.9
22.53, 53.8
22.53, 53.8
22.44, 53.6
22.43, 53.6
22.40, 53.5
22.41, 53.5
22.44, 53.6
22.48, 53.7
22.50, 53.7
22.53, 53.8
22.53, 53.8
22.50, 53.7
22.44, 53.6
22.37, 53.4
22.37, 53.4
22.35, 53.4
22.39, 53.5
22.40, 53.5
22.38, 53.4
22.38, 53.4
22.42, 53.5
22.38, 53.4
22.41, 53.5
22.40, 53.5
22.40, 53.5
22.26, 53.2
22.28, 53.2
22.29, 53.2
22.29, 53.2
22.28, 53.2
22.32, 53.3
22.22, 53.1
22.25, 53.1
22.26, 53.2
22.30, 53.3
22.26, 53.2
22.26, 53.2
22.26, 53.2
22.26, 53.2
22.27, 53.2
22.27, 53.2
22.27, 53.2
22.20, 53.0
22.19, 53.0
22.22, 53.1
22.24, 53.1
22.27, 53.2
22.25, 53.1
22.25, 53.1
22.16, 52.9
22.14, 52.9
22.06, 52.6
22.11, 52.8
22.11, 52.8
22.17, 52.9
22.17, 52.9
22.20, 53.0
22.20, 53.0
22.23, 53.1
22.25, 53.1
22.27, 53.2
22.27, 53.2
22.32, 53.3
22.28, 53.2
22.34, 53.4
22.32, 53.3
22.34, 53.4
22.31, 53.3
22.32, 53.3
22.27, 53.2
22.30, 53.3
22.30, 53.3
22.27, 53.2
22.30, 53.3
22.30, 53.3
22.28, 53.2
22.32, 53.3
22.30, 53.3
22.31, 53.3
22.30, 53.3
22.31, 53.3
22.32, 53.3
22.30, 53.3
22.29, 53.2
22.33, 53.3
22.28, 53.2
22.31, 53.3
22.32, 53.3
22.25, 53.1
22.21, 53.0
22.23, 53.1
22.24, 53.1
22.24, 53.1
22.25, 53.1
22.30, 53.3
22.28, 53.2
22.30, 53.3
22.30, 53.3
22.34, 53.4
22.33, 53.3
22.28, 53.2
22.28, 53.2
22.31, 53.3
22.30, 53.3
22.32, 53.3
22.32, 53.3
22.32, 53.3
22.33, 53.3
22.30, 53.3
22.32, 53.3
22.33, 53.3
22.34, 53.4
22.33, 53.3
22.36, 53.4
22.33, 53.3
22.35, 53.4
22.32, 53.3
22.37, 53.4
22.31, 53.3
22.33, 53.3
22.31, 53.3
22.33, 53.3
22.32, 53.3
22.34, 53.4
22.34, 53.4
22.32, 53.3
22.31, 53.3
22.29, 53.2
22.29, 53.2
22.26, 53.2
22.26, 53.2
22.28, 53.2
22.24, 53.1
22.24, 53.1
22.26, 53.2
22.26, 53.2
22.20, 53.0
22.20, 53.0
22.16, 52.9
22.17, 52.9
22.09, 52.7
22.09, 52.7
22.09, 52.7
22.07, 52.7
22.02, 52.5
21.99, 52.5
21.99, 52.5
21.97, 52.4
21.95, 52.4
21.89, 52.2
21.89, 52.2
21.85, 52.1
21.82, 52.1
21.85, 52.1
21.85, 52.1
21.87, 52.2
21.84, 52.1
21.81, 52.0
21.81, 52.0
21.73, 51.8
21.73, 51.8
21.79, 52.0
21.81, 52.0
21.81, 52.0
21.80, 52.0
21.79, 52.0
21.75, 51.9
21.77, 51.9
21.75, 51.9
21.74, 51.9
21.71, 51.8
21.74, 51.9
21.70, 51.8
21.71, 51.8
21.67, 51.7
21.62, 51.6
21.60, 51.5
21.63, 51.6
21.64, 51.6
21.63, 51.6
21.62, 51.5
21.61, 51.5
21.61, 51.5
21.67, 51.7
21.62, 51.5
21.63, 51.6
21.61, 51.5
21.62, 51.6
21.62, 51.6
21.64, 51.6
21.62, 51.6
21.63, 51.6
21.63, 51.6
21.59, 51.5
21.59, 51.5
21.55, 51.4
21.55, 51.4
21.48, 51.2
21.48, 51.2
21.44, 51.1
21.46, 51.1
21.42, 51.0
21.43, 51.1
21.39, 51.0
21.41, 51.0
21.39, 51.0
21.40, 51.0
21.37, 50.9
21.37, 50.9
21.42, 51.0
21.44, 51.1
21.44, 51.1
21.48, 51.2
21.48, 51.2
21.51, 51.3
21.50, 51.2
21.52, 51.3
21.55, 51.4
21.55, 51.4
21.58, 51.4
21.58, 51.4
21.61, 51.5
21.62, 51.5
21.64, 51.6
21.63, 51.6
21.70, 51.8
21.68, 51.7
21.68, 51.7
21.65, 51.6
21.69, 51.7
21.67, 51.7
21.67, 51.7
21.71, 51.8
21.74, 51.9
21.72, 51.8
21.78, 52.0
21.75, 51.9
21.76, 51.9
21.77, 51.9
21.78, 52.0
21.77, 51.9
21.80, 52.0
21.78, 52.0
21.80, 52.0
21.78, 52.0
21.79, 52.0
21.78, 52.0
21.80, 52.0
21.79, 52.0
21.81, 52.0
21.79, 52.0
21.81, 52.0
21.78, 52.0
21.76, 51.9
21.75, 51.9
21.75, 51.9
21.73, 51.8
21.70, 51.8
21.71, 51.8
21.73, 51.8
21.70, 51.8
21.70, 51.8
21.73, 51.8
21.73, 51.8
21.72, 51.8
21.72, 51.8
21.70, 51.8
21.71, 51.8
21.68, 51.7
21.71, 51.8
21.67, 51.7
21.67, 51.7
21.67, 51.7
21.47, 51.2
21.44, 51.1
21.41, 51.0
21.41, 51.0
21.38, 50.9
21.41, 51.0
21.42, 51.0
21.41, 51.0
21.41, 51.0
21.41, 51.0
21.43, 51.1
21.49, 51.2
21.49, 51.2
21.54, 51.3
21.55, 51.4
21.54, 51.3
21.57, 51.4
21.57, 51.4
21.57, 51.4
21.58, 51.4
21.57, 51.4
21.57, 51.4
21.58, 51.4
21.58, 51.4
21.59, 51.5
21.61, 51.5
21.60, 51.5
21.57, 51.4
21.57, 51.4
21.60, 51.5
21.60, 51.5
21.60, 51.5
21.60, 51.5
21.59, 51.5
21.57, 51.4
21.55, 51.4
21.54, 51.3
21.60, 51.5
21.61, 51.5
21.61, 51.5
21.52, 51.3
21.52, 51.3
21.52, 51.3
21.52, 51.3
21.56, 51.4
21.56, 51.4
21.56, 51.4
21.56, 51.4
21.48, 51.2
21.44, 51.1
21.44, 51.1
21.45, 51.1
21.42, 51.0
21.40, 51.0
21.39, 51.0
21.39, 51.0
21.40, 51.0
21.36, 50.9
21.33, 50.8
21.30, 50.8
21.30, 50.8
21.32, 50.8
21.32, 50.8
21.32, 50.8
21.34, 50.9
21.30, 50.8
21.28, 50.7
21.27, 50.7
21.26, 50.7
21.23, 50.6
21.22, 50.6
21.22, 50.6
21.21, 50.5
21.18, 50.5
21.17, 50.4
21.16, 50.4
21.16, 50.4
21.16, 50.4
21.12, 50.3
21.12, 50.3
21.12, 50.3
21.09, 50.2
21.09, 50.2
21.14, 50.3
21.13, 50.3
21.11, 50.3
21.13, 50.3
21.14, 50.4
21.14, 50.3
21.14, 50.3
21.14, 50.3
21.09, 50.2
21.11, 50.3
21.16, 50.4
21.30, 50.8
21.38, 50.9
21.50, 51.2
21.61, 51.5
21.66, 51.7
21.72, 51.8
21.72, 51.8
21.72, 51.8
21.83, 52.1
21.85, 52.1
21.87, 52.2
22.00, 52.5
22.01, 52.5
22.05, 52.6
22.05, 52.6
22.05, 52.6
22.26, 53.2
22.26, 53.2
22.35, 53.4
22.39, 53.5
22.39, 53.5
22.43, 53.6
22.43, 53.6
22.49, 53.7
22.48, 53.7
22.51, 53.8
22.52, 53.8
22.54, 53.8
22.56, 53.9
22.57, 53.9
22.60, 54.0
22.61, 54.0
22.58, 53.9
22.58, 53.9
22.59, 54.0
22.61, 54.0
22.62, 54.1
22.63, 54.1
22.67, 54.2
22.66, 54.2
22.66, 54.2
22.66, 54.2
22.74, 54.4
22.74, 54.4
22.72, 54.3
22.70, 54.3
22.71, 54.3
22.71, 54.3
22.73, 54.3
22.74, 54.4
22.73, 54.3
22.75, 54.4
22.75, 54.4
22.75, 54.4
22.75, 54.4
22.77, 54.4
22.77, 54.4
22.79, 54.5
22.78, 54.5
22.78, 54.5
22.80, 54.5
22.82, 54.6
22.83, 54.6
22.83, 54.6
22.86, 54.6
22.86, 54.6
22.86, 54.6
22.85, 54.6
22.85, 54.6
22.85, 54.6
22.84, 54.6
22.84, 54.6
22.84, 54.6
22.83, 54.6
22.84, 54.6
22.85, 54.6
22.85, 54.6
22.84, 54.6
22.85, 54.6
22.83, 54.6
22.83, 54.6
22.81, 54.5
22.79, 54.5
22.78, 54.5
22.77, 54.4
22.75, 54.4
22.75, 54.4
22.75, 54.4
22.77, 54.4
22.77, 54.4
22.78, 54.5
22.78, 54.5
22.78, 54.5
22.78, 54.5
22.76, 54.4
22.77, 54.4
22.76, 54.4
22.74, 54.4
22.78, 54.5
22.79, 54.5
22.79, 54.5
22.79, 54.5
22.79, 54.5
22.81, 54.5
22.80, 54.5
22.81, 54.5
22.83, 54.6
22.83, 54.6
22.85, 54.6
22.87, 54.7
22.87, 54.7
22.86, 54.6
22.83, 54.6
22.81, 54.5
22.79, 54.5
22.78, 54.5
22.78, 54.5
22.78, 54.5
22.79, 54.5
22.79, 54.5
22.77, 54.4
22.77, 54.4
22.75, 54.4
22.74, 54.4
22.74, 54.4
22.75, 54.4
22.75, 54.4
22.77, 54.4
22.75, 54.4
22.76, 54.4
22.75, 54.4
22.77, 54.4
22.77, 54.4
22.76, 54.4
22.78, 54.5
22.77, 54.4
22.76, 54.4
22.77, 54.4
22.76, 54.4
22.77, 54.4
22.76, 54.4
22.73, 54.3
22.73, 54.3
22.71, 54.3
22.71, 54.3
22.70, 54.3
22.69, 54.2
22.71, 54.3
22.71, 54.3
22.70, 54.3
22.71, 54.3
22.71, 54.3
22.71, 54.3
22.73, 54.3
22.72, 54.3
22.73, 54.3
22.73, 54.3
22.73, 54.3
22.73, 54.3
22.74, 54.4
22.73, 54.3
22.74, 54.4
22.75, 54.4
22.76, 54.4
22.75, 54.4
22.75, 54.4
22.75, 54.4
22.73, 54.3
22.71, 54.3
22.73, 54.3
22.71, 54.3
22.72, 54.3
22.71, 54.3
22.72, 54.3
22.71, 54.3
22.73, 54.3
22.72, 54.3
22.71, 54.3
22.72, 54.3
22.73, 54.3
22.71, 54.3
22.71, 54.3
22.70, 54.3
22.69, 54.2
22.66, 54.2
22.66, 54.2
22.65, 54.1
22.66, 54.2
22.66, 54.2
22.65, 54.1
22.64, 54.1
22.64, 54.1
22.65, 54.1
22.65, 54.1
22.67, 54.2
22.67, 54.2
22.67, 54.2
22.68, 54.2
22.67, 54.2
22.68, 54.2
22.68, 54.2
22.68, 54.2
22.67, 54.2
22.65, 54.1
22.65, 54.1
22.65, 54.1
22.64, 54.1
22.65, 54.1
22.65, 54.1
22.64, 54.1
22.66, 54.2
22.65, 54.1
22.66, 54.2
22.64, 54.1
22.64, 54.1
22.63, 54.1
22.63, 54.1
22.61, 54.0
22.63, 54.1
22.63, 54.1
22.63, 54.1
22.63, 54.1
22.63, 54.1
22.63, 54.1
22.61, 54.0
22.62, 54.1
22.62, 54.1
22.61, 54.0
22.61, 54.0
22.61, 54.0
22.61, 54.0
22.60, 54.0
22.59, 54.0
22.59, 54.0
22.60, 54.0
22.60, 54.0
22.60, 54.0
22.60, 54.0
22.60, 54.0
22.60, 54.0
22.60, 54.0
22.60, 54.0
22.60, 54.0
22.58, 53.9
22.59, 54.0
22.58, 53.9
22.60, 54.0
22.59, 54.0
22.60, 54.0
22.60, 54.0
22.59, 54.0
22.58, 53.9
22.58, 53.9
22.58, 53.9
22.58, 53.9
22.58, 53.9
22.58, 53.9
22.58, 53.9
22.56, 53.9
22.56, 53.9
22.56, 53.9
22.56, 53.9
22.56, 53.9
22.56, 53.9
22.56, 53.9
22.55, 53.9
22.54, 53.8
22.54, 53.8
22.54, 53.8
22.54, 53.8
22.56, 53.9
22.56, 53.9
22.57, 53.9
22.57, 53.9
22.57, 53.9
22.56, 53.9
22.56, 53.9
22.55, 53.9
22.55, 53.9
22.55, 53.9
22.53, 53.8
22.48, 53.7
22.49, 53.7
22.49, 53.7
22.50, 53.7
22.50, 53.7
22.50, 53.7
22.50, 53.7
22.47, 53.7
22.46, 53.6
22.46, 53.6
22.46, 53.6
22.46, 53.6
22.47, 53.7
22.48, 53.7
22.47, 53.7
22.48, 53.7
22.48, 53.7
22.48, 53.7
22.48, 53.7
22.48, 53.7
22.47, 53.7
22.47, 53.7
22.48, 53.7
22.47, 53.7
22.47, 53.7
22.48, 53.7
22.46, 53.6
22.46, 53.6
22.48, 53.7
22.46, 53.6
22.46, 53.6
22.45, 53.6
22.46, 53.6
22.46, 53.6
22.44, 53.6
22.44, 53.6
22.44, 53.6
22.44, 53.6
22.44, 53.6
22.44, 53.6
22.44, 53.6
22.43, 53.6
22.44, 53.6
22.44, 53.6
22.43, 53.6
22.42, 53.5
22.44, 53.6
22.44, 53.6
22.43, 53.6
22.43, 53.6
22.44, 53.6
22.43, 53.6
22.43, 53.6
22.43, 53.6
22.43, 53.6
22.40, 53.5
22.41, 53.5
22.41, 53.5
22.41, 53.5
22.41, 53.5
22.41, 53.5
22.40, 53.5
22.38, 53.4
22.38, 53.4
22.37, 53.4
22.37, 53.4
22.37, 53.4
22.35, 53.4
22.36, 53.4
22.35, 53.4
22.36, 53.4
22.36, 53.4
22.35, 53.4
22.37, 53.4
22.36, 53.4
22.34, 53.4
22.34, 53.4
22.34, 53.4
22.34, 53.4
22.34, 53.4
22.32, 53.3
22.33, 53.3
22.33, 53.3
22.32, 53.3
22.32, 53.3
22.33, 53.3
22.33, 53.3
22.32, 53.3
22.32, 53.3
22.32, 53.3
22.32, 53.3
22.32, 53.3
22.31, 53.3
22.30, 53.3
22.28, 53.2
22.28, 53.2
22.26, 53.2
22.25, 53.1
22.22, 53.1
22.22, 53.1
22.22, 53.1
22.22, 53.1
22.22, 53.1
22.25, 53.1
22.26, 53.2
22.26, 53.2
22.25, 53.1
22.24, 53.1
22.24, 53.1
22.23, 53.1
22.23, 53.1
22.21, 53.0
22.21, 53.0
22.21, 53.0
22.20, 53.0
22.20, 53.0
22.20, 53.0
22.22, 53.1
22.21, 53.0
22.21, 53.0
22.20, 53.0
22.19, 53.0
22.18, 53.0
22.18, 53.0
22.20, 53.0
22.18, 53.0
22.19, 53.0
22.19, 53.0
22.19, 53.0
22.20, 53.0
22.18, 53.0
22.19, 53.0
22.18, 53.0
22.20, 53.0
22.19, 53.0
22.19, 53.0
22.18, 53.0
22.17, 52.9
22.17, 52.9
22.16, 52.9
22.16, 52.9
22.16, 52.9
22.14, 52.9
22.14, 52.9
22.13, 52.8
22.14, 52.9
22.13, 52.8
22.12, 52.8
22.12, 52.8
22.12, 52.8
22.12, 52.8
22.11, 52.8
22.11, 52.8
22.11, 52.8
22.09, 52.7
22.10, 52.7
22.10, 52.7
22.08, 52.7
22.08, 52.7
22.08, 52.7
22.07, 52.7
22.07, 52.7
22.07, 52.7
22.05, 52.6
22.05, 52.6
22.04, 52.6
22.04, 52.6
22.03, 52.6
22.05, 52.6
22.05, 52.6
22.05, 52.6
22.03, 52.6
22.04, 52.6
22.02, 52.5
22.03, 52.6
22.01, 52.5
22.01, 52.5
22.01, 52.5
21.99, 52.5
21.99, 52.5
21.99, 52.5
21.98, 52.4
21.99, 52.5
21.99, 52.5
21.98, 52.4
21.98, 52.4
21.99, 52.5
21.99, 52.5
21.97, 52.4
21.97, 52.4
21.97, 52.4
21.95, 52.4
21.95, 52.4
21.95, 52.4
21.96, 52.4
21.96, 52.4
21.95, 52.4
21.95, 52.4
21.95, 52.4
21.95, 52.4
21.95, 52.4
21.95, 52.4
21.93, 52.3
21.94, 52.3
21.94, 52.3
21.94, 52.3
21.93, 52.3
21.93, 52.3
21.93, 52.3
21.91, 52.3
21.91, 52.3
21.92, 52.3
21.91, 52.3
21.91, 52.3
21.91, 52.3
21.91, 52.3
21.91, 52.3
21.91, 52.3
21.90, 52.2
21.91, 52.3
21.90, 52.2
21.90, 52.2
21.90, 52.2
21.90, 52.2
21.89, 52.2
21.89, 52.2
21.89, 52.2
21.89, 52.2
21.90, 52.2
21.90, 52.2
21.89, 52.2
21.90, 52.2
21.89, 52.2
21.88, 52.2
21.87, 52.2
21.87, 52.2
21.87, 52.2
21.86, 52.2
21.86, 52.2
21.87, 52.2
21.85, 52.1
21.85, 52.1
21.85, 52.1
21.83, 52.1
21.84, 52.1
21.82, 52.1
21.83, 52.1
21.81, 52.0
21.82, 52.1
21.81, 52.0
21.81, 52.0
21.81, 52.0
21.81, 52.0
21.81, 52.0
21.80, 52.0
21.81, 52.0
21.81, 52.0
21.81, 52.0
21.81, 52.0
21.81, 52.0
21.81, 52.0
21.81, 52.0
21.81, 52.0
21.81, 52.0
21.81, 52.0
21.81, 52.0
21.80, 52.0
21.79, 52.0
21.79, 52.0
21.78, 52.0
21.77, 51.9
21.78, 52.0
21.77, 51.9
21.79, 52.0
21.79, 52.0
21.78, 52.0
21.78, 52.0
21.78, 52.0
21.77, 51.9
21.75, 51.9
21.75, 51.9
21.75, 51.9
21.73, 51.8
21.73, 51.8
21.74, 51.9
21.74, 51.9
21.73, 51.8
21.73, 51.8
21.75, 51.9
21.73, 51.8
21.73, 51.8
21.73, 51.8
21.69, 51.7
21.69, 51.7
21.69, 51.7
21.69, 51.7
21.69, 51.7
21.66, 51.7
21.66, 51.7
21.65, 51.6
21.65, 51.6
21.65, 51.6
21.64, 51.6
21.65, 51.6
21.65, 51.6
21.65, 51.6
21.65, 51.6
21.64, 51.6
21.64, 51.6
21.65, 51.6
21.62, 51.6
21.62, 51.6
21.59, 51.5
21.60, 51.5
21.60, 51.5
21.58, 51.4
21.58, 51.4
21.58, 51.4
21.58, 51.4
21.57, 51.4
21.56, 51.4
21.56, 51.4
21.53, 51.3
21.52, 51.3
21.53, 51.3
21.53, 51.3
21.51, 51.3
21.51, 51.3
21.50, 51.2
21.49, 51.2
21.48, 51.2
21.49, 51.2
21.48, 51.2
21.48, 51.2
21.46, 51.1
21.46, 51.1
21.46, 51.1
21.44, 51.1
21.44, 51.1
21.43, 51.1
21.43, 51.1
21.43, 51.1
21.42, 51.0
21.42, 51.0
21.40, 51.0
21.40, 51.0
21.39, 51.0
21.39, 51.0
21.38, 50.9
21.39, 51.0
21.39, 51.0
21.36, 50.9
21.36, 50.9
21.36, 50.9
21.34, 50.9
21.34, 50.9
21.34, 50.9
21.34, 50.9
21.33, 50.8
21.32, 50.8
21.31, 50.8
21.32, 50.8
21.31, 50.8
21.31, 50.8
21.29, 50.7
21.29, 50.7
21.30, 50.8
21.30, 50.8
21.30, 50.8
21.28, 50.7
21.29, 50.7
21.28, 50.7
21.28, 50.7
21.26, 50.7
21.26, 50.7
21.26, 50.7
21.26, 50.7
21.25, 50.6
21.24, 50.6
21.24, 50.6
21.23, 50.6
21.23, 50.6
21.22, 50.6
21.23, 50.6
21.22, 50.6
21.22, 50.6
21.19, 50.5
21.20, 50.5
21.19, 50.5
21.19, 50.5
21.19, 50.5
21.19, 50.5
21.18, 50.5
21.18, 50.5
21.17, 50.4
21.18, 50.5
21.18, 50.5
21.16, 50.4
21.16, 50.4
21.16, 50.4
21.15, 50.4
21.16, 50.4
21.16, 50.4
21.15, 50.4
21.15, 50.4
21.14, 50.4
21.13, 50.3
21.13, 50.3
21.13, 50.3
21.13, 50.3
21.13, 50.3
21.13, 50.3
21.11, 50.3
21.11, 50.3
21.09, 50.2
21.09, 50.2
21.10, 50.2
21.09, 50.2
21.09, 50.2
21.08, 50.2
21.08, 50.2
21.07, 50.2
21.06, 50.1
21.06, 50.1
21.06, 50.1
21.07, 50.2
21.07, 50.2
21.05, 50.1
21.06, 50.1
21.05, 50.1
21.05, 50.1
21.05, 50.1
21.05, 50.1
21.03, 50.1
21.03, 50.1
21.04, 50.1
21.03, 50.1
21.02, 50.0
21.02, 50.0
21.03, 50.1
21.03, 50.1
21.02, 50.0
21.00, 50.0
21.00, 50.0
21.01, 50.0
21.01, 50.0
20.99, 50.0
20.99, 50.0
20.99, 50.0
20.97, 49.9
20.97, 49.9
20.97, 49.9
20.97, 49.9
20.97, 49.9
20.97, 49.9
20.95, 49.9
20.96, 49.9
20.95, 49.9
20.94, 49.8
20.95, 49.9
20.95, 49.9
20.95, 49.9
20.94, 49.8
20.94, 49.8
20.93, 49.8
20.93, 49.8
20.92, 49.8
20.91, 49.8
20.92, 49.8
20.91, 49.8
20.92, 49.8
20.91, 49.8
20.90, 49.7
20.89, 49.7
20.89, 49.7
20.89, 49.7
20.86, 49.7
20.88, 49.7
20.88, 49.7
20.87, 49.7
20.87, 49.7
20.87, 49.7
20.86, 49.7
20.87, 49.7
20.87, 49.7
20.86, 49.7
20.86, 49.7
20.83, 49.6
20.84, 49.6
20.83, 49.6
20.83, 49.6
20.83, 49.6
20.83, 49.6
20.81, 49.5
20.82, 49.6
20.82, 49.6
20.82, 49.6
20.82, 49.6
20.81, 49.5
20.82, 49.6
20.81, 49.5
20.80, 49.5
20.81, 49.5
20.81, 49.5
20.80, 49.5
20.80, 49.5
20.77, 49.4
20.78, 49.5
20.77, 49.4
20.76, 49.4
20.76, 49.4
20.76, 49.4
20.76, 49.4
20.77, 49.4
20.77, 49.4
20.76, 49.4
20.76, 49.4
20.76, 49.4
20.77, 49.4
20.75, 49.4
20.75, 49.4
20.75, 49.4
20.75, 49.4
20.75, 49.4
20.75, 49.4
20.74, 49.4
20.74, 49.4
20.74, 49.4
20.73, 49.3
20.73, 49.3
20.75, 49.4
20.75, 49.4
20.73, 49.3
20.71, 49.3
20.71, 49.3
20.71, 49.3
20.71, 49.3
20.69, 49.2
20.69, 49.2
20.69, 49.2
20.71, 49.3
20.70, 49.3
20.69, 49.2
20.70, 49.3
20.69, 49.2
20.69, 49.2
20.68, 49.2
20.67, 49.2
20.68, 49.2
20.67, 49.2
20.68, 49.2
20.67, 49.2
20.65, 49.1
20.66, 49.2
20.66, 49.2
20.64, 49.1
20.64, 49.1
20.65, 49.1
20.65, 49.1
20.64, 49.1
20.65, 49.1
20.64, 49.1
20.64, 49.1
20.63, 49.1
20.63, 49.1
20.62, 49.0
20.61, 49.0
20.62, 49.0
20.60, 49.0
20.60, 49.0
20.60, 49.0
20.62, 49.0
20.61, 49.0
20.60, 49.0
20.60, 49.0
20.59, 49.0
20.59, 49.0
20.60, 49.0
20.60, 49.0
20.60, 49.0
20.59, 49.0
20.58, 48.9
20.58, 48.9
20.60, 49.0
20.59, 49.0
20.58, 48.9
20.58, 48.9
20.58, 48.9
20.58, 48.9
20.58, 48.9
20.56, 48.9
20.56, 48.9
20.57, 48.9
20.56, 48.9
20.56, 48.9
20.55, 48.9
20.56, 48.9
20.56, 48.9
20.55, 48.9
20.54, 48.8
20.53, 48.8
20.54, 48.8
20.53, 48.8
20.52, 48.8
20.53, 48.8
20.52, 48.8
20.53, 48.8
20.52, 48.8
20.51, 48.8
20.51, 48.8
20.51, 48.8
20.50, 48.7
20.50, 48.7
20.50, 48.7
20.50, 48.7
20.48, 48.7
20.49, 48.7
20.48, 48.7
20.47, 48.7
20.47, 48.7
20.47, 48.7
20.47, 48.7
20.46, 48.6
20.46, 48.6
20.46, 48.6
20.46, 48.6
20.45, 48.6
20.44, 48.6
20.44, 48.6
20.45, 48.6
20.45, 48.6
20.44, 48.6
20.45, 48.6
20.44, 48.6
20.44, 48.6
20.44, 48.6
20.44, 48.6
20.45, 48.6
20.43, 48.6
20.42, 48.5
20.42, 48.5
20.41, 48.5
20.41, 48.5
20.41, 48.5
20.41, 48.5
20.40, 48.5
20.38, 48.5
20.38, 48.5
20.39, 48.5
20.38, 48.5
20.38, 48.5
20.37, 48.4
20.36, 48.4
20.36, 48.4
20.37, 48.4
20.36, 48.4
20.36, 48.4
20.36, 48.4
20.36, 48.4
20.36, 48.4
20.37, 48.4
20.36, 48.4
20.37, 48.4
20.35, 48.4
20.34, 48.4
20.34, 48.4
20.34, 48.4
20.34, 48.4
20.33, 48.3
20.33, 48.3
20.32, 48.3
20.33, 48.3
20.31, 48.3
20.30, 48.3
20.30, 48.3
20.30, 48.3
20.30, 48.3
20.30, 48.3
20.30, 48.3
20.30, 48.3
20.29, 48.2
20.28, 48.2
20.29, 48.2
20.30, 48.3
20.30, 48.3
20.30, 48.3
20.29, 48.2
20.30, 48.3
20.29, 48.2
20.30, 48.3
20.30, 48.3
20.30, 48.3
20.30, 48.3
20.27, 48.2
20.24, 48.1
20.24, 48.1
20.24, 48.1
20.24, 48.1
20.24, 48.1
20.24, 48.1
20.24, 48.1
20.23, 48.1
20.23, 48.1
20.22, 48.1
20.22, 48.1
20.22, 48.1
20.22, 48.1
20.22, 48.1
20.22, 48.1
20.22, 48.1
20.22, 48.1
20.22, 48.1
20.20, 48.0
20.18, 48.0
20.19, 48.0
20.19, 48.0
20.18, 48.0
20.16, 47.9
20.16, 47.9
20.17, 47.9
20.16, 47.9
20.16, 47.9
20.17, 47.9
20.16, 47.9
20.16, 47.9
20.16, 47.9
20.16, 47.9
20.16, 47.9
20.16, 47.9
20.16, 47.9
20.16, 47.9
20.15, 47.9
20.16, 47.9
20.15, 47.9
20.15, 47.9
20.15, 47.9
20.14, 47.8
20.16, 47.9
20.13, 47.8
20.15, 47.9
20.14, 47.8
20.15, 47.9
20.15, 47.9
20.13, 47.8
20.13, 47.8
20.11, 47.8
20.12, 47.8
20.11, 47.8
20.09, 47.7
20.11, 47.8
20.10, 47.7
20.11, 47.8
20.10, 47.7
20.09, 47.7
20.09, 47.7
20.09, 47.7
20.08, 47.7
20.08, 47.7
20.07, 47.7
20.08, 47.7
20.08, 47.7
20.08, 47.7
20.08, 47.7
20.08, 47.7
20.09, 47.7
20.07, 47.7
20.07, 47.7
20.07, 47.7
20.07, 47.7
20.03, 47.6
20.05, 47.6
20.02, 47.5
20.02, 47.5
20.02, 47.5
20.02, 47.5
20.04, 47.6
20.03, 47.6
20.03, 47.6
20.03, 47.6
20.01, 47.5
20.02, 47.5
20.01, 47.5
19.99, 47.5
19.99, 47.5
20.00, 47.5
20.00, 47.5
20.00, 47.5
19.99, 47.5
19.99, 47.5
19.99, 47.5
19.99, 47.5
19.99, 47.5
19.99, 47.5
19.99, 47.5
19.99, 47.5
19.99, 47.5
19.99, 47.5
19.99, 47.5
19.99, 47.5
19.99, 47.5
19.99, 47.5
19.99, 47.5
19.98, 47.4
19.98, 47.4
19.98, 47.4
19.97, 47.4
19.98, 47.4
19.97, 47.4
19.97, 47.4
19.97, 47.4
19.95, 47.4
19.96, 47.4
19.96, 47.4
19.96, 47.4
19.95, 47.4
19.94, 47.3
19.95, 47.4
19.94, 47.3
19.94, 47.3
19.94, 47.3
19.93, 47.3
19.93, 47.3
19.91, 47.3
19.91, 47.3
19.92, 47.3
19.91, 47.3
19.93, 47.3
19.91, 47.3
19.91, 47.3
19.90, 47.3
19.91, 47.3
19.91, 47.3
19.90, 47.3
19.89, 47.2
19.91, 47.3
19.89, 47.2
19.89, 47.2
19.87, 47.2
19.88, 47.2
19.88, 47.2
19.87, 47.2
19.88, 47.2
19.88, 47.2
19.86, 47.2
19.86, 47.2
19.87, 47.2
19.86, 47.2
19.86, 47.2
19.86, 47.2
19.85, 47.1
19.85, 47.1
19.83, 47.1
19.83, 47.1
19.83, 47.1
19.82, 47.1
19.83, 47.1
19.82, 47.1
19.81, 47.0
19.81, 47.0
19.81, 47.0
19.80, 47.0
19.79, 47.0
19.80, 47.0
19.80, 47.0
19.80, 47.0
19.80, 47.0
19.79, 47.0
19.79, 47.0
19.80, 47.0
19.80, 47.0
19.78, 47.0
19.78, 47.0
19.78, 47.0
19.75, 46.9
19.75, 46.9
19.76, 46.9
19.77, 46.9
19.77, 46.9
19.76, 46.9
19.77, 46.9
19.77, 46.9
19.77, 46.9
19.76, 46.9
19.75, 46.9
19.75, 46.9
19.75, 46.9
19.75, 46.9
19.76, 46.9
19.76, 46.9
19.77, 46.9
19.75, 46.9
19.77, 46.9
19.77, 46.9
19.75, 46.9
19.75, 46.9
19.75, 46.9
19.77, 46.9
19.75, 46.9
19.75, 46.9
19.74, 46.9
19.73, 46.8
19.73, 46.8
19.72, 46.8
19.71, 46.8
19.72, 46.8
19.72, 46.8
19.71, 46.8
19.71, 46.8
19.71, 46.8
19.73, 46.8
19.72, 46.8
19.71, 46.8
19.72, 46.8
19.72, 46.8
19.72, 46.8
19.72, 46.8
19.72, 46.8
19.72, 46.8
19.72, 46.8
19.72, 46.8
19.72, 46.8
19.72, 46.8
19.71, 46.8
19.72, 46.8
19.71, 46.8
19.71, 46.8
19.70, 46.8
19.70, 46.8
19.70, 46.8
19.73, 46.8
19.72, 46.8
19.73, 46.8
19.71, 46.8
19.71, 46.8
19.67, 46.7
19.66, 46.7
19.66, 46.6
19.66, 46.6
19.66, 46.7
19.67, 46.7
19.68, 46.7
19.69, 46.7
19.69, 46.7
19.69, 46.7
19.69, 46.7
19.70, 46.8
19.71, 46.8
19.69, 46.7
19.70, 46.8
19.71, 46.8
19.70, 46.8
19.71, 46.8
19.71, 46.8
19.71, 46.8
19.71, 46.8
19.71, 46.8
19.71, 46.8
19.70, 46.8
19.70, 46.8
19.69, 46.7
19.69, 46.7
19.67, 46.7
19.68, 46.7
19.67, 46.7
19.67, 46.7
19.68, 46.7
19.67, 46.7
19.67, 46.7
19.67, 46.7
19.66, 46.7
19.68, 46.7
19.68, 46.7
19.68, 46.7
19.68, 46.7
19.68, 46.7
19.68, 46.7
19.67, 46.7
19.67, 46.7
19.67, 46.7
19.67, 46.7
19.68, 46.7
19.67, 46.7
19.66, 46.7
19.67, 46.7
19.67, 46.7
19.67, 46.7
19.68, 46.7
19.67, 46.7
19.66, 46.7
19.67, 46.7
19.66, 46.7
19.66, 46.6
19.66, 46.6
19.66, 46.6
19.66, 46.7
19.67, 46.7
19.66, 46.7
19.67, 46.7
19.66, 46.7
19.67, 46.7
19.67, 46.7
19.66, 46.7
19.66, 46.6
19.67, 46.7
19.67, 46.7
19.66, 46.7
19.67, 46.7
19.66, 46.7
19.67, 46.7
19.67, 46.7
19.67, 46.7
19.67, 46.7
19.67, 46.7
19.71, 46.8
19.79, 47.0
19.91, 47.3
19.98, 47.4
20.11, 47.8
20.28, 48.2
20.39, 48.5
20.43, 48.6
20.44, 48.6
20.47, 48.7
20.53, 48.8
20.60, 49.0
20.62, 49.0
20.62, 49.0
20.64, 49.1
20.65, 49.1
20.67, 49.2
20.67, 49.2
20.69, 49.2
20.73, 49.3
20.72, 49.3
20.73, 49.3
20.76, 49.4
20.74, 49.4
20.75, 49.4
20.73, 49.3
20.73, 49.3
20.75, 49.4
20.75, 49.4
20.75, 49.4
20.75, 49.4
20.76, 49.4
20.75, 49.4
20.75, 49.4
20.73, 49.3
20.72, 49.3
20.71, 49.3
20.71, 49.3
20.71, 49.3
20.69, 49.2
20.69, 49.2
20.68, 49.2
20.65, 49.1
20.65, 49.1
20.67, 49.2
20.68, 49.2
20.69, 49.2
20.69, 49.2
20.72, 49.3
20.75, 49.4
20.75, 49.4
20.75, 49.4
20.75, 49.4
20.75, 49.4
20.76, 49.4
20.75, 49.4
20.75, 49.4
20.77, 49.4
20.75, 49.4
20.75, 49.4
20.74, 49.4
20.75, 49.4
20.77, 49.4
20.75, 49.4
20.75, 49.4
20.74, 49.4
20.74, 49.4
20.71, 49.3
20.72, 49.3
20.74, 49.4
20.76, 49.4
20.76, 49.4
20.62, 49.0
20.57, 48.9
20.57, 48.9
20.50, 48.7
20.41, 48.5
20.38, 48.5
20.38, 48.5
20.38, 48.5
20.28, 48.2
20.26, 48.2
20.23, 48.1
20.20, 48.0
20.21, 48.0
20.18, 48.0
20.20, 48.0
20.17, 47.9
20.15, 47.9
20.15, 47.9
20.16, 47.9
20.16, 47.9
20.16, 47.9
20.16, 47.9
20.20, 48.0
20.22, 48.1
20.22, 48.1
20.23, 48.1
20.26, 48.2
20.25, 48.1
20.20, 48.0
20.18, 48.0
20.12, 47.8
20.12, 47.8
20.12, 47.8
20.12, 47.8
20.10, 47.7
20.09, 47.7
20.07, 47.7
20.07, 47.7
20.09, 47.7
20.08, 47.7
20.07, 47.7
20.06, 47.6
20.05, 47.6
20.05, 47.6
20.09, 47.7
20.09, 47.7
20.09, 47.7
20.09, 47.7
20.09, 47.7
20.09, 47.7
20.10, 47.7
20.08, 47.7
20.07, 47.7
20.07, 47.7
20.05, 47.6
20.07, 47.7
20.09, 47.7
20.07, 47.7
20.05, 47.6
20.05, 47.6
20.11, 47.8
20.11, 47.8
20.15, 47.9
20.16, 47.9
20.16, 47.9
20.16, 47.9
20.13, 47.8
20.15, 47.9
20.17, 47.9
20.17, 47.9
20.17, 47.9
20.17, 47.9
20.25, 48.1
20.28, 48.2
20.30, 48.3
20.34, 48.4
20.32, 48.3
20.40, 48.5
20.36, 48.4
20.36, 48.4
20.39, 48.5
20.40, 48.5
20.40, 48.5
20.40, 48.5
20.36, 48.4
20.32, 48.3
20.32, 48.3
20.28, 48.2
20.28, 48.2
20.28, 48.2
20.27, 48.2
20.27, 48.2
20.29, 48.2
20.29, 48.2
20.30, 48.3
20.30, 48.3
20.40, 48.5
20.41, 48.5
20.41, 48.5
20.38, 48.5
20.37, 48.4
20.34, 48.4
20.32, 48.3
20.32, 48.3
20.38, 48.5
20.45, 48.6
20.46, 48.6
20.45, 48.6
20.42, 48.5
20.48, 48.7
20.47, 48.7
20.54, 48.8
20.62, 49.0
20.66, 49.2
20.67, 49.2
20.67, 49.2
20.67, 49.2
20.61, 49.0
20.61, 49.0
20.59, 49.0
20.58, 48.9
20.57, 48.9
20.64, 49.1
20.65, 49.1
20.69, 49.2
20.73, 49.3
20.73, 49.3
20.71, 49.3
20.71, 49.3
20.67, 49.2
20.65, 49.1
20.69, 49.2
20.70, 49.3
20.73, 49.3
20.74, 49.4
20.79, 49.5
20.79, 49.5
20.80, 49.5
20.79, 49.5
20.85, 49.6
20.97, 49.9
20.93, 49.8
20.96, 49.9
20.99, 50.0
21.12, 50.3
21.09, 50.2
21.14, 50.4
21.18, 50.5
21.18, 50.5
21.20, 50.5
21.24, 50.6
21.24, 50.6
21.21, 50.5
21.13, 50.3
21.15, 50.4
21.18, 50.5
21.25, 50.6
21.28, 50.7
21.32, 50.8
21.35, 50.9
21.35, 50.9
21.40, 51.0
21.44, 51.1
21.46, 51.1
21.46, 51.1
21.41, 51.0
21.42, 51.0
21.44, 51.1
21.46, 51.1
21.44, 51.1
21.51, 51.3
21.53, 51.3
21.51, 51.3
21.51, 51.3
21.68, 51.7
21.73, 51.8
21.75, 51.9
21.75, 51.9
21.78, 52.0
21.78, 52.0
21.77, 51.9
21.77, 51.9
21.70, 51.8
21.69, 51.7
21.63, 51.6
21.65, 51.6
21.65, 51.6
21.71, 51.8
21.75, 51.9
21.80, 52.0
21.77, 51.9
21.71, 51.8
21.71, 51.8
21.67, 51.7
21.71, 51.8
21.71, 51.8
21.72, 51.8
21.71, 51.8
21.68, 51.7
21.71, 51.8
21.78, 52.0
21.72, 51.8
21.73, 51.8
21.73, 51.8
21.73, 51.8
21.73, 51.8
21.79, 52.0
21.80, 52.0
21.71, 51.8
21.71, 51.8
21.69, 51.7
21.71, 51.8
21.71, 51.8
21.71, 51.8
21.69, 51.7
21.71, 51.8
21.75, 51.9
21.79, 52.0
21.85, 52.1
21.85, 52.1
21.81, 52.0
21.85, 52.1
21.89, 52.2
21.92, 52.3
21.90, 52.2
21.85, 52.1
21.85, 52.1
21.81, 52.0
21.78, 52.0
21.78, 52.0
21.81, 52.0
21.81, 52.0
21.83, 52.1
21.89, 52.2
21.89, 52.2
21.91, 52.3
21.91, 52.3
21.88, 52.2
21.89, 52.2
21.88, 52.2
21.87, 52.2
21.92, 52.3
21.95, 52.4
21.96, 52.4
21.96, 52.4
21.85, 52.1
21.81, 52.0
21.87, 52.2
21.95, 52.4
21.91, 52.3
21.85, 52.1
21.91, 52.3
21.97, 52.4
22.01, 52.5
22.01, 52.5
22.04, 52.6
22.04, 52.6
22.02, 52.5
22.01, 52.5
22.14, 52.9
22.12, 52.8
22.13, 52.8
22.09, 52.7
22.11, 52.8
22.11, 52.8
22.18, 53.0
22.19, 53.0
22.22, 53.1
22.25, 53.1
22.28, 53.2
22.32, 53.3
22.32, 53.3
22.27, 53.2
22.18, 53.0
22.27, 53.2
22.27, 53.2
22.31, 53.3
22.35, 53.4
22.36, 53.4
22.35, 53.4
22.40, 53.5
22.46, 53.6
22.44, 53.6
22.44, 53.6
22.63, 54.1
22.67, 54.2
22.67, 54.2
22.75, 54.4
22.60, 54.0
22.59, 54.0
22.61, 54.0
22.71, 54.3
22.68, 54.2
22.69, 54.2
22.73, 54.3
22.69, 54.2
22.69, 54.2
22.69, 54.2
22.74, 54.4
22.78, 54.5
22.75, 54.4
22.72, 54.3
22.73, 54.3
22.79, 54.5
22.83, 54.6
22.84, 54.6
22.84, 54.6
22.83, 54.6
22.83, 54.6
22.83, 54.6
22.80, 54.5
22.69, 54.2
22.65, 54.1
22.65, 54.1
22.66, 54.2
22.54, 53.8
22.52, 53.8
22.47, 53.7
22.46, 53.6
22.52, 53.8
22.55, 53.9
22.56, 53.9
22.55, 53.9
22.50, 53.7
22.50, 53.7
22.46, 53.6
22.46, 53.6
22.42, 53.5
22.46, 53.6
22.48, 53.7
22.48, 53.7
22.51, 53.8
22.51, 53.8
22.47, 53.7
22.47, 53.7
22.45, 53.6
22.42, 53.5
22.45, 53.6
22.46, 53.6
22.45, 53.6
22.47, 53.7
22.48, 53.7
22.46, 53.6
22.46, 53.6
22.46, 53.6
22.46, 53.6
22.42, 53.5
22.38, 53.4
22.37, 53.4
22.38, 53.4
22.40, 53.5
22.43, 53.6
22.43, 53.6
22.38, 53.4
22.36, 53.4
22.35, 53.4
22.35, 53.4
22.34, 53.4
22.32, 53.3
22.34, 53.4
22.37, 53.4
22.42, 53.5
22.44, 53.6
22.46, 53.6
22.44, 53.6
22.42, 53.5
22.42, 53.5
22.44, 53.6
22.44, 53.6
22.49, 53.7
22.48, 53.7
22.41, 53.5
22.41, 53.5
22.38, 53.4
22.38, 53.4
22.37, 53.4
22.36, 53.4
22.35, 53.4
22.35, 53.4
22.35, 53.4
22.28, 53.2
22.31, 53.3
22.35, 53.4
22.36, 53.4
22.34, 53.4
22.34, 53.4
22.34, 53.4
22.33, 53.3
22.32, 53.3
22.30, 53.3
22.26, 53.2
22.22, 53.1
22.18, 53.0
22.16, 52.9
22.14, 52.9
22.12, 52.8
22.11, 52.8
22.11, 52.8
22.12, 52.8
22.12, 52.8
22.12, 52.8
22.13, 52.8
22.13, 52.8
22.11, 52.8
22.11, 52.8
22.11, 52.8
22.09, 52.7
22.10, 52.7
22.10, 52.7
22.09, 52.7
22.08, 52.7
22.07, 52.7
22.07, 52.7
22.09, 52.7
22.09, 52.7
22.08, 52.7
22.09, 52.7
22.09, 52.7
22.09, 52.7
22.07, 52.7
22.08, 52.7
22.11, 52.8
22.11, 52.8
22.11, 52.8
22.14, 52.9
22.14, 52.9
22.14, 52.9
22.11, 52.8
22.12, 52.8
22.11, 52.8
22.11, 52.8
22.10, 52.7
22.10, 52.7
22.11, 52.8
22.11, 52.8
22.11, 52.8
22.09, 52.7
22.10, 52.7
22.11, 52.8
22.11, 52.8
22.07, 52.7
22.05, 52.6
22.05, 52.6
22.01, 52.5
22.01, 52.5
21.99, 52.5
21.99, 52.5
21.98, 52.4
21.96, 52.4
21.97, 52.4
22.02, 52.5
22.02, 52.5
22.03, 52.6
22.03, 52.6
21.97, 52.4
21.97, 52.4
22.00, 52.5
22.00, 52.5
22.04, 52.6
22.05, 52.6
22.07, 52.7
22.12, 52.8
22.14, 52.9
22.14, 52.9
22.17, 52.9
22.13, 52.8
22.13, 52.8
22.11, 52.8
22.11, 52.8
22.13, 52.8
22.13, 52.8
22.12, 52.8
22.11, 52.8
22.11, 52.8
22.14, 52.9
22.10, 52.7
22.09, 52.7
22.10, 52.7
22.09, 52.7
22.07, 52.7
22.07, 52.7
22.09, 52.7
22.08, 52.7
22.09, 52.7
22.11, 52.8
22.11, 52.8
22.11, 52.8
22.11, 52.8
22.09, 52.7
22.15, 52.9
22.13, 52.8
22.11, 52.8
22.11, 52.8
22.11, 52.8
22.09, 52.7
22.11, 52.8
22.11, 52.8
22.10, 52.7
22.10, 52.7
22.10, 52.7
22.10, 52.7
22.10, 52.7
22.12, 52.8
22.13, 52.8
22.13, 52.8
22.14, 52.9
22.13, 52.8
22.16, 52.9
22.16, 52.9
22.14, 52.9
22.14, 52.9
22.14, 52.9
22.16, 52.9
22.16, 52.9
22.12, 52.8
22.14, 52.9
22.13, 52.8
22.11, 52.8
22.13, 52.8
22.12, 52.8
22.11, 52.8
22.11, 52.8
22.12, 52.8
22.09, 52.7
22.09, 52.7
22.02, 52.5
22.02, 52.5
22.05, 52.6
22.05, 52.6
22.05, 52.6
22.03, 52.6
22.03, 52.6
22.01, 52.5
22.01, 52.5
21.99, 52.5
21.99, 52.5
21.97, 52.4
21.99, 52.5
21.97, 52.4
21.97, 52.4
21.92, 52.3
21.91, 52.3
21.92, 52.3
21.92, 52.3
21.89, 52.2
21.88, 52.2
21.88, 52.2
21.86, 52.2
21.86, 52.2
21.85, 52.1
21.84, 52.1
21.84, 52.1
21.85, 52.1
21.87, 52.2
21.86, 52.2
21.83, 52.1
21.82, 52.1
21.81, 52.0
21.81, 52.0
21.81, 52.0
21.80, 52.0
21.80, 52.0
21.80, 52.0
21.79, 52.0
21.79, 52.0
21.78, 52.0
21.78, 52.0
21.76, 51.9
21.75, 51.9
21.75, 51.9
21.75, 51.9
21.76, 51.9
21.75, 51.9
21.75, 51.9
21.77, 51.9
21.75, 51.9
21.75, 51.9
21.76, 51.9
21.75, 51.9
21.75, 51.9
21.78, 52.0
21.77, 51.9
21.78, 52.0
21.79, 52.0
21.77, 51.9
21.76, 51.9
21.74, 51.9
21.76, 51.9
21.80, 52.0
21.80, 52.0
21.80, 52.0
21.80, 52.0
21.80, 52.0
21.73, 51.8
21.74, 51.9
21.74, 51.9
21.75, 51.9
21.72, 51.8
21.72, 51.8
21.71, 51.8
21.72, 51.8
21.70, 51.8
21.71, 51.8
21.73, 51.8
21.70, 51.8
21.71, 51.8
21.70, 51.8
21.73, 51.8
21.71, 51.8
21.70, 51.8
21.71, 51.8
21.71, 51.8
21.71, 51.8
21.71, 51.8
21.70, 51.8
21.70, 51.8
21.70, 51.8
21.69, 51.7
21.66, 51.7
21.66, 51.7
21.66, 51.7
21.67, 51.7
21.77, 51.9
21.76, 51.9
21.80, 52.0
21.81, 52.0
21.81, 52.0
21.81, 52.0
21.81, 52.0
21.81, 52.0
21.81, 52.0
21.83, 52.1
21.94, 52.3
21.97, 52.4
21.95, 52.4
21.93, 52.3
21.91, 52.3
21.96, 52.4
21.93, 52.3
21.97, 52.4
21.98, 52.4
21.97, 52.4
21.97, 52.4
21.97, 52.4
21.94, 52.3
21.94, 52.3
21.94, 52.3
22.05, 52.6
22.05, 52.6
21.99, 52.5
22.05, 52.6
22.05, 52.6
22.07, 52.7
22.06, 52.6
22.11, 52.8
22.09, 52.7
22.13, 52.8
22.11, 52.8
22.12, 52.8
22.12, 52.8
22.12, 52.8
22.14, 52.9
22.14, 52.9
22.18, 53.0
22.18, 53.0
22.18, 53.0
22.05, 52.6
22.09, 52.7
22.03, 52.6
22.09, 52.7
22.12, 52.8
22.07, 52.7
22.07, 52.7
22.07, 52.7
22.09, 52.7
22.09, 52.7
22.10, 52.7
22.10, 52.7
22.08, 52.7
22.08, 52.7
22.11, 52.8
22.07, 52.7
22.10, 52.7
22.09, 52.7
22.09, 52.7
22.08, 52.7
22.07, 52.7
22.07, 52.7
22.07, 52.7
22.07, 52.7
22.07, 52.7
22.07, 52.7
22.11, 52.8
22.11, 52.8
22.06, 52.6
21.99, 52.5
21.99, 52.5
21.99, 52.5
22.05, 52.6
22.03, 52.6
22.03, 52.6
22.01, 52.5
22.00, 52.5
22.00, 52.5
22.02, 52.5
22.02, 52.5
21.95, 52.4
21.95, 52.4
22.01, 52.5
22.01, 52.5
22.01, 52.5
22.02, 52.5
22.00, 52.5
21.99, 52.5
21.99, 52.5
21.95, 52.4
21.92, 52.3
21.92, 52.3
21.90, 52.2
21.91, 52.3
21.83, 52.1
21.83, 52.1
21.85, 52.1
21.88, 52.2
21.88, 52.2
21.87, 52.2
21.93, 52.3
21.89, 52.2
21.89, 52.2
21.90, 52.2
21.90, 52.2
21.87, 52.2
21.82, 52.1
21.85, 52.1
21.82, 52.1
21.88, 52.2
21.86, 52.2
21.85, 52.1
21.81, 52.0
21.81, 52.0
21.81, 52.0
21.81, 52.0
21.79, 52.0
21.78, 52.0
21.75, 51.9
21.81, 52.0
21.81, 52.0
21.81, 52.0
21.76, 51.9
21.79, 52.0
21.81, 52.0
21.81, 52.0
21.81, 52.0
21.93, 52.3
21.93, 52.3
21.97, 52.4
22.01, 52.5
21.98, 52.4
21.92, 52.3
21.92, 52.3
21.81, 52.0
21.80, 52.0
21.80, 52.0
21.80, 52.0
21.79, 52.0
21.74, 51.9
21.66, 51.7
21.64, 51.6
21.63, 51.6
21.65, 51.6
21.77, 51.9
21.77, 51.9
21.69, 51.7
21.79, 52.0
21.77, 51.9
21.81, 52.0
21.78, 52.0
21.80, 52.0
21.96, 52.4
21.84, 52.1
21.81, 52.0
21.78, 52.0
21.81, 52.0
21.81, 52.0
21.83, 52.1
21.83, 52.1
21.83, 52.1
21.83, 52.1
21.88, 52.2
21.91, 52.3
21.98, 52.4
21.93, 52.3
21.89, 52.2
21.89, 52.2
21.81, 52.0
21.81, 52.0
21.72, 51.8
21.73, 51.8
21.81, 52.0
21.80, 52.0
21.81, 52.0
21.81, 52.0
21.80, 52.0
21.87, 52.2
21.81, 52.0
21.81, 52.0
21.79, 52.0
21.77, 51.9
21.77, 51.9
21.77, 51.9
21.65, 51.6
21.65, 51.6
21.63, 51.6
21.64, 51.6
21.64, 51.6
21.58, 51.4
21.58, 51.4
21.54, 51.3
21.50, 51.2
21.50, 51.2
21.50, 51.2
21.38, 50.9
21.40, 51.0
21.40, 51.0
21.38, 50.9
21.38, 50.9
21.44, 51.1
21.44, 51.1
21.44, 51.1
21.44, 51.1
21.44, 51.1
21.49, 51.2
21.47, 51.2
21.48, 51.2
21.48, 51.2
21.50, 51.2
21.50, 51.2
21.52, 51.3
21.50, 51.2
21.48, 51.2
21.45, 51.1
21.43, 51.1
21.44, 51.1
21.45, 51.1
21.50, 51.2
21.51, 51.3
21.53, 51.3
21.51, 51.3
21.51, 51.3
21.51, 51.3
21.53, 51.3
21.55, 51.4
21.56, 51.4
21.56, 51.4
21.56, 51.4
21.56, 51.4
21.58, 51.4
21.56, 51.4
21.57, 51.4
21.57, 51.4
21.58, 51.4
21.56, 51.4
21.55, 51.4
21.56, 51.4
21.55, 51.4
21.55, 51.4
21.55, 51.4
21.51, 51.3
21.51, 51.3
21.52, 51.3
21.50, 51.2
21.50, 51.2
21.50, 51.2
21.50, 51.2
21.52, 51.3
21.40, 51.0
21.44, 51.1
21.46, 51.1
21.46, 51.1
21.46, 51.1
21.48, 51.2
21.48, 51.2
21.52, 51.3
21.52, 51.3
21.52, 51.3
21.52, 51.3
21.51, 51.3
21.50, 51.2
21.51, 51.3
21.52, 51.3
21.50, 51.2
21.52, 51.3
21.50, 51.2
21.50, 51.2
21.51, 51.3
21.48, 51.2
21.47, 51.2
21.48, 51.2
21.47, 51.2
21.47, 51.2
21.48, 51.2
21.48, 51.2
21.48, 51.2
21.48, 51.2
21.49, 51.2
21.48, 51.2
21.49, 51.2
21.50, 51.2
21.50, 51.2
21.42, 51.0
21.41, 51.0
21.41, 51.0
21.41, 51.0
21.79, 52.0
21.86, 52.2
21.88, 52.2
21.91, 52.3
21.94, 52.3
22.01, 52.5
22.02, 52.5
22.02, 52.5
22.04, 52.6
22.06, 52.6
22.06, 52.6
22.07, 52.7
22.07, 52.7
22.09, 52.7
22.11, 52.8
22.11, 52.8
22.12, 52.8
22.11, 52.8
22.09, 52.7
22.09, 52.7
22.11, 52.8
22.11, 52.8
22.11, 52.8
22.11, 52.8
22.11, 52.8
22.12, 52.8
22.12, 52.8
22.15, 52.9
22.15, 52.9
22.13, 52.8
22.13, 52.8
22.13, 52.8
22.14, 52.9
22.13, 52.8
22.13, 52.8
22.13, 52.8
22.13, 52.8
22.13, 52.8
22.11, 52.8
22.12, 52.8
22.11, 52.8
22.11, 52.8
22.07, 52.7
22.03, 52.6
22.02, 52.5
22.01, 52.5
22.01, 52.5
22.01, 52.5
22.01, 52.5
22.01, 52.5
21.99, 52.5
21.99, 52.5
21.99, 52.5
21.99, 52.5
21.99, 52.5
22.00, 52.5
22.01, 52.5
22.02, 52.5
22.01, 52.5
22.01, 52.5
22.02, 52.5
22.02, 52.5
22.00, 52.5
22.01, 52.5
22.01, 52.5
22.01, 52.5
22.01, 52.5
22.01, 52.5
22.01, 52.5
22.01, 52.5
22.01, 52.5
22.01, 52.5
22.01, 52.5
22.01, 52.5
22.01, 52.5
22.01, 52.5
21.97, 52.4
21.97, 52.4
21.97, 52.4
21.91, 52.3
21.91, 52.3
21.91, 52.3
21.91, 52.3
21.91, 52.3
21.91, 52.3
21.91, 52.3
21.91, 52.3
21.90, 52.2
21.90, 52.2
21.90, 52.2
21.82, 52.1
21.83, 52.1
21.82, 52.1
21.81, 52.0
21.83, 52.1
21.82, 52.1
21.82, 52.1
21.82, 52.1
21.85, 52.1
21.85, 52.1
21.85, 52.1
21.84, 52.1
21.84, 52.1
21.84, 52.1
21.84, 52.1
21.81, 52.0
21.81, 52.0
21.81, 52.0
21.81, 52.0
21.81, 52.0
21.81, 52.0
21.81, 52.0
21.81, 52.0
21.81, 52.0
21.81, 52.0
21.81, 52.0
21.81, 52.0
21.81, 52.0
21.81, 52.0
21.81, 52.0
21.81, 52.0
21.80, 52.0
21.80, 52.0
21.81, 52.0
21.81, 52.0
21.81, 52.0
21.80, 52.0
21.79, 52.0
21.77, 51.9
21.77, 51.9
21.78, 52.0
21.78, 52.0
21.73, 51.8
21.73, 51.8
21.73, 51.8
21.75, 51.9
21.75, 51.9
21.78, 52.0
21.78, 52.0
21.78, 52.0
21.78, 52.0
21.78, 52.0
21.78, 52.0
21.78, 52.0
21.78, 52.0
21.78, 52.0
21.78, 52.0
21.73, 51.8
21.72, 51.8
21.71, 51.8
21.69, 51.7
21.69, 51.7
21.69, 51.7
21.67, 51.7
21.67, 51.7
21.67, 51.7
21.67, 51.7
21.67, 51.7
21.66, 51.7
21.67, 51.7
21.67, 51.7
21.67, 51.7
21.67, 51.7
21.63, 51.6
21.65, 51.6
21.65, 51.6
21.63, 51.6
21.63, 51.6
21.62, 51.5
21.63, 51.6
21.63, 51.6
21.63, 51.6
21.63, 51.6
21.63, 51.6
21.62, 51.6
21.62, 51.6
21.62, 51.6
21.62, 51.6
21.62, 51.6
21.62, 51.5
21.62, 51.6
21.62, 51.6
21.62, 51.5
21.61, 51.5
21.60, 51.5
21.60, 51.5
21.58, 51.4
21.59, 51.5
21.58, 51.4
21.58, 51.4
21.59, 51.5
21.59, 51.5
21.60, 51.5
21.60, 51.5
21.60, 51.5
21.59, 51.5
21.59, 51.5
21.58, 51.4
21.58, 51.4
21.57, 51.4
21.59, 51.5
21.59, 51.5
21.59, 51.5
21.59, 51.5
21.59, 51.5
21.59, 51.5
21.59, 51.5
21.58, 51.4
21.56, 51.4
21.55, 51.4
21.55, 51.4
21.56, 51.4
21.55, 51.4
21.54, 51.3
21.54, 51.3
21.52, 51.3
21.52, 51.3
21.52, 51.3
21.50, 51.2
21.51, 51.3
21.51, 51.3
21.52, 51.3
21.52, 51.3
21.51, 51.3
21.50, 51.2
21.51, 51.3
21.50, 51.2
21.50, 51.2
21.50, 51.2
21.49, 51.2
21.51, 51.3
21.51, 51.3
21.50, 51.2
21.50, 51.2
21.51, 51.3
21.52, 51.3
21.48, 51.2
21.48, 51.2
21.47, 51.2
21.47, 51.2
21.46, 51.1
21.48, 51.2
21.48, 51.2
21.48, 51.2
21.48, 51.2
21.48, 51.2
21.48, 51.2
21.48, 51.2
21.46, 51.1
21.46, 51.1
21.46, 51.1
21.46, 51.1
21.46, 51.1
21.45, 51.1
21.46, 51.1
21.47, 51.2
21.46, 51.1
21.46, 51.1
21.47, 51.2
21.45, 51.1
21.46, 51.1
21.46, 51.1
21.46, 51.1
21.46, 51.1
21.44, 51.1
21.44, 51.1
21.47, 51.2
21.46, 51.1
21.46, 51.1
21.46, 51.1
21.46, 51.1
21.42, 51.0
21.44, 51.1
21.44, 51.1
21.44, 51.1
21.44, 51.1
21.43, 51.1
21.42, 51.0
21.42, 51.0
21.42, 51.0
21.42, 51.0
21.42, 51.0
21.42, 51.0
21.41, 51.0
21.42, 51.0
21.42, 51.0
21.42, 51.0
21.42, 51.0
21.41, 51.0
21.41, 51.0
21.40, 51.0
21.39, 51.0
21.39, 51.0
21.40, 51.0
21.40, 51.0
21.40, 51.0
21.40, 51.0
21.40, 51.0
21.41, 51.0
21.40, 51.0
21.41, 51.0
21.41, 51.0
21.37, 50.9
21.38, 50.9
21.38, 50.9
21.38, 50.9
21.38, 50.9
21.38, 50.9
21.40, 51.0
21.40, 51.0
21.40, 51.0
21.40, 51.0
21.38, 50.9
21.38, 50.9
21.36, 50.9
21.35, 50.9
21.36, 50.9
21.36, 50.9
21.34, 50.9
21.36, 50.9
21.36, 50.9
21.37, 50.9
21.37, 50.9
21.36, 50.9
21.36, 50.9
21.36, 50.9
21.33, 50.8
21.33, 50.8
21.32, 50.8
21.33, 50.8
21.33, 50.8
21.34, 50.9
21.35, 50.9
21.34, 50.9
21.33, 50.8
21.32, 50.8
21.31, 50.8
21.30, 50.8
21.31, 50.8
21.30, 50.8
21.32, 50.8
21.30, 50.8
21.31, 50.8
21.31, 50.8
21.31, 50.8
21.31, 50.8
21.30, 50.8
21.29, 50.7
21.29, 50.7
21.29, 50.7
21.29, 50.7
21.28, 50.7
21.28, 50.7
21.28, 50.7
21.29, 50.7
21.30, 50.8
21.30, 50.8
21.26, 50.7
21.26, 50.7
21.26, 50.7
21.26, 50.7
21.25, 50.6
21.26, 50.7
21.26, 50.7
21.27, 50.7
21.27, 50.7
21.27, 50.7
21.27, 50.7
21.27, 50.7
21.26, 50.7
21.24, 50.6
21.24, 50.6
21.24, 50.6
21.22, 50.6
21.22, 50.6
21.22, 50.6
21.22, 50.6
21.22, 50.6
21.22, 50.6
21.21, 50.5
21.21, 50.5
21.20, 50.5
21.19, 50.5
21.18, 50.5
21.18, 50.5
21.19, 50.5
21.19, 50.5
21.20, 50.5
21.19, 50.5
21.19, 50.5
21.20, 50.5
21.18, 50.5
21.20, 50.5
21.18, 50.5
21.18, 50.5
21.16, 50.4
21.16, 50.4
21.17, 50.4
21.16, 50.4
21.16, 50.4
21.16, 50.4
21.15, 50.4
21.14, 50.4
21.14, 50.3
21.14, 50.3
21.14, 50.4
21.14, 50.4
21.14, 50.3
21.14, 50.3
21.14, 50.3
21.14, 50.4
21.14, 50.4
21.13, 50.3
21.13, 50.3
21.11, 50.3
21.12, 50.3
21.12, 50.3
21.12, 50.3
21.12, 50.3
21.11, 50.3
21.11, 50.3
21.12, 50.3
21.12, 50.3
21.09, 50.2
21.09, 50.2
21.08, 50.2
21.08, 50.2
21.08, 50.2
21.08, 50.2
21.09, 50.2
21.09, 50.2
21.09, 50.2
21.09, 50.2
21.08, 50.2
21.06, 50.1
21.06, 50.1
21.05, 50.1
21.06, 50.1
21.05, 50.1
21.05, 50.1
21.07, 50.2
21.05, 50.1
21.05, 50.1
21.04, 50.1
21.04, 50.1
21.03, 50.1
21.03, 50.1
21.05, 50.1
21.05, 50.1
21.05, 50.1
21.03, 50.1
21.05, 50.1
21.05, 50.1
21.03, 50.1
21.03, 50.1
21.03, 50.1
21.02, 50.0
21.01, 50.0
21.01, 50.0
21.00, 50.0
21.01, 50.0
21.01, 50.0
21.01, 50.0
21.01, 50.0
21.01, 50.0
20.99, 50.0
20.99, 50.0
20.99, 50.0
20.99, 50.0
20.98, 49.9
20.98, 49.9
20.98, 49.9
20.98, 49.9
20.98, 49.9
20.98, 49.9
20.97, 49.9
20.95, 49.9
20.94, 49.8
20.94, 49.8
20.95, 49.9
20.95, 49.9
20.95, 49.9
20.96, 49.9
20.96, 49.9
20.96, 49.9
20.96, 49.9
20.95, 49.9
20.95, 49.9
20.93, 49.8
20.93, 49.8
20.93, 49.8
20.91, 49.8
20.92, 49.8
20.91, 49.8
20.92, 49.8
20.91, 49.8
20.91, 49.8
20.91, 49.8
20.90, 49.7
20.90, 49.7
20.89, 49.7
20.89, 49.7
20.89, 49.7
20.89, 49.7
20.89, 49.7
20.89, 49.7
20.89, 49.7
20.89, 49.7
20.90, 49.7
20.89, 49.7
20.87, 49.7
20.87, 49.7
20.87, 49.7
20.88, 49.7
20.88, 49.7
20.88, 49.7
20.87, 49.7
20.87, 49.7
20.87, 49.7
20.87, 49.7
20.87, 49.7
20.87, 49.7
20.87, 49.7
20.86, 49.7
20.87, 49.7
20.87, 49.7
20.85, 49.6
20.85, 49.6
20.87, 49.7
20.87, 49.7
20.85, 49.6
20.83, 49.6
20.82, 49.6
20.83, 49.6
20.84, 49.6
20.83, 49.6
20.83, 49.6
20.82, 49.6
20.81, 49.5
20.79, 49.5
20.81, 49.5
20.81, 49.5
20.81, 49.5
20.79, 49.5
20.79, 49.5
20.78, 49.5
20.78, 49.5
20.79, 49.5
20.79, 49.5
20.79, 49.5
20.79, 49.5
20.79, 49.5
20.79, 49.5
20.78, 49.5
20.77, 49.4
20.78, 49.5
20.78, 49.5
20.78, 49.5
20.77, 49.4
20.78, 49.5
20.77, 49.4
20.77, 49.4
20.77, 49.4
20.77, 49.4
20.76, 49.4
20.75, 49.4
20.75, 49.4
20.75, 49.4
20.75, 49.4
20.75, 49.4
20.75, 49.4
20.75, 49.4
20.75, 49.4
20.74, 49.4
20.74, 49.4
20.71, 49.3
20.73, 49.3
20.74, 49.4
20.73, 49.3
20.72, 49.3
20.74, 49.4
20.74, 49.4
20.73, 49.3
20.74, 49.4
20.73, 49.3
20.73, 49.3
20.71, 49.3
20.71, 49.3
20.71, 49.3
20.70, 49.3
20.70, 49.3
20.70, 49.3
20.70, 49.3
20.71, 49.3
20.71, 49.3
20.69, 49.2
20.70, 49.3
20.70, 49.3
20.70, 49.3
20.67, 49.2
20.67, 49.2
20.67, 49.2
20.67, 49.2
20.67, 49.2
20.67, 49.2
20.67, 49.2
20.67, 49.2
20.66, 49.2
20.66, 49.2
20.66, 49.2
20.65, 49.1
20.65, 49.1
20.65, 49.1
20.66, 49.2
20.67, 49.2
20.67, 49.2
20.67, 49.2
20.67, 49.2
20.66, 49.2
20.66, 49.2
20.66, 49.2
20.65, 49.1
20.65, 49.1
20.65, 49.1
20.65, 49.1
20.65, 49.1
20.65, 49.1
20.65, 49.1
20.64, 49.1
20.64, 49.1
20.64, 49.1
20.64, 49.1
20.64, 49.1
20.63, 49.1
20.64, 49.1
20.64, 49.1
20.64, 49.1
20.64, 49.1
20.62, 49.0
20.62, 49.0
20.62, 49.0
20.62, 49.0
20.62, 49.0
20.61, 49.0
20.61, 49.0
20.62, 49.0
20.62, 49.0
20.61, 49.0
20.61, 49.0
20.61, 49.0
20.60, 49.0
20.60, 49.0
20.61, 49.0
20.61, 49.0
20.60, 49.0
20.60, 49.0
20.59, 49.0
20.59, 49.0
20.59, 49.0
20.60, 49.0
20.60, 49.0
20.59, 49.0
20.60, 49.0
20.60, 49.0
20.59, 49.0
20.59, 49.0
20.59, 49.0
20.59, 49.0
20.57, 48.9
20.57, 48.9
20.58, 48.9
20.58, 48.9
20.58, 48.9
20.59, 49.0
20.59, 49.0
20.58, 48.9
20.58, 48.9
20.58, 48.9
20.57, 48.9
20.57, 48.9
20.57, 48.9
20.57, 48.9
20.58, 48.9
20.58, 48.9
20.58, 48.9
20.57, 48.9
20.56, 48.9
20.56, 48.9
20.56, 48.9
20.55, 48.9
20.55, 48.9
20.55, 48.9
20.56, 48.9
20.56, 48.9
20.55, 48.9
20.55, 48.9
20.55, 48.9
20.55, 48.9
20.54, 48.8
20.54, 48.8
20.54, 48.8
20.54, 48.8
20.52, 48.8
20.52, 48.8
20.52, 48.8
20.52, 48.8
20.52, 48.8
20.52, 48.8
20.52, 48.8
20.51, 48.8
20.51, 48.8
20.51, 48.8
20.51, 48.8
20.52, 48.8
20.53, 48.8
20.53, 48.8
20.53, 48.8
20.53, 48.8
20.52, 48.8
20.51, 48.8
20.49, 48.7
20.50, 48.7
20.50, 48.7
20.50, 48.7
20.50, 48.7
20.50, 48.7
20.50, 48.7
20.50, 48.7
20.49, 48.7
20.49, 48.7
20.49, 48.7
20.49, 48.7
20.48, 48.7
20.50, 48.7
20.50, 48.7
20.50, 48.7
20.50, 48.7
20.51, 48.8
20.49, 48.7
20.49, 48.7
20.49, 48.7
20.51, 48.8
20.51, 48.8
20.51, 48.8
20.50, 48.7
20.50, 48.7
20.50, 48.7
20.50, 48.7
20.50, 48.7
20.48, 48.7
20.48, 48.7
20.48, 48.7
20.48, 48.7
20.47, 48.7
20.46, 48.6
20.46, 48.6
20.47, 48.7
20.46, 48.6
20.46, 48.6
20.44, 48.6
20.44, 48.6
20.46, 48.6
20.46, 48.6
20.44, 48.6
20.44, 48.6
20.46, 48.6
20.44, 48.6
20.46, 48.6
20.45, 48.6
20.45, 48.6
20.44, 48.6
20.42, 48.5
20.42, 48.5
20.42, 48.5
20.42, 48.5
20.42, 48.5
20.42, 48.5
20.40, 48.5
20.40, 48.5
20.40, 48.5
20.41, 48.5
20.41, 48.5
20.40, 48.5
20.40, 48.5
20.40, 48.5
20.40, 48.5
20.40, 48.5
20.40, 48.5
20.39, 48.5
20.40, 48.5
20.40, 48.5
20.39, 48.5
20.38, 48.5
20.38, 48.5
20.38, 48.5
20.38, 48.5
20.38, 48.5
20.38, 48.5
20.36, 48.4
20.34, 48.4
20.34, 48.4
20.34, 48.4
20.31, 48.3
20.30, 48.3
20.30, 48.3
20.30, 48.3
20.30, 48.3
20.30, 48.3
20.30, 48.3
20.30, 48.3
20.31, 48.3
20.31, 48.3
20.34, 48.4
20.33, 48.3
20.32, 48.3
20.32, 48.3
20.32, 48.3
20.30, 48.3
20.30, 48.3
20.30, 48.3
20.30, 48.3
20.30, 48.3
20.32, 48.3
20.30, 48.3
20.30, 48.3
20.30, 48.3
20.30, 48.3
20.30, 48.3
20.30, 48.3
20.30, 48.3
20.30, 48.3
20.30, 48.3
20.29, 48.2
20.29, 48.2
20.29, 48.2
20.30, 48.3
20.31, 48.3
20.31, 48.3
20.31, 48.3
20.30, 48.3
20.30, 48.3
20.30, 48.3
20.29, 48.2
20.30, 48.3
20.28, 48.2
20.29, 48.2
20.29, 48.2
20.28, 48.2
20.28, 48.2
20.28, 48.2
20.28, 48.2
20.28, 48.2
20.26, 48.2
20.27, 48.2
20.27, 48.2
20.27, 48.2
20.28, 48.2
20.28, 48.2
20.28, 48.2
20.28, 48.2
20.28, 48.2
20.25, 48.1
20.25, 48.1
20.26, 48.2
20.28, 48.2
20.28, 48.2
20.26, 48.2
20.25, 48.1
20.25, 48.1
20.25, 48.1
20.25, 48.1
20.24, 48.1
20.23, 48.1
20.22, 48.1
20.22, 48.1
20.22, 48.1
20.22, 48.1
20.22, 48.1
20.21, 48.0
20.21, 48.0
20.22, 48.1
20.22, 48.1
20.21, 48.0
20.20, 48.0
20.20, 48.0
20.20, 48.0
20.20, 48.0
20.20, 48.0
20.20, 48.0
20.20, 48.0
20.20, 48.0
20.20, 48.0
20.21, 48.0
20.22, 48.1
20.21, 48.0
20.21, 48.0
20.23, 48.1
20.23, 48.1
20.24, 48.1
20.24, 48.1
20.24, 48.1
20.24, 48.1
20.24, 48.1
20.24, 48.1
20.24, 48.1
20.24, 48.1
20.24, 48.1
20.23, 48.1
20.22, 48.1
20.21, 48.0
20.21, 48.0
20.22, 48.1
20.21, 48.0
20.22, 48.1
20.22, 48.1
20.22, 48.1
20.20, 48.0
20.20, 48.0
20.20, 48.0
20.20, 48.0
20.16, 47.9
20.16, 47.9
20.17, 47.9
20.17, 47.9
20.16, 47.9
20.16, 47.9
20.16, 47.9
20.16, 47.9
20.16, 47.9
20.16, 47.9
20.15, 47.9
20.15, 47.9
20.15, 47.9
20.15, 47.9
20.14, 47.8
20.13, 47.8
20.13, 47.8
20.14, 47.8
20.13, 47.8
20.15, 47.9
20.15, 47.9
20.15, 47.9
20.15, 47.9
20.14, 47.8
20.14, 47.8
20.11, 47.8
20.10, 47.7
20.10, 47.7
20.10, 47.7
20.10, 47.7
20.08, 47.7
20.08, 47.7
20.07, 47.7
20.07, 47.7
20.06, 47.6
20.07, 47.7
20.07, 47.7
20.07, 47.7
20.08, 47.7
20.08, 47.7
20.09, 47.7
20.09, 47.7
20.09, 47.7
20.10, 47.7
20.09, 47.7
20.09, 47.7
20.09, 47.7
20.09, 47.7
20.11, 47.8
20.09, 47.7
20.09, 47.7
20.10, 47.7
20.10, 47.7
20.09, 47.7
20.08, 47.7
20.07, 47.7
20.07, 47.7
20.05, 47.6
20.03, 47.6
20.04, 47.6
20.05, 47.6
20.03, 47.6
20.03, 47.6
20.04, 47.6
20.04, 47.6
20.03, 47.6
20.03, 47.6
20.03, 47.6
20.03, 47.6
20.04, 47.6
20.05, 47.6
20.05, 47.6
20.05, 47.6
20.03, 47.6
20.02, 47.5
20.02, 47.5
20.01, 47.5
20.02, 47.5
20.02, 47.5
19.99, 47.5
19.99, 47.5
19.99, 47.5
20.00, 47.5
20.01, 47.5
20.02, 47.5
20.03, 47.6
20.03, 47.6
20.03, 47.6
20.04, 47.6
20.04, 47.6
20.03, 47.6
20.01, 47.5
20.01, 47.5
20.04, 47.6
20.04, 47.6
20.03, 47.6
20.04, 47.6
20.04, 47.6
20.03, 47.6
20.03, 47.6
20.03, 47.6
20.02, 47.5
20.01, 47.5
20.01, 47.5
20.01, 47.5
19.99, 47.5
20.00, 47.5
19.99, 47.5
19.99, 47.5
19.99, 47.5
20.01, 47.5
20.01, 47.5
20.01, 47.5
20.01, 47.5
20.01, 47.5
19.99, 47.5
19.99, 47.5
19.99, 47.5
19.99, 47.5
19.99, 47.5
19.99, 47.5
19.99, 47.5
19.99, 47.5
19.99, 47.5
19.99, 47.5
19.98, 47.4
19.99, 47.5
19.98, 47.4
19.98, 47.4
19.98, 47.4
19.98, 47.4
19.98, 47.4
19.98, 47.4
19.98, 47.4
19.98, 47.4
19.99, 47.5
19.97, 47.4
19.97, 47.4
19.97, 47.4
19.97, 47.4
19.97, 47.4
19.97, 47.4
19.96, 47.4
19.96, 47.4
19.97, 47.4
19.97, 47.4
19.95, 47.4
19.95, 47.4
19.95, 47.4
19.93, 47.3
19.94, 47.3
19.94, 47.3
19.94, 47.3
19.93, 47.3
19.93, 47.3
19.93, 47.3
19.91, 47.3
19.91, 47.3
19.92, 47.3
19.92, 47.3
19.92, 47.3
19.91, 47.3
19.91, 47.3
19.91, 47.3
19.93, 47.3
19.94, 47.3
19.94, 47.3
19.93, 47.3
19.94, 47.3
19.94, 47.3
19.94, 47.3
19.93, 47.3
19.93, 47.3
19.93, 47.3
19.91, 47.3
19.91, 47.3
19.90, 47.3
19.90, 47.3
19.90, 47.3
19.91, 47.3
19.91, 47.3
19.90, 47.3
19.91, 47.3
19.91, 47.3
19.91, 47.3
19.90, 47.3
19.91, 47.3
19.90, 47.3
19.93, 47.3
19.92, 47.3
19.93, 47.3
19.93, 47.3
19.93, 47.3
19.94, 47.3
19.94, 47.3
19.94, 47.3
19.91, 47.3
19.92, 47.3
19.90, 47.3
19.90, 47.3
19.91, 47.3
19.92, 47.3
19.91, 47.3
19.90, 47.3
19.90, 47.3
19.89, 47.2
19.89, 47.2
19.89, 47.2
19.89, 47.2
19.88, 47.2
19.89, 47.2
19.89, 47.2
19.90, 47.3
19.90, 47.3
19.91, 47.3
19.91, 47.3
19.91, 47.3
19.91, 47.3
19.92, 47.3
19.92, 47.3
19.91, 47.3
19.91, 47.3
19.91, 47.3
19.91, 47.3
19.89, 47.2
19.87, 47.2
19.88, 47.2
19.89, 47.2
19.90, 47.3
19.89, 47.2
19.89, 47.2
19.89, 47.2
19.89, 47.2
19.89, 47.2
19.91, 47.3
19.91, 47.3
19.91, 47.3
19.93, 47.3
19.92, 47.3
19.92, 47.3
19.93, 47.3
19.93, 47.3
19.93, 47.3
19.93, 47.3
19.95, 47.4
19.94, 47.3
19.95, 47.4
19.97, 47.4
19.97, 47.4
19.97, 47.4
19.97, 47.4
19.97, 47.4
19.97, 47.4
19.98, 47.4
19.98, 47.4
19.98, 47.4
19.98, 47.4
19.98, 47.4
20.03, 47.6
20.03, 47.6
20.05, 47.6
20.07, 47.7
20.07, 47.7
20.09, 47.7
20.09, 47.7
20.18, 48.0
20.21, 48.0
20.31, 48.3
20.33, 48.3
20.39, 48.5
20.39, 48.5
20.39, 48.5
20.47, 48.7
20.50, 48.7
20.56, 48.9
20.58, 48.9
20.58, 48.9
20.61, 49.0
20.65, 49.1
20.65, 49.1
20.66, 49.2
20.66, 49.2
20.72, 49.3
20.75, 49.4
20.83, 49.6
20.87, 49.7
20.90, 49.7
20.93, 49.8
20.94, 49.8
20.97, 49.9
20.97, 49.9
21.03, 50.1
21.06, 50.1
21.06, 50.1
21.11, 50.3
21.11, 50.3
21.20, 50.5
21.25, 50.6
21.31, 50.8
21.36, 50.9
21.38, 50.9
21.38, 50.9
21.42, 51.0
21.42, 51.0
21.42, 51.0
21.47, 51.2
21.47, 51.2
21.48, 51.2
21.51, 51.3
21.52, 51.3
21.54, 51.3
21.54, 51.3
21.57, 51.4
21.57, 51.4
21.60, 51.5
21.60, 51.5
21.67, 51.7
21.67, 51.7
21.69, 51.7
21.73, 51.8
21.73, 51.8
21.77, 51.9
21.77, 51.9
21.79, 52.0
21.81, 52.0
21.84, 52.1
21.84, 52.1
21.89, 52.2
21.94, 52.3
21.93, 52.3
21.93, 52.3
21.95, 52.4
21.99, 52.5
22.00, 52.5
22.00, 52.5
22.07, 52.7
22.07, 52.7
22.10, 52.7
22.11, 52.8
22.11, 52.8
22.14, 52.9
22.21, 53.0
22.25, 53.1
22.25, 53.1
22.31, 53.3
22.35, 53.4
22.36, 53.4
22.36, 53.4
22.40, 53.5
22.40, 53.5
22.43, 53.6
22.44, 53.6
22.46, 53.6
22.48, 53.7
22.46, 53.6
22.47, 53.7
22.48, 53.7
22.48, 53.7
22.54, 53.8
22.56, 53.9
22.57, 53.9
22.56, 53.9
22.56, 53.9
22.56, 53.9
22.56, 53.9
22.56, 53.9
22.74, 54.4
22.74, 54.4
22.74, 54.4
22.74, 54.4
22.74, 54.4
22.74, 54.4
22.74, 54.4
22.74, 54.4
22.94, 54.8
22.94, 54.8
22.95, 54.9
22.97, 54.9
22.99, 55.0
22.98, 54.9
23.09, 55.2
23.13, 55.3
23.16, 55.4
23.20, 55.5
23.20, 55.5
23.20, 55.5
23.22, 55.6
23.22, 55.6
23.29, 55.7
23.31, 55.8
23.33, 55.8
23.35, 55.9
23.40, 56.0
23.45, 56.1
23.45, 56.1
23.56, 56.4
23.62, 56.6
23.64, 56.6
23.65, 56.6
23.71, 56.8
23.71, 56.8
23.80, 57.0
23.80, 57.0
23.81, 57.0
23.81, 57.0
23.86, 57.1
23.88, 57.2
23.88, 57.2
23.90, 57.2
23.92, 57.3
23.99, 57.5
24.02, 57.5
24.05, 57.6
24.12, 57.8
24.12, 57.8
24.18, 58.0
24.20, 58.0
24.20, 58.0
24.23, 58.1
24.23, 58.1
24.25, 58.1
24.42, 58.5
24.42, 58.5
24.52, 58.8
24.51, 58.8
24.51, 58.8
24.57, 58.9
24.57, 58.9
24.57, 58.9
24.73, 59.3
24.76, 59.4
24.76, 59.4
24.78, 59.5
24.80, 59.5
24.86, 59.6
24.86, 59.6
24.89, 59.7
24.92, 59.8
24.93, 59.8
24.90, 59.7
24.90, 59.7
24.94, 59.8
24.97, 59.9
25.01, 60.0
25.01, 60.0
25.10, 60.3
25.10, 60.3
25.10, 60.3
25.13, 60.3
25.14, 60.4
25.16, 60.4
25.20, 60.5
25.20, 60.5
25.20, 60.5
25.28, 60.7
25.34, 60.8
25.34, 60.8
25.34, 60.8
25.39, 61.0
25.40, 61.0
25.42, 61.0
25.44, 61.1
25.46, 61.1
25.52, 61.3
25.52, 61.3
25.55, 61.4
25.56, 61.4
25.55, 61.4
25.55, 61.4
25.62, 61.6
25.62, 61.6
25.65, 61.6
25.67, 61.7
25.67, 61.7
25.67, 61.7
25.67, 61.7
25.71, 61.8
25.72, 61.8
25.77, 61.9
25.76, 61.9
25.82, 62.0
25.82, 62.0
25.89, 62.2
25.90, 62.2
25.94, 62.3
26.01, 62.5
25.99, 62.5
25.99, 62.5
25.99, 62.5
26.08, 62.7
26.08, 62.7
26.08, 62.7
26.08, 62.7
26.21, 63.0
26.24, 63.1
26.24, 63.1
26.26, 63.2
26.30, 63.2
26.32, 63.3
26.35, 63.4
26.38, 63.4
26.41, 63.5
26.41, 63.5
26.44, 63.6
26.44, 63.6
26.43, 63.6
26.43, 63.6
26.47, 63.7
26.47, 63.7
26.51, 63.8
26.54, 63.9
26.57, 63.9
26.61, 64.0
26.61, 64.0
26.61, 64.0
26.61, 64.0
26.69, 64.2
26.69, 64.2
26.69, 64.2
26.76, 64.4
26.79, 64.5
26.81, 64.5
26.86, 64.6
26.86, 64.6
26.92, 64.8
26.92, 64.8
26.92, 64.8
26.92, 64.8
26.98, 64.9
27.01, 65.0
27.01, 65.0
27.03, 65.1
27.03, 65.1
27.03, 65.1
27.03, 65.1
27.03, 65.1
27.03, 65.1
27.03, 65.1
27.03, 65.1
27.03, 65.1
27.03, 65.1
27.03, 65.1
27.22, 65.6
27.23, 65.6
27.23, 65.6
27.23, 65.6
27.37, 65.9
27.37, 65.9
27.37, 65.9
27.45, 66.1
27.45, 66.1
27.45, 66.1
27.45, 66.1
27.54, 66.4
27.54, 66.4
27.54, 66.4
27.57, 66.4
27.57, 66.4
27.57, 66.4
27.60, 66.5
27.60, 66.5
27.61, 66.5
27.61, 66.5
27.62, 66.6
27.62, 66.6
27.68, 66.7
27.68, 66.7
27.69, 66.7
27.69, 66.7
27.69, 66.7
27.69, 66.7
27.78, 66.9
27.77, 66.9
27.77, 66.9
27.77, 66.9
27.77, 66.9
27.77, 66.9
27.77, 66.9
27.77, 66.9
27.86, 67.1
27.86, 67.1
27.93, 67.3
27.89, 67.2
27.87, 67.2
27.86, 67.1
27.89, 67.2
27.90, 67.2
27.91, 67.3
27.92, 67.3
27.95, 67.4
27.97, 67.4
27.98, 67.4
27.98, 67.4
27.99, 67.5
27.99, 67.5
27.98, 67.4
27.99, 67.5
27.99, 67.5
27.99, 67.5
28.00, 67.5
28.01, 67.5
28.02, 67.6
28.02, 67.6
28.02, 67.6
28.02, 67.6
28.02, 67.6
28.02, 67.6
28.16, 67.9
28.17, 67.9
28.16, 67.9
28.22, 68.1
28.22, 68.1
28.23, 68.1
28.26, 68.1
28.24, 68.1
28.21, 68.0
28.21, 68.0
28.26, 68.1
28.26, 68.1
28.28, 68.2
28.29, 68.2
28.30, 68.2
28.30, 68.2
28.30, 68.2
28.30, 68.2
28.35, 68.4
28.32, 68.3
28.35, 68.4
28.34, 68.3
28.34, 68.3
28.34, 68.3
28.35, 68.4
28.38, 68.4
28.39, 68.5
28.39, 68.5
28.40, 68.5
28.41, 68.5
28.41, 68.5
28.41, 68.5
28.43, 68.6
28.41, 68.5
28.40, 68.5
28.40, 68.5
28.38, 68.4
28.43, 68.6
28.43, 68.6
28.43, 68.6
28.43, 68.6
28.49, 68.7
28.48, 68.7
28.48, 68.7
28.49, 68.7
28.49, 68.7
28.50, 68.8
28.49, 68.7
28.49, 68.7
28.50, 68.8
28.51, 68.8
28.53, 68.8
28.57, 68.9
28.57, 68.9
28.61, 69.0
28.65, 69.1
28.65, 69.1
28.65, 69.1
28.66, 69.2
28.66, 69.2
28.67, 69.2
28.67, 69.2
28.69, 69.2
28.72, 69.3
28.74, 69.3
28.74, 69.3
28.75, 69.4
28.70, 69.3
28.70, 69.3
28.72, 69.3
28.73, 69.3
28.72, 69.3
28.73, 69.3
28.73, 69.3
28.73, 69.3
28.75, 69.4
28.77, 69.4
28.77, 69.4
28.77, 69.4
28.73, 69.3
28.73, 69.3
28.76, 69.4
28.79, 69.5
28.79, 69.5
28.82, 69.5
28.85, 69.6
28.90, 69.7
28.90, 69.7
28.89, 69.7
28.89, 69.7
28.89, 69.7
28.92, 69.8
28.92, 69.8
28.89, 69.7
28.89, 69.7
28.89, 69.7
28.89, 69.7
28.89, 69.7
28.89, 69.7
28.89, 69.7
28.94, 69.8
28.94, 69.8
28.94, 69.8
28.97, 69.9
28.93, 69.8
28.93, 69.8
28.93, 69.8
28.91, 69.8
28.91, 69.8
28.85, 69.6
28.76, 69.4
28.77, 69.4
28.80, 69.5
28.82, 69.5
28.86, 69.6
28.88, 69.7
28.89, 69.7
28.89, 69.7
28.88, 69.7
28.90, 69.7
28.90, 69.7
28.92, 69.8
28.94, 69.8
28.94, 69.8
28.94, 69.8
28.85, 69.6
28.85, 69.6
28.85, 69.6
28.85, 69.6
28.85, 69.6
28.87, 69.7
28.87, 69.7
28.87, 69.7
28.89, 69.7
28.90, 69.7
28.91, 69.8
28.91, 69.8
28.91, 69.8
28.91, 69.8
28.94, 69.8
28.89, 69.7
28.90, 69.7
28.90, 69.7
28.90, 69.7
28.89, 69.7
28.89, 69.7
28.82, 69.5
28.83, 69.6
28.83, 69.6
28.79, 69.5
28.79, 69.5
28.78, 69.4
28.78, 69.4
28.78, 69.4
28.78, 69.4
28.78, 69.4
28.77, 69.4
28.77, 69.4
28.77, 69.4
28.77, 69.4
28.76, 69.4
28.76, 69.4
28.69, 69.2
28.66, 69.2
28.61, 69.0
28.60, 69.0
28.59, 69.0
28.60, 69.0
28.59, 69.0
28.53, 68.8
28.53, 68.8
28.54, 68.9
28.57, 68.9
28.56, 68.9
28.59, 69.0
28.57, 68.9
28.53, 68.8
28.49, 68.7
28.49, 68.7
28.48, 68.7
28.47, 68.7
28.49, 68.7
28.48, 68.7
28.51, 68.8
28.51, 68.8
28.52, 68.8
28.48, 68.7
28.48, 68.7
28.48, 68.7
28.43, 68.6
28.45, 68.6
28.45, 68.6
28.46, 68.6
28.46, 68.6
28.46, 68.6
28.40, 68.5
28.40, 68.5
28.46, 68.6
28.32, 68.3
28.32, 68.3
28.32, 68.3
28.18, 68.0
28.13, 67.8
28.13, 67.8
28.10, 67.8
28.10, 67.8
28.10, 67.8
28.19, 68.0
28.19, 68.0
28.19, 68.0
28.22, 68.1
28.18, 68.0
28.16, 67.9
28.16, 67.9
28.16, 67.9
28.17, 67.9
28.17, 67.9
28.16, 67.9
28.16, 67.9
28.22, 68.1
28.22, 68.1
28.24, 68.1
28.24, 68.1
28.27, 68.2
28.28, 68.2
28.25, 68.1
28.25, 68.1
28.25, 68.1
28.18, 68.0
28.23, 68.1
28.23, 68.1
28.25, 68.1
28.25, 68.1
28.25, 68.1
28.26, 68.1
28.27, 68.2
28.29, 68.2
28.31, 68.3
28.27, 68.2
28.27, 68.2
28.29, 68.2
28.29, 68.2
28.28, 68.2
28.26, 68.1
28.26, 68.1
28.26, 68.1
28.28, 68.2
28.28, 68.2
28.30, 68.2
28.30, 68.2
28.27, 68.2
28.27, 68.2
28.27, 68.2
28.27, 68.2
28.12, 67.8
28.12, 67.8
28.14, 67.9
28.14, 67.9
28.00, 67.5
28.00, 67.5
27.83, 67.1
27.78, 66.9
27.78, 66.9
27.75, 66.9
27.75, 66.9
27.71, 66.8
27.67, 66.7
27.67, 66.7
27.67, 66.7
27.76, 66.9
27.79, 67.0
27.79, 67.0
27.79, 67.0
27.81, 67.0
27.81, 67.0
27.72, 66.8
27.70, 66.8
27.68, 66.7
27.69, 66.7
27.69, 66.7
27.80, 67.0
27.78, 66.9
27.79, 67.0
27.75, 66.9
27.75, 66.9
27.75, 66.9
27.72, 66.8
27.72, 66.8
27.72, 66.8
27.72, 66.8
27.72, 66.8
27.71, 66.8
27.71, 66.8
27.71, 66.8
27.72, 66.8
27.72, 66.8
27.76, 66.9
27.74, 66.9
27.70, 66.8
27.70, 66.8
27.71, 66.8
27.69, 66.7
27.66, 66.7
27.64, 66.6
27.64, 66.6
27.62, 66.6
27.58, 66.5
27.59, 66.5
27.59, 66.5
27.56, 66.4
27.54, 66.4
27.52, 66.3
27.53, 66.3
27.51, 66.3
27.52, 66.3
27.50, 66.3
27.51, 66.3
27.51, 66.3
27.51, 66.3
27.50, 66.2
27.49, 66.2
27.50, 66.2
27.50, 66.2
27.51, 66.3
27.51, 66.3
27.51, 66.3
27.51, 66.3
27.50, 66.3
27.50, 66.3
27.50, 66.3
27.52, 66.3
27.52, 66.3
27.52, 66.3
27.52, 66.3
27.52, 66.3
27.52, 66.3
27.52, 66.3
27.52, 66.3
27.50, 66.3
27.49, 66.2
27.49, 66.2
27.47, 66.2
27.47, 66.2
27.45, 66.1
27.42, 66.0
27.42, 66.0
27.42, 66.0
27.42, 66.0
27.40, 66.0
27.40, 66.0
27.40, 66.0
27.39, 66.0
27.39, 66.0
27.38, 65.9
27.38, 65.9
27.36, 65.9
27.35, 65.9
27.34, 65.8
27.34, 65.8
27.30, 65.7
27.25, 65.6
27.22, 65.6
27.22, 65.6
27.23, 65.6
27.23, 65.6
27.21, 65.5
27.21, 65.5
27.22, 65.6
27.19, 65.5
27.19, 65.5
27.19, 65.5
27.15, 65.4
27.15, 65.4
27.14, 65.4
27.14, 65.4
27.14, 65.4
27.10, 65.3
27.09, 65.2
27.08, 65.2
27.10, 65.3
27.12, 65.3
27.11, 65.3
27.10, 65.3
27.10, 65.3
27.10, 65.3
27.10, 65.3
27.10, 65.3
27.09, 65.2
27.10, 65.3
27.10, 65.3
27.06, 65.2
27.04, 65.1
27.02, 65.1
27.02, 65.1
27.04, 65.1
27.02, 65.1
27.04, 65.1
27.02, 65.1
26.99, 65.0
27.02, 65.0
27.02, 65.0
27.01, 65.0
27.01, 65.0
27.01, 65.0
27.01, 65.0
27.01, 65.0
27.02, 65.0
27.02, 65.0
27.02, 65.0
27.02, 65.0
27.01, 65.0
26.99, 65.0
26.99, 65.0
26.99, 65.0
26.99, 65.0
26.94, 64.8
26.94, 64.8
26.94, 64.8
26.94, 64.8
26.92, 64.8
26.92, 64.8
26.93, 64.8
26.93, 64.8
26.93, 64.8
26.93, 64.8
26.91, 64.8
26.89, 64.7
26.88, 64.7
26.85, 64.6
26.85, 64.6
26.83, 64.6
26.84, 64.6
26.84, 64.6
26.81, 64.5
26.81, 64.5
26.80, 64.5
26.80, 64.5
26.78, 64.4
26.77, 64.4
26.77, 64.4
26.73, 64.3
26.73, 64.3
26.72, 64.3
26.71, 64.3
26.71, 64.3
26.71, 64.3
26.69, 64.2
26.69, 64.2
26.69, 64.2
26.68, 64.2
26.68, 64.2
26.63, 64.1
26.62, 64.1
26.62, 64.1
26.60, 64.0
26.58, 64.0
26.56, 63.9
26.54, 63.9
26.53, 63.8
26.52, 63.8
26.51, 63.8
26.51, 63.8
26.48, 63.7
26.46, 63.6
26.46, 63.6
26.46, 63.6
26.46, 63.6
26.44, 63.6
26.42, 63.5
26.42, 63.5
26.41, 63.5
26.41, 63.5
26.39, 63.5
26.39, 63.5
26.38, 63.4
26.38, 63.4
26.38, 63.4
26.36, 63.4
26.36, 63.4
26.35, 63.4
26.35, 63.4
26.35, 63.4
26.34, 63.3
26.35, 63.4
26.35, 63.4
26.32, 63.3
26.30, 63.2
26.30, 63.2
26.28, 63.2
26.26, 63.2
26.26, 63.2
26.19, 63.0
26.19, 63.0
26.19, 63.0
26.19, 63.0
26.19, 63.0
26.19, 63.0
26.13, 62.8
26.13, 62.8
26.11, 62.8
26.11, 62.8
26.11, 62.8
26.06, 62.7
26.03, 62.6
26.03, 62.6
25.97, 62.4
25.97, 62.4
25.96, 62.4
25.94, 62.3
25.94, 62.3
25.94, 62.3
25.94, 62.3
25.89, 62.2
25.89, 62.2
25.85, 62.1
25.84, 62.1
25.84, 62.1
25.82, 62.0
25.82, 62.0
25.82, 62.0
25.82, 62.0
25.82, 62.0
25.82, 62.0
25.73, 61.8
25.71, 61.8
25.69, 61.7
25.68, 61.7
25.67, 61.7
25.65, 61.6
25.64, 61.6
25.63, 61.6
25.63, 61.6
25.59, 61.5
25.59, 61.5
25.59, 61.5
25.58, 61.5
25.58, 61.5
25.58, 61.5
25.54, 61.3
25.54, 61.3
25.53, 61.3
25.52, 61.3
25.50, 61.2
25.50, 61.2
25.50, 61.2
25.50, 61.2
25.47, 61.2
25.45, 61.1
25.45, 61.1
25.36, 60.9
25.32, 60.8
25.30, 60.8
25.29, 60.7
25.28, 60.7
25.28, 60.7
25.28, 60.7
25.27, 60.7
25.24, 60.6
25.23, 60.6
25.23, 60.6
25.21, 60.5
25.18, 60.5
25.18, 60.5
25.15, 60.4
25.15, 60.4
25.15, 60.4
25.15, 60.4
25.15, 60.4
25.08, 60.2
25.07, 60.2
25.07, 60.2
25.07, 60.2
25.03, 60.1
25.03, 60.1
24.99, 60.0
24.99, 60.0
24.99, 60.0
24.99, 60.0
24.99, 60.0
24.92, 59.8
24.87, 59.7
24.87, 59.7
24.86, 59.6
24.85, 59.6
24.85, 59.6
24.85, 59.6
24.82, 59.5
24.82, 59.5
24.82, 59.5
24.77, 59.4
24.77, 59.4
24.77, 59.4
24.77, 59.4
24.77, 59.4
24.72, 59.3
24.69, 59.2
24.66, 59.2
24.66, 59.2
24.65, 59.1
24.63, 59.1
24.63, 59.1
24.60, 59.0
24.60, 59.0
24.59, 59.0
24.58, 59.0
24.58, 59.0
24.58, 59.0
24.54, 58.8
24.54, 58.8
24.54, 58.8
24.53, 58.8
24.52, 58.8
24.49, 58.7
24.46, 58.6
24.46, 58.6
24.46, 58.6
24.42, 58.5
24.41, 58.5
24.39, 58.5
24.37, 58.4
24.36, 58.4
24.30, 58.3
24.28, 58.2
24.28, 58.2
24.26, 58.2
24.23, 58.1
24.21, 58.0
24.21, 58.0
24.18, 58.0
24.19, 58.0
24.18, 58.0
24.16, 57.9
24.15, 57.9
24.14, 57.9
24.14, 57.9
24.12, 57.8
24.11, 57.8
24.11, 57.8
24.07, 57.7
24.06, 57.6
24.06, 57.6
24.05, 57.6
24.04, 57.6
24.02, 57.5
24.01, 57.5
24.01, 57.5
23.99, 57.5
23.99, 57.5
23.98, 57.4
23.98, 57.4
23.98, 57.4
23.94, 57.3
23.92, 57.3
23.91, 57.3
23.89, 57.2
23.87, 57.2
23.87, 57.2
23.86, 57.1
23.86, 57.1
23.83, 57.1
23.83, 57.1
23.83, 57.1
23.81, 57.0
23.80, 57.0
23.78, 57.0
23.78, 57.0
23.78, 57.0
23.76, 56.9
23.75, 56.9
23.75, 56.9
23.71, 56.8
23.71, 56.8
23.71, 56.8
23.70, 56.8
23.69, 56.7
23.65, 56.6
23.65, 56.6
23.64, 56.6
23.64, 56.6
23.61, 56.5
23.61, 56.5
23.59, 56.5
23.60, 56.5
23.60, 56.5
23.59, 56.5
23.59, 56.5
23.58, 56.4
23.58, 56.4
23.54, 56.3
23.54, 56.3
23.54, 56.3
23.52, 56.3
23.53, 56.3
23.52, 56.3
23.49, 56.2
23.47, 56.2
23.47, 56.2
23.47, 56.2
23.44, 56.1
23.44, 56.1
23.40, 56.0
23.40, 56.0
23.40, 56.0
23.37, 55.9
23.38, 55.9
23.36, 55.9
23.36, 55.9
23.36, 55.9
23.35, 55.9
23.35, 55.9
23.35, 55.9
23.32, 55.8
23.32, 55.8
23.32, 55.8
23.32, 55.8
23.30, 55.8
23.29, 55.7
23.29, 55.7
23.30, 55.8
23.30, 55.8
23.30, 55.8
23.30, 55.8
23.28, 55.7
23.28, 55.7
23.28, 55.7
23.26, 55.7
23.26, 55.7
23.26, 55.7
23.22, 55.6
23.22, 55.6
23.20, 55.5
23.20, 55.5
23.20, 55.5
23.19, 55.5
23.19, 55.5
23.19, 55.5
23.19, 55.5
23.17, 55.4
23.16, 55.4
23.16, 55.4
23.16, 55.4
23.14, 55.4
23.14, 55.4
23.12, 55.3
23.12, 55.3
23.12, 55.3
23.11, 55.3
23.11, 55.3
23.11, 55.3
23.10, 55.3
23.11, 55.3
23.11, 55.3
23.11, 55.3
23.07, 55.2
23.07, 55.2
23.07, 55.2
23.07, 55.2
23.07, 55.2
23.07, 55.2
23.05, 55.1
23.05, 55.1
23.02, 55.0
22.99, 55.0
22.99, 55.0
22.99, 55.0
22.98, 54.9
22.98, 54.9
22.98, 54.9
22.98, 54.9
22.97, 54.9
22.94, 54.8
22.94, 54.8
22.92, 54.8
22.92, 54.8
22.93, 54.8
22.91, 54.8
22.91, 54.8
22.91, 54.8
22.91, 54.8
22.89, 54.7
22.89, 54.7
22.88, 54.7
22.87, 54.7
22.87, 54.7
22.85, 54.6
22.85, 54.6
22.85, 54.6
22.84, 54.6
22.84, 54.6
22.84, 54.6
22.83, 54.6
22.83, 54.6
22.83, 54.6
22.82, 54.6
22.80, 54.5
22.77, 54.4
22.77, 54.4
22.79, 54.5
22.77, 54.4
22.77, 54.4
22.77, 54.4
22.77, 54.4
22.76, 54.4
22.76, 54.4
22.75, 54.4
22.75, 54.4
22.75, 54.4
22.75, 54.4
22.76, 54.4
22.76, 54.4
22.76, 54.4
22.74, 54.4
22.74, 54.4
22.74, 54.4
22.74, 54.4
22.74, 54.4
22.69, 54.2
22.69, 54.2
22.67, 54.2
22.67, 54.2
22.67, 54.2
22.66, 54.2
22.66, 54.2
22.65, 54.1
22.65, 54.1
22.63, 54.1
22.63, 54.1
22.63, 54.1
22.63, 54.1
22.61, 54.0
22.61, 54.0
22.61, 54.0
22.61, 54.0
22.62, 54.1
22.61, 54.0
22.61, 54.0
22.61, 54.0
22.61, 54.0
22.61, 54.0
22.60, 54.0
22.59, 54.0
22.59, 54.0
22.58, 53.9
22.58, 53.9
22.57, 53.9
22.56, 53.9
22.56, 53.9
22.56, 53.9
22.54, 53.8
22.53, 53.8
22.51, 53.8
22.52, 53.8
22.52, 53.8
22.51, 53.8
22.51, 53.8
22.51, 53.8
22.51, 53.8
22.51, 53.8
22.50, 53.7
22.49, 53.7
22.49, 53.7
22.47, 53.7
22.47, 53.7
22.47, 53.7
22.47, 53.7
22.47, 53.7
22.46, 53.6
22.46, 53.6
22.46, 53.6
22.46, 53.6
22.46, 53.6
22.46, 53.6
22.46, 53.6
22.44, 53.6
22.44, 53.6
22.44, 53.6
22.42, 53.5
22.42, 53.5
22.42, 53.5
22.41, 53.5
22.41, 53.5
22.40, 53.5
22.38, 53.4
22.38, 53.4
22.38, 53.4
22.35, 53.4
22.35, 53.4
22.35, 53.4
22.36, 53.4
22.35, 53.4
22.35, 53.4
22.36, 53.4
22.35, 53.4
22.35, 53.4
22.36, 53.4
22.35, 53.4
22.33, 53.3
22.33, 53.3
22.32, 53.3
22.32, 53.3
22.32, 53.3
22.32, 53.3
22.32, 53.3
22.30, 53.3
22.28, 53.2
22.28, 53.2
22.27, 53.2
22.27, 53.2
22.27, 53.2
22.26, 53.2
22.26, 53.2
22.27, 53.2
22.26, 53.2
22.26, 53.2
22.26, 53.2
22.26, 53.2
22.24, 53.1
22.23, 53.1
22.21, 53.0
22.22, 53.1
22.20, 53.0
22.22, 53.1
22.22, 53.1
22.21, 53.0
22.21, 53.0
22.22, 53.1
22.22, 53.1
22.22, 53.1
22.22, 53.1
22.22, 53.1
22.22, 53.1
22.22, 53.1
22.21, 53.0
22.20, 53.0
22.20, 53.0
22.20, 53.0
22.20, 53.0
22.20, 53.0
22.20, 53.0
22.20, 53.0
22.16, 52.9
22.15, 52.9
22.15, 52.9
22.15, 52.9
22.14, 52.9
22.14, 52.9
22.14, 52.9
22.14, 52.9
22.14, 52.9
22.13, 52.8
22.13, 52.8
22.14, 52.9
22.14, 52.9
22.14, 52.9
22.14, 52.9
22.14, 52.9
22.14, 52.9
22.13, 52.8
22.13, 52.8
22.11, 52.8
22.11, 52.8
22.11, 52.8
22.12, 52.8
22.11, 52.8
22.11, 52.8
22.11, 52.8
22.11, 52.8
22.11, 52.8
22.08, 52.7
22.07, 52.7
22.07, 52.7
22.05, 52.6
22.06, 52.6
22.05, 52.6
22.06, 52.6
22.07, 52.7
22.05, 52.6
22.05, 52.6
22.06, 52.6
22.06, 52.6
22.06, 52.6
22.06, 52.6
22.06, 52.6
22.06, 52.6
22.06, 52.6
22.06, 52.6
22.06, 52.6
22.03, 52.6
22.02, 52.5
22.02, 52.5
22.02, 52.5
22.03, 52.6
22.02, 52.5
22.02, 52.5
22.00, 52.5
22.00, 52.5
22.00, 52.5
21.97, 52.4
21.98, 52.4
21.96, 52.4
21.97, 52.4
21.96, 52.4
21.96, 52.4
21.93, 52.3
21.93, 52.3
21.93, 52.3
21.92, 52.3
21.91, 52.3
21.91, 52.3
21.92, 52.3
21.91, 52.3
21.91, 52.3
21.91, 52.3
21.89, 52.2
21.89, 52.2
21.89, 52.2
21.88, 52.2
21.89, 52.2
21.88, 52.2
21.88, 52.2
21.88, 52.2
21.87, 52.2
21.87, 52.2
21.85, 52.1
21.84, 52.1
21.84, 52.1
21.85, 52.1
21.85, 52.1
21.85, 52.1
21.85, 52.1
21.85, 52.1
21.85, 52.1
21.83, 52.1
21.85, 52.1
21.85, 52.1
21.85, 52.1
21.85, 52.1
21.85, 52.1
21.85, 52.1
21.85, 52.1
21.85, 52.1
21.82, 52.1
21.84, 52.1
21.82, 52.1
21.81, 52.0
21.82, 52.1
21.82, 52.1
21.81, 52.0
21.81, 52.0
21.81, 52.0
21.81, 52.0
21.81, 52.0
21.81, 52.0
21.81, 52.0
21.81, 52.0
21.79, 52.0
21.79, 52.0
21.79, 52.0
21.79, 52.0
21.79, 52.0
21.79, 52.0
21.79, 52.0
21.79, 52.0
21.79, 52.0
21.79, 52.0
21.77, 51.9
21.77, 51.9
21.77, 51.9
21.77, 51.9
21.77, 51.9
21.77, 51.9
21.77, 51.9
21.76, 51.9
21.76, 51.9
21.76, 51.9
21.76, 51.9
21.76, 51.9
21.76, 51.9
21.76, 51.9
21.75, 51.9
21.75, 51.9
21.73, 51.8
21.73, 51.8
21.69, 51.7
21.68, 51.7
21.67, 51.7
21.67, 51.7
21.67, 51.7
21.65, 51.6
21.65, 51.6
21.66, 51.7
21.66, 51.7
21.66, 51.7
21.66, 51.7
21.66, 51.7
21.64, 51.6
21.65, 51.6
21.65, 51.6
21.65, 51.6
21.65, 51.6
21.65, 51.6
21.65, 51.6
21.63, 51.6
21.63, 51.6
21.63, 51.6
21.62, 51.6
21.62, 51.6
21.61, 51.5
21.61, 51.5
21.60, 51.5
21.60, 51.5
21.60, 51.5
21.58, 51.4
21.58, 51.4
21.58, 51.4
21.58, 51.4
21.58, 51.4
21.58, 51.4
21.58, 51.4
21.54, 51.3
21.58, 51.4
21.56, 51.4
21.56, 51.4
21.57, 51.4
21.58, 51.4
21.57, 51.4
21.57, 51.4
21.56, 51.4
21.56, 51.4
21.55, 51.4
21.55, 51.4
21.54, 51.3
21.55, 51.4
21.54, 51.3
21.53, 51.3
21.53, 51.3
21.53, 51.3
21.53, 51.3
21.53, 51.3
21.48, 51.2
21.48, 51.2
21.49, 51.2
21.48, 51.2
21.48, 51.2
21.47, 51.2
21.47, 51.2
21.47, 51.2
21.46, 51.1
21.45, 51.1
21.45, 51.1
21.45, 51.1
21.44, 51.1
21.44, 51.1
21.45, 51.1
21.45, 51.1
21.46, 51.1
21.46, 51.1
21.46, 51.1
21.46, 51.1
21.46, 51.1
21.46, 51.1
21.44, 51.1
21.44, 51.1
21.45, 51.1
21.45, 51.1
21.43, 51.1
21.43, 51.1
21.44, 51.1
21.44, 51.1
21.43, 51.1
21.42, 51.0
21.42, 51.0
21.41, 51.0
21.42, 51.0
21.39, 51.0
21.38, 50.9
21.38, 50.9
21.38, 50.9
21.38, 50.9
21.38, 50.9
21.38, 50.9
21.38, 50.9
21.38, 50.9
21.39, 51.0
21.38, 50.9
21.38, 50.9
21.38, 50.9
21.37, 50.9
21.37, 50.9
21.37, 50.9
21.36, 50.9
21.36, 50.9
21.36, 50.9
21.36, 50.9
21.36, 50.9
21.35, 50.9
21.35, 50.9
21.34, 50.9
21.35, 50.9
21.35, 50.9
21.34, 50.9
21.34, 50.9
21.34, 50.9
21.34, 50.9
21.34, 50.9
21.32, 50.8
21.32, 50.8
21.32, 50.8
21.31, 50.8
21.30, 50.8
21.30, 50.8
21.29, 50.7
21.30, 50.8
21.30, 50.8
21.30, 50.8
21.30, 50.8
21.30, 50.8
21.30, 50.8
21.30, 50.8
21.30, 50.8
21.30, 50.8
21.28, 50.7
21.28, 50.7
21.28, 50.7
21.28, 50.7
21.26, 50.7
21.26, 50.7
21.26, 50.7
21.26, 50.7
21.26, 50.7
21.26, 50.7
21.25, 50.6
21.25, 50.6
21.24, 50.6
21.24, 50.6
21.24, 50.6
21.22, 50.6
21.23, 50.6
21.23, 50.6
21.22, 50.6
21.22, 50.6
21.21, 50.5
21.22, 50.6
21.21, 50.5
21.21, 50.5
21.21, 50.5
21.21, 50.5
21.21, 50.5
21.21, 50.5
21.20, 50.5
21.20, 50.5
21.20, 50.5
21.20, 50.5
21.18, 50.5
21.18, 50.5
21.16, 50.4
21.16, 50.4
21.16, 50.4
21.16, 50.4
21.16, 50.4
21.17, 50.4
21.16, 50.4
21.16, 50.4
21.16, 50.4
21.16, 50.4
21.16, 50.4
21.16, 50.4
21.16, 50.4
21.15, 50.4
21.14, 50.4
21.14, 50.4
21.15, 50.4
21.15, 50.4
21.14, 50.4
21.14, 50.4
21.15, 50.4
21.15, 50.4
21.16, 50.4
21.14, 50.4
21.14, 50.4
21.14, 50.4
21.14, 50.4
21.13, 50.3
21.11, 50.3
21.11, 50.3
21.11, 50.3
21.11, 50.3
21.12, 50.3
21.11, 50.3
21.10, 50.2
21.10, 50.2
21.09, 50.2
21.09, 50.2
21.09, 50.2
21.09, 50.2
21.10, 50.2
21.09, 50.2
21.09, 50.2
21.10, 50.2
21.09, 50.2
21.09, 50.2
21.08, 50.2
21.07, 50.2
21.08, 50.2
21.07, 50.2
21.07, 50.2
21.07, 50.2
21.07, 50.2
21.07, 50.2
21.07, 50.2
21.07, 50.2
21.07, 50.2
21.07, 50.2
21.06, 50.1
21.06, 50.1
21.06, 50.1
21.06, 50.1
21.06, 50.1
21.03, 50.1
21.03, 50.1
21.02, 50.0
21.02, 50.0
21.01, 50.0
21.02, 50.0
21.01, 50.0
21.00, 50.0
20.99, 50.0
21.00, 50.0
21.01, 50.0
20.99, 50.0
21.00, 50.0
20.98, 49.9
20.98, 49.9
20.98, 49.9
20.98, 49.9
20.98, 49.9
20.97, 49.9
20.97, 49.9
20.99, 50.0
20.99, 50.0
20.98, 49.9
20.98, 49.9
20.99, 50.0
20.99, 50.0
20.99, 50.0
20.97, 49.9
20.97, 49.9
20.97, 49.9
20.97, 49.9
20.96, 49.9
20.96, 49.9
20.95, 49.9
20.96, 49.9
20.95, 49.9
20.94, 49.8
20.93, 49.8
20.93, 49.8
20.93, 49.8
20.91, 49.8
20.89, 49.7
20.90, 49.7
20.89, 49.7
20.87, 49.7
20.87, 49.7
20.86, 49.7
20.86, 49.7
20.85, 49.6
20.85, 49.6
20.85, 49.6
20.85, 49.6
20.84, 49.6
20.85, 49.6
20.85, 49.6
20.85, 49.6
20.85, 49.6
20.85, 49.6
20.85, 49.6
20.85, 49.6
20.87, 49.7
20.86, 49.7
20.85, 49.6
20.86, 49.7
20.86, 49.7
20.86, 49.7
20.86, 49.7
20.86, 49.7
20.84, 49.6
20.84, 49.6
20.84, 49.6
20.83, 49.6
20.83, 49.6
20.83, 49.6
20.81, 49.5
20.81, 49.5
20.81, 49.5
20.80, 49.5
20.80, 49.5
20.79, 49.5
20.79, 49.5
20.79, 49.5
20.80, 49.5
20.80, 49.5
20.80, 49.5
20.78, 49.5
20.78, 49.5
20.77, 49.4
20.77, 49.4
20.78, 49.5
20.77, 49.4
20.77, 49.4
20.77, 49.4
20.77, 49.4
20.77, 49.4
20.78, 49.5
20.78, 49.5
20.77, 49.4
20.77, 49.4
20.76, 49.4
20.76, 49.4
20.75, 49.4
20.74, 49.4
20.73, 49.3
20.73, 49.3
20.74, 49.4
20.74, 49.4
20.72, 49.3
20.72, 49.3
20.71, 49.3
20.71, 49.3
20.71, 49.3
20.71, 49.3
20.71, 49.3
20.71, 49.3
20.71, 49.3
20.71, 49.3
20.70, 49.3
20.70, 49.3
20.69, 49.2
20.69, 49.2
20.69, 49.2
20.69, 49.2
20.69, 49.2
20.69, 49.2
20.69, 49.2
20.67, 49.2
20.67, 49.2
20.67, 49.2
20.66, 49.2
20.65, 49.1
20.65, 49.1
20.65, 49.1
20.64, 49.1
20.64, 49.1
20.64, 49.1
20.64, 49.1
20.64, 49.1
20.64, 49.1
20.63, 49.1
20.63, 49.1
20.64, 49.1
20.64, 49.1
20.64, 49.1
20.63, 49.1
20.63, 49.1
20.63, 49.1
20.63, 49.1
20.61, 49.0
20.61, 49.0
20.62, 49.0
20.62, 49.0
20.62, 49.0
20.62, 49.0
20.62, 49.0
20.62, 49.0
20.62, 49.0
20.60, 49.0
20.58, 48.9
20.58, 48.9
20.58, 48.9
20.56, 48.9
20.58, 48.9
20.57, 48.9
20.57, 48.9
20.57, 48.9
20.55, 48.9
20.56, 48.9
20.54, 48.8
20.54, 48.8
20.52, 48.8
20.52, 48.8
20.52, 48.8
20.53, 48.8
20.53, 48.8
20.54, 48.8
20.53, 48.8
20.53, 48.8
20.53, 48.8
20.53, 48.8
20.53, 48.8
20.52, 48.8
20.52, 48.8
20.52, 48.8
20.52, 48.8
20.52, 48.8
20.52, 48.8
20.50, 48.7
20.50, 48.7
20.50, 48.7
20.51, 48.8
20.51, 48.8
20.51, 48.8
20.51, 48.8
20.51, 48.8
20.48, 48.7
20.48, 48.7
20.48, 48.7
20.48, 48.7
20.49, 48.7
20.49, 48.7
20.47, 48.7
20.48, 48.7
20.48, 48.7
20.47, 48.7
20.48, 48.7
20.48, 48.7
20.46, 48.6
20.46, 48.6
20.46, 48.6
20.47, 48.7
20.45, 48.6
20.45, 48.6
20.44, 48.6
20.45, 48.6
20.45, 48.6
20.44, 48.6
20.44, 48.6
20.44, 48.6
20.45, 48.6
20.45, 48.6
20.44, 48.6
20.43, 48.6
20.43, 48.6
20.44, 48.6
20.44, 48.6
20.44, 48.6
20.44, 48.6
20.43, 48.6
20.43, 48.6
20.44, 48.6
20.42, 48.5
20.43, 48.6
20.42, 48.5
20.42, 48.5
20.43, 48.6
20.42, 48.5
20.42, 48.5
20.42, 48.5
20.41, 48.5
20.40, 48.5
20.41, 48.5
20.40, 48.5
20.40, 48.5
20.40, 48.5
20.38, 48.5
20.38, 48.5
20.38, 48.5
20.38, 48.5
20.38, 48.5
20.37, 48.4
20.36, 48.4
20.36, 48.4
20.37, 48.4
20.37, 48.4
20.37, 48.4
20.37, 48.4
20.36, 48.4
20.36, 48.4
20.36, 48.4
20.36, 48.4
20.35, 48.4
20.36, 48.4
20.36, 48.4
20.35, 48.4
20.34, 48.4
20.34, 48.4
20.34, 48.4
20.32, 48.3
20.32, 48.3
20.32, 48.3
20.31, 48.3
20.30, 48.3
20.30, 48.3
20.30, 48.3
20.30, 48.3
20.30, 48.3
20.30, 48.3
20.30, 48.3
20.30, 48.3
20.30, 48.3
20.30, 48.3
20.30, 48.3
20.30, 48.3
20.30, 48.3
20.28, 48.2
20.28, 48.2
20.28, 48.2
20.28, 48.2
20.27, 48.2
20.27, 48.2
20.28, 48.2
20.28, 48.2
20.26, 48.2
20.26, 48.2
20.26, 48.2
20.26, 48.2
20.26, 48.2
20.26, 48.2
20.26, 48.2
20.26, 48.2
20.26, 48.2
20.26, 48.2
20.26, 48.2
20.26, 48.2
20.26, 48.2
20.26, 48.2
20.23, 48.1
20.23, 48.1
20.22, 48.1
20.22, 48.1
20.22, 48.1
20.22, 48.1
20.23, 48.1
20.23, 48.1
20.22, 48.1
20.22, 48.1
20.22, 48.1
20.21, 48.0
20.21, 48.0
20.21, 48.0
20.21, 48.0
20.21, 48.0
20.21, 48.0
20.21, 48.0
20.19, 48.0
20.20, 48.0
20.19, 48.0
20.19, 48.0
20.18, 48.0
20.18, 48.0
20.18, 48.0
20.18, 48.0
20.17, 47.9
20.18, 48.0
20.18, 48.0
20.16, 47.9
20.16, 47.9
20.16, 47.9
20.16, 47.9
20.15, 47.9
20.15, 47.9
20.15, 47.9
20.15, 47.9
20.15, 47.9
20.15, 47.9
20.14, 47.8
20.13, 47.8
20.13, 47.8
20.13, 47.8
20.13, 47.8
20.13, 47.8
20.13, 47.8
20.12, 47.8
20.12, 47.8
20.12, 47.8
20.11, 47.8
20.09, 47.7
20.09, 47.7
20.09, 47.7
20.09, 47.7
20.09, 47.7
20.09, 47.7
20.09, 47.7
20.09, 47.7
20.09, 47.7
20.07, 47.7
20.07, 47.7
20.07, 47.7
20.06, 47.6
20.07, 47.7
20.07, 47.7
20.07, 47.7
20.07, 47.7
20.07, 47.7
20.06, 47.6
20.06, 47.6
20.05, 47.6
20.05, 47.6
20.05, 47.6
20.05, 47.6
20.05, 47.6
20.05, 47.6
20.05, 47.6
20.05, 47.6
20.04, 47.6
20.04, 47.6
20.04, 47.6
20.01, 47.5
20.01, 47.5
20.02, 47.5
20.02, 47.5
20.02, 47.5
20.02, 47.5
20.02, 47.5
20.01, 47.5
20.01, 47.5
20.01, 47.5
20.01, 47.5
19.99, 47.5
19.99, 47.5
19.99, 47.5
19.99, 47.5
19.99, 47.5
19.99, 47.5
19.98, 47.4
19.99, 47.5
19.99, 47.5
19.98, 47.4
19.97, 47.4
19.98, 47.4
19.98, 47.4
19.97, 47.4
19.97, 47.4
19.97, 47.4
19.98, 47.4
19.98, 47.4
19.96, 47.4
19.95, 47.4
19.95, 47.4
19.95, 47.4
19.95, 47.4
19.95, 47.4
19.95, 47.4
19.95, 47.4
19.95, 47.4
19.93, 47.3
19.93, 47.3
19.93, 47.3
19.93, 47.3
19.94, 47.3
19.94, 47.3
19.94, 47.3
19.94, 47.3
19.94, 47.3
19.94, 47.3
19.93, 47.3
19.93, 47.3
19.94, 47.3
19.94, 47.3
19.94, 47.3
19.91, 47.3
19.91, 47.3
19.91, 47.3
19.91, 47.3
19.91, 47.3
19.91, 47.3
19.91, 47.3
19.89, 47.2
19.89, 47.2
19.89, 47.2
19.89, 47.2
19.89, 47.2
19.89, 47.2
19.87, 47.2
19.87, 47.2
19.89, 47.2
19.87, 47.2
19.89, 47.2
19.89, 47.2
19.89, 47.2
19.89, 47.2
19.87, 47.2
19.87, 47.2
19.87, 47.2
19.87, 47.2
19.85, 47.1
19.85, 47.1
19.85, 47.1
19.84, 47.1
19.83, 47.1
19.84, 47.1
19.84, 47.1
19.84, 47.1
19.84, 47.1
19.84, 47.1
19.85, 47.1
19.83, 47.1
19.83, 47.1
19.83, 47.1
19.85, 47.1
19.83, 47.1
19.83, 47.1
19.83, 47.1
19.83, 47.1
19.83, 47.1
19.83, 47.1
19.83, 47.1
19.83, 47.1
19.83, 47.1
19.83, 47.1
19.83, 47.1
19.83, 47.1
19.84, 47.1
19.84, 47.1
19.84, 47.1
19.82, 47.1
19.82, 47.1
19.82, 47.1
19.82, 47.1
19.82, 47.1
19.83, 47.1
19.84, 47.1
19.83, 47.1
19.83, 47.1
19.83, 47.1
19.83, 47.1
19.83, 47.1
19.83, 47.1
19.83, 47.1
19.84, 47.1
19.83, 47.1
19.83, 47.1
19.85, 47.1
19.85, 47.1
19.85, 47.1
19.85, 47.1
19.86, 47.2
19.85, 47.1
19.84, 47.1
19.84, 47.1
19.85, 47.1
19.85, 47.1
19.85, 47.1
19.85, 47.1
19.85, 47.1
19.86, 47.2
19.86, 47.2
19.86, 47.2
19.86, 47.2
19.86, 47.2
19.85, 47.1
19.87, 47.2
19.87, 47.2
19.87, 47.2
19.87, 47.2
19.87, 47.2
19.89, 47.2
19.89, 47.2
19.89, 47.2
19.89, 47.2
19.89, 47.2
19.91, 47.3
19.91, 47.3
19.97, 47.4
19.96, 47.4
19.96, 47.4
19.98, 47.4
19.98, 47.4
19.98, 47.4
19.98, 47.4
19.98, 47.4
19.98, 47.4
19.99, 47.5
19.99, 47.5
19.99, 47.5
19.99, 47.5
19.99, 47.5
19.99, 47.5
20.02, 47.5
20.02, 47.5
20.02, 47.5
20.05, 47.6
20.06, 47.6
20.06, 47.6
20.06, 47.6
20.05, 47.6
20.05, 47.6
20.05, 47.6
20.05, 47.6
20.05, 47.6
20.05, 47.6
20.07, 47.7
20.10, 47.7
20.11, 47.8
20.11, 47.8
20.14, 47.8
20.16, 47.9
20.16, 47.9
20.18, 48.0
20.18, 48.0
20.21, 48.0
20.24, 48.1
20.24, 48.1
20.24, 48.1
20.29, 48.2
20.32, 48.3
20.32, 48.3
20.32, 48.3
20.32, 48.3
20.43, 48.6
20.43, 48.6
20.48, 48.7
20.54, 48.8
20.54, 48.8
20.54, 48.8
20.62, 49.0
20.64, 49.1
20.67, 49.2
20.70, 49.3
20.70, 49.3
20.76, 49.4
20.76, 49.4
20.76, 49.4
20.76, 49.4
20.83, 49.6
20.88, 49.7
20.88, 49.7
20.93, 49.8
20.99, 50.0
20.99, 50.0
21.05, 50.1
21.07, 50.2
21.10, 50.2
21.12, 50.3
21.14, 50.4
21.14, 50.4
21.14, 50.4
21.18, 50.5
21.21, 50.5
21.21, 50.5
21.21, 50.5
21.37, 50.9
21.39, 51.0
21.44, 51.1
21.44, 51.1
21.45, 51.1
21.45, 51.1
21.47, 51.2
21.47, 51.2
21.47, 51.2
21.54, 51.3
21.54, 51.3
21.58, 51.4
21.58, 51.4
21.62, 51.5
21.62, 51.6
21.65, 51.6
21.65, 51.6
21.74, 51.9
21.77, 51.9
21.77, 51.9
21.80, 52.0
21.81, 52.0
21.81, 52.0
21.83, 52.1
21.83, 52.1
21.91, 52.3
22.00, 52.5
22.01, 52.5
22.01, 52.5
22.01, 52.5
22.07, 52.7
22.07, 52.7
22.10, 52.7
22.10, 52.7
22.12, 52.8
22.12, 52.8
22.12, 52.8
22.17, 52.9
22.17, 52.9
22.17, 52.9
22.17, 52.9
22.40, 53.5
22.42, 53.5
22.42, 53.5
22.48, 53.7
22.54, 53.8
22.54, 53.8
22.56, 53.9
22.60, 54.0
22.60, 54.0
22.61, 54.0
22.64, 54.1
22.73, 54.3
22.73, 54.3
22.81, 54.5
22.83, 54.6
22.83, 54.6
22.82, 54.6
22.82, 54.6
22.86, 54.6
22.86, 54.6
22.87, 54.7
22.87, 54.7
22.89, 54.7
22.89, 54.7
22.88, 54.7
22.87, 54.7
22.91, 54.8
22.91, 54.8
22.91, 54.8
22.94, 54.8
22.99, 55.0
23.04, 55.1
23.08, 55.2
23.08, 55.2
23.08, 55.2
23.19, 55.5
23.19, 55.5
23.31, 55.8
23.34, 55.9
23.36, 55.9
23.38, 55.9
23.38, 55.9
23.38, 55.9
23.40, 56.0
23.40, 56.0
23.42, 56.0
23.42, 56.0
23.44, 56.1
23.44, 56.1
23.44, 56.1
23.44, 56.1
23.54, 56.3
23.54, 56.3
23.61, 56.5
23.61, 56.5
23.61, 56.5
23.62, 56.6
23.64, 56.6
23.65, 56.6
23.72, 56.8
23.71, 56.8
23.75, 56.9
23.75, 56.9
23.87, 57.2
23.87, 57.2
23.95, 57.4
23.95, 57.4
23.94, 57.3
23.94, 57.3
24.01, 57.5
24.01, 57.5
24.05, 57.6
24.05, 57.6
24.05, 57.6
24.05, 57.6
24.09, 57.7
24.09, 57.7
24.09, 57.7
24.09, 57.7
24.18, 58.0
24.18, 58.0
24.20, 58.0
24.20, 58.0
24.22, 58.1
24.25, 58.1
24.25, 58.1
24.31, 58.3
24.31, 58.3
24.33, 58.3
24.33, 58.3
24.33, 58.3
24.33, 58.3
24.39, 58.5
24.39, 58.5
24.43, 58.6
24.42, 58.5
24.42, 58.5
24.43, 58.6
24.46, 58.6
24.46, 58.6
24.54, 58.8
24.54, 58.8
24.50, 58.7
24.50, 58.7
24.64, 59.1
24.64, 59.1
24.69, 59.2
24.69, 59.2
24.69, 59.2
24.77, 59.4
24.77, 59.4
24.77, 59.4
24.87, 59.7
24.88, 59.7
24.92, 59.8
24.92, 59.8
25.01, 60.0
25.01, 60.0
25.05, 60.1
25.05, 60.1
25.05, 60.1
25.10, 60.3
25.14, 60.4
25.14, 60.4
25.10, 60.3
25.10, 60.3
25.14, 60.4
25.14, 60.4
25.14, 60.4
25.14, 60.4
25.14, 60.4
25.28, 60.7
25.33, 60.8
25.33, 60.8
25.33, 60.8
25.39, 61.0
25.39, 61.0
25.36, 60.9
25.38, 60.9
25.37, 60.9
25.37, 60.9
25.34, 60.8
25.34, 60.8
25.34, 60.8
25.41, 61.0
25.41, 61.0
25.46, 61.1
25.49, 61.2
25.49, 61.2
25.54, 61.3
25.54, 61.3
25.54, 61.3
25.55, 61.4
25.55, 61.4
25.51, 61.3
25.51, 61.3
25.51, 61.3
25.50, 61.2
25.47, 61.2
25.47, 61.2
25.50, 61.2
25.51, 61.3
25.51, 61.3
25.56, 61.4
25.58, 61.5
25.58, 61.5
25.58, 61.5
25.58, 61.5
25.58, 61.5
25.72, 61.8
25.77, 61.9
25.77, 61.9
25.82, 62.0
25.82, 62.0
25.82, 62.0
25.82, 62.0
25.82, 62.0
25.83, 62.1
25.83, 62.1
25.83, 62.1
25.83, 62.1
26.02, 62.5
26.04, 62.6
26.04, 62.6
26.09, 62.7
26.09, 62.7
26.20, 63.0
26.20, 63.0
26.24, 63.1
26.29, 63.2
26.29, 63.2
26.29, 63.2
26.35, 63.4
26.35, 63.4
26.39, 63.5
26.40, 63.5
26.40, 63.5
26.43, 63.6
26.46, 63.6
26.45, 63.6
26.46, 63.6
26.47, 63.7
26.47, 63.7
26.48, 63.7
26.50, 63.7
26.52, 63.8
26.52, 63.8
26.53, 63.8
26.56, 63.9
26.58, 64.0
26.59, 64.0
26.59, 64.0
26.58, 64.0
26.57, 63.9
26.59, 64.0
26.59, 64.0
26.59, 64.0
26.60, 64.0
26.64, 64.1
26.64, 64.1
26.61, 64.0
26.63, 64.1
26.60, 64.0
26.63, 64.1
26.69, 64.2
26.72, 64.3
26.73, 64.3
26.76, 64.4
26.78, 64.4
26.80, 64.5
26.79, 64.5
26.79, 64.5
26.81, 64.5
26.91, 64.8
26.91, 64.8
26.97, 64.9
26.97, 64.9
26.97, 64.9
26.97, 64.9
27.08, 65.2
27.08, 65.2
26.96, 64.9
27.00, 65.0
27.00, 65.0
26.99, 65.0
26.99, 65.0
27.01, 65.0
27.01, 65.0
27.02, 65.1
27.02, 65.1
27.06, 65.2
27.06, 65.2
27.16, 65.4
27.16, 65.4
27.16, 65.4
27.16, 65.4
27.29, 65.7
27.32, 65.8
27.32, 65.8
27.34, 65.8
27.34, 65.8
27.37, 65.9
27.36, 65.9
27.37, 65.9
27.38, 65.9
27.41, 66.0
27.45, 66.1
27.50, 66.2
27.53, 66.3
27.52, 66.3
27.52, 66.3
27.53, 66.3
27.53, 66.3
27.52, 66.3
27.53, 66.3
27.54, 66.4
27.56, 66.4
27.54, 66.4
27.54, 66.4
27.54, 66.4
27.55, 66.4
27.55, 66.4
27.55, 66.4
27.55, 66.4
27.54, 66.4
27.54, 66.4
27.55, 66.4
27.56, 66.4
27.57, 66.4
27.57, 66.4
27.57, 66.4
27.57, 66.4
27.57, 66.4
27.59, 66.5
27.62, 66.6
27.60, 66.5
27.59, 66.5
27.55, 66.4
27.49, 66.2
27.50, 66.3
27.50, 66.3
27.50, 66.2
27.44, 66.1
27.40, 66.0
27.46, 66.1
27.48, 66.2
27.48, 66.2
27.51, 66.3
27.50, 66.3
27.52, 66.3
27.58, 66.5
27.58, 66.5
27.54, 66.4
27.57, 66.4
27.57, 66.4
27.59, 66.5
27.74, 66.9
27.74, 66.9
27.74, 66.9
27.74, 66.9
27.74, 66.9
27.74, 66.9
27.74, 66.9
27.92, 67.3
27.96, 67.4
27.97, 67.4
27.99, 67.5
28.01, 67.5
28.01, 67.5
28.03, 67.6
28.03, 67.6
28.03, 67.6
28.05, 67.6
28.08, 67.7
28.13, 67.8
28.12, 67.8
28.13, 67.8
28.13, 67.8
28.15, 67.9
28.15, 67.9
28.19, 68.0
28.20, 68.0
28.20, 68.0
28.22, 68.1
28.22, 68.1
28.25, 68.1
28.29, 68.2
28.29, 68.2
28.32, 68.3
28.32, 68.3
28.32, 68.3
28.32, 68.3
28.44, 68.6
28.44, 68.6
28.44, 68.6
28.44, 68.6
28.29, 68.2
28.29, 68.2
28.29, 68.2
28.19, 68.0
28.25, 68.1
28.31, 68.3
28.31, 68.3
28.31, 68.3
28.31, 68.3
28.41, 68.5
28.44, 68.6
28.44, 68.6
28.44, 68.6
28.44, 68.6
28.44, 68.6
28.49, 68.7
28.49, 68.7
28.43, 68.6
28.43, 68.6
28.43, 68.6
28.50, 68.8
28.50, 68.8
28.52, 68.8
28.54, 68.9
28.54, 68.9
28.54, 68.9
28.54, 68.9
28.56, 68.9
28.56, 68.9
28.55, 68.9
28.59, 69.0
28.58, 69.0
28.56, 68.9
28.54, 68.9
28.54, 68.9
28.54, 68.9
28.57, 68.9
28.57, 68.9
28.59, 69.0
28.60, 69.0
28.62, 69.1
28.62, 69.1
28.62, 69.1
28.64, 69.1
28.62, 69.1
28.62, 69.1
28.62, 69.1
28.63, 69.1
28.63, 69.1
28.63, 69.1
28.60, 69.0
28.60, 69.0
28.64, 69.1
28.63, 69.1
28.63, 69.1
28.68, 69.2
28.68, 69.2
28.68, 69.2
28.68, 69.2
28.70, 69.3
28.70, 69.3
28.71, 69.3
28.71, 69.3
28.71, 69.3
28.69, 69.2
28.69, 69.2
28.69, 69.2
28.68, 69.2
28.68, 69.2
28.68, 69.2
28.68, 69.2
28.68, 69.2
28.71, 69.3
28.72, 69.3
28.74, 69.3
28.74, 69.3
28.74, 69.3
28.74, 69.3
28.75, 69.4
28.73, 69.3
28.75, 69.4
28.76, 69.4
28.77, 69.4
28.77, 69.4
28.77, 69.4
28.77, 69.4
28.75, 69.4
28.75, 69.4
28.73, 69.3
28.73, 69.3
28.73, 69.3
28.72, 69.3
28.71, 69.3
28.77, 69.4
28.77, 69.4
28.76, 69.4
28.77, 69.4
28.79, 69.5
28.82, 69.5
28.77, 69.4
28.77, 69.4
28.73, 69.3
28.64, 69.1
28.64, 69.1
28.64, 69.1
28.61, 69.0
28.61, 69.0
28.71, 69.3
28.66, 69.2
28.64, 69.1
28.71, 69.3
28.74, 69.3
28.68, 69.2
28.67, 69.2
28.65, 69.1
28.65, 69.1
28.65, 69.1
28.58, 69.0
28.59, 69.0
28.53, 68.8
28.53, 68.8
28.46, 68.6
28.45, 68.6
28.45, 68.6
28.34, 68.3
28.38, 68.4
28.38, 68.4
28.38, 68.4
28.50, 68.8
28.56, 68.9
28.57, 68.9
28.59, 69.0
28.55, 68.9
28.54, 68.9
28.54, 68.9
28.46, 68.6
28.38, 68.4
28.38, 68.4
28.38, 68.4
28.38, 68.4
28.38, 68.4
28.36, 68.4
28.43, 68.6
28.43, 68.6
28.47, 68.7
28.46, 68.6
28.46, 68.6
28.45, 68.6
28.48, 68.7
28.50, 68.8
28.50, 68.8
28.51, 68.8
28.55, 68.9
28.58, 69.0
28.58, 69.0
28.56, 68.9
28.54, 68.9
28.50, 68.8
28.50, 68.8
28.50, 68.8
28.50, 68.8
28.50, 68.8
28.50, 68.8
28.50, 68.8
28.18, 68.0
28.18, 68.0
28.18, 68.0
28.27, 68.2
28.26, 68.1
28.26, 68.1
28.26, 68.1
28.24, 68.1
28.24, 68.1
28.20, 68.0
28.19, 68.0
28.19, 68.0
28.19, 68.0
28.19, 68.0
28.15, 67.9
28.16, 67.9
28.14, 67.9
28.16, 67.9
28.16, 67.9
28.16, 67.9
28.13, 67.8
28.13, 67.8
28.16, 67.9
28.19, 68.0
28.19, 68.0
28.23, 68.1
28.25, 68.1
28.25, 68.1
28.25, 68.1
28.27, 68.2
28.27, 68.2
28.26, 68.1
28.26, 68.1
28.19, 68.0
28.19, 68.0
28.13, 67.8
28.14, 67.9
28.21, 68.0
28.21, 68.0
28.23, 68.1
28.23, 68.1
28.25, 68.1
28.20, 68.0
28.13, 67.8
28.11, 67.8
28.12, 67.8
28.15, 67.9
28.20, 68.0
28.20, 68.0
28.18, 68.0
28.22, 68.1
28.27, 68.2
28.16, 67.9
28.14, 67.9
28.13, 67.8
28.13, 67.8
28.13, 67.8
28.16, 67.9
28.16, 67.9
28.16, 67.9
28.16, 67.9
28.16, 67.9
28.04, 67.6
28.04, 67.6
28.03, 67.6
28.04, 67.6
28.04, 67.6
28.00, 67.5
28.00, 67.5
28.00, 67.5
28.00, 67.5
28.00, 67.5
28.00, 67.5
27.94, 67.3
27.93, 67.3
27.93, 67.3
27.93, 67.3
27.97, 67.4
27.97, 67.4
27.95, 67.4
27.95, 67.4
27.95, 67.4
27.95, 67.4
27.92, 67.3
27.93, 67.3
27.93, 67.3
27.97, 67.4
27.97, 67.4
27.97, 67.4
27.97, 67.4
27.97, 67.4
27.97, 67.4
27.97, 67.4
27.93, 67.3
27.93, 67.3
27.93, 67.3
27.85, 67.1
27.85, 67.1
27.85, 67.1
27.85, 67.1
27.72, 66.8
27.72, 66.8
27.72, 66.8
27.72, 66.8
27.72, 66.8
27.71, 66.8
27.73, 66.8
27.74, 66.9
27.75, 66.9
27.74, 66.9
27.72, 66.8
27.71, 66.8
27.71, 66.8
27.71, 66.8
27.70, 66.8
27.69, 66.7
27.67, 66.7
27.65, 66.6
27.65, 66.6
27.65, 66.6
27.65, 66.6
27.65, 66.6
27.63, 66.6
27.62, 66.6
27.58, 66.5
27.59, 66.5
27.59, 66.5
27.59, 66.5
27.62, 66.6
27.60, 66.5
27.59, 66.5
27.59, 66.5
27.59, 66.5
27.59, 66.5
27.59, 66.5
27.57, 66.4
27.57, 66.4
27.55, 66.4
27.56, 66.4
27.56, 66.4
27.55, 66.4
27.53, 66.3
27.52, 66.3
27.52, 66.3
27.52, 66.3
27.50, 66.2
27.50, 66.2
27.50, 66.2
27.44, 66.1
27.43, 66.1
27.42, 66.0
27.41, 66.0
27.41, 66.0
27.40, 66.0
27.40, 66.0
27.40, 66.0
27.36, 65.9
27.36, 65.9
27.30, 65.7
27.29, 65.7
27.26, 65.7
27.24, 65.6
27.22, 65.6
27.20, 65.5
27.18, 65.5
27.18, 65.5
27.18, 65.5
27.18, 65.5
27.13, 65.3
27.13, 65.3
27.13, 65.3
27.13, 65.3
27.12, 65.3
27.12, 65.3
27.11, 65.3
27.12, 65.3
27.13, 65.3
27.12, 65.3
27.10, 65.3
27.10, 65.3
27.02, 65.1
27.01, 65.0
26.98, 64.9
26.98, 64.9
26.93, 64.8
26.92, 64.8
26.93, 64.8
26.93, 64.8
26.93, 64.8
26.94, 64.8
26.95, 64.9
26.96, 64.9
26.96, 64.9
26.96, 64.9
26.96, 64.9
26.96, 64.9
26.96, 64.9
26.97, 64.9
26.96, 64.9
26.96, 64.9
26.93, 64.8
26.93, 64.8
26.92, 64.8
26.92, 64.8
26.92, 64.8
26.92, 64.8
26.90, 64.7
26.90, 64.7
26.90, 64.7
26.90, 64.7
26.80, 64.5
26.78, 64.4
26.83, 64.6
26.83, 64.6
26.84, 64.6
26.83, 64.6
26.86, 64.6
26.88, 64.7
26.88, 64.7
26.88, 64.7
26.88, 64.7
26.91, 64.8
26.92, 64.8
26.92, 64.8
26.96, 64.9
26.91, 64.8
26.90, 64.7
26.87, 64.7
26.84, 64.6
26.84, 64.6
26.80, 64.5
26.79, 64.5
26.78, 64.4
26.78, 64.4
26.78, 64.4
26.78, 64.4
26.64, 64.1
26.64, 64.1
26.64, 64.1
26.13, 62.8
26.13, 62.8
26.13, 62.8
26.13, 62.8
26.13, 62.8
24.48, 58.7
24.41, 58.5
24.41, 58.5
24.24, 58.1
24.24, 58.1
23.97, 57.4
23.81, 57.0
23.66, 56.7
23.66, 56.7
23.44, 56.1
23.36, 55.9
23.27, 55.7
23.27, 55.7
23.27, 55.7
23.27, 55.7
23.27, 55.7
22.81, 54.5
22.81, 54.5
22.81, 54.5
22.60, 54.0
22.60, 54.0
22.50, 53.7
22.50, 53.7
22.50, 53.7
22.45, 53.6
22.35, 53.4
22.30, 53.3
22.30, 53.3
22.02, 52.5
21.98, 52.4
21.98, 52.4
21.83, 52.1
21.81, 52.0
21.78, 52.0
21.78, 52.0
21.73, 51.8
21.73, 51.8
21.67, 51.7
21.67, 51.7
21.67, 51.7
21.67, 51.7
21.67, 51.7
21.33, 50.8
21.33, 50.8
21.33, 50.8
21.33, 50.8
21.33, 50.8
21.33, 50.8
21.27, 50.7
21.28, 50.7
21.28, 50.7
21.35, 50.9
21.38, 50.9
21.38, 50.9
21.38, 50.9
21.38, 50.9
21.26, 50.7
21.26, 50.7
21.14, 50.3
21.09, 50.2
21.07, 50.2
21.07, 50.2
20.97, 49.9
20.89, 49.7
20.83, 49.6
20.79, 49.5
20.79, 49.5
20.69, 49.2
20.69, 49.2
20.68, 49.2
20.73, 49.3
20.79, 49.5
20.85, 49.6
20.89, 49.7
20.91, 49.8
20.93, 49.8
20.97, 49.9
20.97, 49.9
21.03, 50.1
21.03, 50.1
21.11, 50.3
21.15, 50.4
21.16, 50.4
21.16, 50.4
21.16, 50.4
21.16, 50.4
21.27, 50.7
21.27, 50.7
21.35, 50.9
21.35, 50.9
21.41, 51.0
21.41, 51.0
21.41, 51.0
21.53, 51.3
21.55, 51.4
21.56, 51.4
21.60, 51.5
21.60, 51.5
21.60, 51.5
21.60, 51.5
21.60, 51.5
21.65, 51.6
21.67, 51.7
21.69, 51.7
21.71, 51.8
21.73, 51.8
21.75, 51.9
21.79, 52.0
21.81, 52.0
21.81, 52.0
21.80, 52.0
21.81, 52.0
21.80, 52.0
21.81, 52.0
21.82, 52.1
21.81, 52.0
21.81, 52.0
21.82, 52.1
21.81, 52.0
21.83, 52.1
21.84, 52.1
21.83, 52.1
21.83, 52.1
21.79, 52.0
21.79, 52.0
21.79, 52.0
21.81, 52.0
21.82, 52.1
21.82, 52.1
21.83, 52.1
21.83, 52.1
21.81, 52.0
21.81, 52.0
21.82, 52.1
21.81, 52.0
21.85, 52.1
21.87, 52.2
21.88, 52.2
21.81, 52.0
21.81, 52.0
21.81, 52.0
21.87, 52.2
21.87, 52.2
21.84, 52.1
21.86, 52.2
21.81, 52.0
21.81, 52.0
21.83, 52.1
21.83, 52.1
21.83, 52.1
21.87, 52.2
21.87, 52.2
21.87, 52.2
21.87, 52.2
21.82, 52.1
21.81, 52.0
21.82, 52.1
21.81, 52.0
21.83, 52.1
21.83, 52.1
21.77, 51.9
21.77, 51.9
21.77, 51.9
21.75, 51.9
21.75, 51.9
21.71, 51.8
21.72, 51.8
21.68, 51.7
21.68, 51.7
21.70, 51.8
21.73, 51.8
21.75, 51.9
21.75, 51.9
21.75, 51.9
21.81, 52.0
21.81, 52.0
21.81, 52.0
21.81, 52.0
21.83, 52.1
21.89, 52.2
21.89, 52.2
21.89, 52.2
21.89, 52.2
21.85, 52.1
21.85, 52.1
21.85, 52.1
21.82, 52.1
21.83, 52.1
21.81, 52.0
21.81, 52.0
21.81, 52.0
21.83, 52.1
21.90, 52.2
21.89, 52.2
21.89, 52.2
21.95, 52.4
22.05, 52.6
22.05, 52.6
22.31, 53.3
22.31, 53.3
22.45, 53.6
22.40, 53.5
22.40, 53.5
22.58, 53.9
22.72, 54.3
22.72, 54.3
22.59, 54.0
22.61, 54.0
22.72, 54.3
22.90, 54.7
22.90, 54.7
22.99, 55.0
22.99, 55.0
22.76, 54.4
22.76, 54.4
22.76, 54.4
22.72, 54.3
22.72, 54.3
22.67, 54.2
22.67, 54.2
22.61, 54.0
22.61, 54.0
22.67, 54.2
23.00, 55.0
23.14, 55.4
23.14, 55.4
23.12, 55.3
23.05, 55.1
23.05, 55.1
22.92, 54.8
22.92, 54.8
23.05, 55.1
22.95, 54.9
22.95, 54.9
22.95, 54.9
22.95, 54.9
22.95, 54.9
23.03, 55.1
23.03, 55.1
23.03, 55.1
23.03, 55.1
23.37, 55.9
23.37, 55.9
23.37, 55.9
23.37, 55.9
23.37, 55.9
23.37, 55.9
23.35, 55.9
23.35, 55.9
23.35, 55.9
23.36, 55.9
23.38, 55.9
23.38, 55.9
23.26, 55.7
23.26, 55.7
23.25, 55.6
23.25, 55.6
23.25, 55.6
23.25, 55.6
22.35, 53.4
22.30, 53.3
22.30, 53.3
22.09, 52.7
22.02, 52.5
22.02, 52.5
22.02, 52.5
21.93, 52.3
21.93, 52.3
21.90, 52.2
21.90, 52.2
21.91, 52.3
21.91, 52.3
21.91, 52.3
21.91, 52.3
21.91, 52.3
21.91, 52.3
21.91, 52.3
22.12, 52.8
22.12, 52.8
22.12, 52.8
22.13, 52.8
22.13, 52.8
22.11, 52.8
22.11, 52.8
22.11, 52.8
22.11, 52.8
22.11, 52.8
22.03, 52.6
22.05, 52.6
22.09, 52.7
22.00, 52.5
22.00, 52.5
22.00, 52.5
21.86, 52.2
21.86, 52.2
21.81, 52.0
21.81, 52.0
21.81, 52.0
21.79, 52.0
21.79, 52.0
21.75, 51.9
21.75, 51.9
21.72, 51.8
21.72, 51.8
21.66, 51.7
21.66, 51.7
21.66, 51.7
21.66, 51.7
21.62, 51.5
21.62, 51.5
21.62, 51.5
21.62, 51.5
21.62, 51.6
21.62, 51.6
21.62, 51.6
21.62, 51.5
21.62, 51.5
21.62, 51.5
21.62, 51.5
21.56, 51.4
21.56, 51.4
21.61, 51.5
21.61, 51.5
21.64, 51.6
21.67, 51.7
21.67, 51.7
21.61, 51.5
21.60, 51.5
21.60, 51.5
21.60, 51.5
21.48, 51.2
21.41, 51.0
21.41, 51.0
21.45, 51.1
21.45, 51.1
21.48, 51.2
21.48, 51.2
21.44, 51.1
21.44, 51.1
21.42, 51.0
21.37, 50.9
21.32, 50.8
21.32, 50.8
21.32, 50.8
21.32, 50.8
21.13, 50.3
21.13, 50.3
21.09, 50.2
21.07, 50.2
21.05, 50.1
21.05, 50.1
21.05, 50.1
21.03, 50.1
21.03, 50.1
21.02, 50.0
21.02, 50.0
20.98, 49.9
20.99, 50.0
20.97, 49.9
20.97, 49.9
20.97, 49.9
20.97, 49.9
20.99, 50.0
20.99, 50.0
20.96, 49.9
20.99, 50.0
21.01, 50.0
20.96, 49.9
20.96, 49.9
20.96, 49.9
20.96, 49.9
20.96, 49.9
20.97, 49.9
20.95, 49.9
20.94, 49.8
20.94, 49.8
20.83, 49.6
20.83, 49.6
20.83, 49.6
20.86, 49.7
20.87, 49.7
20.87, 49.7
20.87, 49.7
20.87, 49.7
20.87, 49.7
20.86, 49.7
20.86, 49.7
20.86, 49.7
20.85, 49.6
20.85, 49.6
20.85, 49.6
20.85, 49.6
20.83, 49.6
20.83, 49.6
20.83, 49.6
20.82, 49.6
20.82, 49.6
20.84, 49.6
20.84, 49.6
20.85, 49.6
20.85, 49.6
20.85, 49.6
20.85, 49.6
20.85, 49.6
20.85, 49.6
20.84, 49.6
20.84, 49.6
20.85, 49.6
20.85, 49.6
20.83, 49.6
20.83, 49.6
20.84, 49.6
20.84, 49.6
20.84, 49.6
20.83, 49.6
20.83, 49.6
20.83, 49.6
20.85, 49.6
20.85, 49.6
20.85, 49.6
20.85, 49.6
20.83, 49.6
20.84, 49.6
20.84, 49.6
20.84, 49.6
20.81, 49.5
20.81, 49.5
20.81, 49.5
20.80, 49.5
20.80, 49.5
20.80, 49.5
20.80, 49.5
20.80, 49.5
20.80, 49.5
20.82, 49.6
20.80, 49.5
20.80, 49.5
20.81, 49.5
20.81, 49.5
20.81, 49.5
20.81, 49.5
20.80, 49.5
20.80, 49.5
20.79, 49.5
20.79, 49.5
20.79, 49.5
20.77, 49.4
20.78, 49.5
20.78, 49.5
20.78, 49.5
20.78, 49.5
20.78, 49.5
20.79, 49.5
20.72, 49.3
20.72, 49.3
20.72, 49.3
20.75, 49.4
20.75, 49.4
20.75, 49.4
20.75, 49.4
20.75, 49.4
20.73, 49.3
20.73, 49.3
20.72, 49.3
20.72, 49.3
20.72, 49.3
20.72, 49.3
20.73, 49.3
20.75, 49.4
20.73, 49.3
20.73, 49.3
20.74, 49.4
20.74, 49.4
20.74, 49.4
20.72, 49.3
20.72, 49.3
20.72, 49.3
20.72, 49.3
20.73, 49.3
20.73, 49.3
20.73, 49.3
20.74, 49.4
20.74, 49.4
20.75, 49.4
20.83, 49.6
20.83, 49.6
20.83, 49.6
21.23, 50.6
21.23, 50.6
21.26, 50.7
21.26, 50.7
21.26, 50.7
21.29, 50.7
21.29, 50.7
21.32, 50.8
21.32, 50.8
21.32, 50.8
21.34, 50.9
21.34, 50.9
21.34, 50.9
21.40, 51.0
21.40, 51.0
21.36, 50.9
21.29, 50.7
21.28, 50.7
21.28, 50.7
21.28, 50.7
21.28, 50.7
21.28, 50.7
21.28, 50.7
21.28, 50.7
21.21, 50.5
21.20, 50.5
21.20, 50.5
21.20, 50.5
21.19, 50.5
21.18, 50.5
21.18, 50.5
21.18, 50.5
21.19, 50.5
21.18, 50.5
21.18, 50.5
21.18, 50.5
21.18, 50.5
21.18, 50.5
21.18, 50.5
21.18, 50.5
21.18, 50.5
21.18, 50.5
21.18, 50.5
21.19, 50.5
21.19, 50.5
21.18, 50.5
21.18, 50.5
21.18, 50.5
21.18, 50.5
21.18, 50.5
21.19, 50.5
21.18, 50.5
21.18, 50.5
21.17, 50.4
21.17, 50.4
21.17, 50.4
21.17, 50.4
21.17, 50.4
21.17, 50.4
21.17, 50.4
21.19, 50.5
21.20, 50.5
21.20, 50.5
21.20, 50.5
21.20, 50.5
21.20, 50.5
21.20, 50.5
21.20, 50.5
21.20, 50.5
21.24, 50.6
21.24, 50.6
21.24, 50.6
21.24, 50.6
21.26, 50.7
21.26, 50.7
21.26, 50.7
21.26, 50.7
21.26, 50.7
21.26, 50.7
21.26, 50.7
21.26, 50.7
21.26, 50.7
21.28, 50.7
21.28, 50.7
21.28, 50.7
21.28, 50.7
21.28, 50.7
21.28, 50.7
21.28, 50.7
21.28, 50.7
21.26, 50.7
21.26, 50.7
21.24, 50.6
21.24, 50.6
21.24, 50.6
21.24, 50.6
21.24, 50.6
21.24, 50.6
21.24, 50.6
21.24, 50.6
21.24, 50.6
21.24, 50.6
21.24, 50.6
21.24, 50.6
21.28, 50.7
21.26, 50.7
21.26, 50.7
21.26, 50.7
21.26, 50.7
21.26, 50.7
21.26, 50.7
21.26, 50.7
21.26, 50.7
21.26, 50.7
21.26, 50.7
21.26, 50.7
21.26, 50.7
21.26, 50.7
21.26, 50.7
21.26, 50.7
21.26, 50.7
21.22, 50.6
21.22, 50.6
21.22, 50.6
21.22, 50.6
21.22, 50.6
21.22, 50.6
21.22, 50.6
21.22, 50.6
21.22, 50.6
21.22, 50.6
21.22, 50.6
21.23, 50.6
21.23, 50.6
21.23, 50.6
21.21, 50.5
21.21, 50.5
21.21, 50.5
21.21, 50.5
21.21, 50.5
21.21, 50.5
21.21, 50.5
21.21, 50.5
21.21, 50.5
21.21, 50.5
21.21, 50.5
21.21, 50.5
21.22, 50.6
21.22, 50.6
21.22, 50.6
21.22, 50.6
21.22, 50.6
21.22, 50.6
21.22, 50.6
21.22, 50.6
21.20, 50.5
21.20, 50.5
21.20, 50.5
21.20, 50.5
21.20, 50.5
21.20, 50.5
21.19, 50.5
21.19, 50.5
21.19, 50.5
21.19, 50.5
21.19, 50.5
21.19, 50.5
21.19, 50.5
21.19, 50.5
21.19, 50.5
21.19, 50.5
21.18, 50.5
21.18, 50.5
21.18, 50.5
21.18, 50.5
21.18, 50.5
21.18, 50.5
21.18, 50.5
21.18, 50.5
21.18, 50.5
21.18, 50.5
21.18, 50.5
21.18, 50.5
21.18, 50.5
21.18, 50.5
21.18, 50.5
21.18, 50.5
21.18, 50.5
21.18, 50.5
21.18, 50.5
21.18, 50.5
21.18, 50.5
21.15, 50.4
21.15, 50.4
21.15, 50.4
21.15, 50.4
21.14, 50.4
21.14, 50.4
21.14, 50.4
21.14, 50.4
21.16, 50.4
21.16, 50.4
21.16, 50.4
21.16, 50.4
21.16, 50.4
21.14, 50.4
21.14, 50.4
21.14, 50.4
21.14, 50.4
21.14, 50.4
21.14, 50.4
21.14, 50.4
21.14, 50.4
21.14, 50.4
21.14, 50.4
21.14, 50.4
21.13, 50.3
21.13, 50.3
21.13, 50.3
21.14, 50.3
21.14, 50.3
21.14, 50.3
21.14, 50.3
21.14, 50.3
21.14, 50.3
21.11, 50.3
21.11, 50.3
21.11, 50.3
21.11, 50.3
21.12, 50.3
21.12, 50.3
21.12, 50.3
21.12, 50.3
21.13, 50.3
21.13, 50.3
21.13, 50.3
21.13, 50.3
21.13, 50.3
21.13, 50.3
21.13, 50.3
21.13, 50.3
21.13, 50.3
21.13, 50.3
21.12, 50.3
21.12, 50.3
21.12, 50.3
21.12, 50.3
21.12, 50.3
21.11, 50.3
21.11, 50.3
21.11, 50.3
21.11, 50.3
21.11, 50.3
21.11, 50.3
21.13, 50.3
21.13, 50.3
21.13, 50.3
21.13, 50.3
21.13, 50.3
21.13, 50.3
21.13, 50.3
21.13, 50.3
21.13, 50.3
21.11, 50.3
21.11, 50.3
21.10, 50.2
21.10, 50.2
21.10, 50.2
21.10, 50.2
21.07, 50.2
21.07, 50.2
21.09, 50.2
21.09, 50.2
21.07, 50.2
21.07, 50.2
21.07, 50.2
21.07, 50.2
21.08, 50.2
21.08, 50.2
21.08, 50.2
21.08, 50.2
21.08, 50.2
21.08, 50.2
21.08, 50.2
21.08, 50.2
21.08, 50.2
21.08, 50.2
21.08, 50.2
21.07, 50.2
21.07, 50.2
21.07, 50.2
21.07, 50.2
21.07, 50.2
21.07, 50.2
21.03, 50.1
21.03, 50.1
21.03, 50.1
21.03, 50.1
21.03, 50.1
21.03, 50.1
21.04, 50.1
21.04, 50.1
21.04, 50.1
21.04, 50.1
21.04, 50.1
21.04, 50.1
21.02, 50.0
21.02, 50.0
21.02, 50.0
21.03, 50.1
21.03, 50.1
21.03, 50.1
21.03, 50.1
21.03, 50.1
21.03, 50.1
21.03, 50.1
21.03, 50.1
21.03, 50.1
21.01, 50.0
21.01, 50.0
21.01, 50.0
21.01, 50.0
21.01, 50.0
21.01, 50.0
21.01, 50.0
21.01, 50.0
21.01, 50.0
21.01, 50.0
21.01, 50.0
21.00, 50.0
21.00, 50.0
21.00, 50.0
21.00, 50.0
21.00, 50.0
21.00, 50.0
21.00, 50.0
21.00, 50.0
20.99, 50.0
20.99, 50.0
20.99, 50.0
20.99, 50.0
20.99, 50.0
20.99, 50.0
20.99, 50.0
20.98, 49.9
20.98, 49.9
20.98, 49.9
20.98, 49.9
20.98, 49.9
20.99, 50.0
20.97, 49.9
20.97, 49.9
20.98, 49.9
20.99, 50.0
20.99, 50.0
20.99, 50.0
20.99, 50.0
20.99, 50.0
20.97, 49.9
20.96, 49.9
20.96, 49.9
20.97, 49.9
20.97, 49.9
20.97, 49.9
20.97, 49.9
20.94, 49.8
20.94, 49.8
20.94, 49.8
20.94, 49.8
20.94, 49.8
20.94, 49.8
20.94, 49.8
20.94, 49.8
20.94, 49.8
20.93, 49.8
20.93, 49.8
20.93, 49.8
20.93, 49.8
20.93, 49.8
20.93, 49.8
20.93, 49.8
20.93, 49.8
20.93, 49.8
20.91, 49.8
20.91, 49.8
20.91, 49.8
20.91, 49.8
20.91, 49.8
20.91, 49.8
20.91, 49.8
20.89, 49.7
20.89, 49.7
20.89, 49.7
20.90, 49.7
20.90, 49.7
20.90, 49.7
20.89, 49.7
20.88, 49.7
20.88, 49.7
20.90, 49.7
20.90, 49.7
20.90, 49.7
20.90, 49.7
20.90, 49.7
20.90, 49.7
20.90, 49.7
20.90, 49.7
20.90, 49.7
20.90, 49.7
20.89, 49.7
20.87, 49.7
20.87, 49.7
20.87, 49.7
20.87, 49.7
20.85, 49.6
20.85, 49.6
20.86, 49.7
20.85, 49.6
20.85, 49.6
20.85, 49.6
20.83, 49.6
20.85, 49.6
20.84, 49.6
20.84, 49.6
20.84, 49.6
20.84, 49.6
20.84, 49.6
20.84, 49.6
20.84, 49.6
20.84, 49.6
20.84, 49.6
20.84, 49.6
20.84, 49.6
20.84, 49.6
20.83, 49.6
20.83, 49.6
20.83, 49.6
20.83, 49.6
20.83, 49.6
20.83, 49.6
20.83, 49.6
20.83, 49.6
20.83, 49.6
20.83, 49.6
20.81, 49.5
20.80, 49.5
20.80, 49.5
20.80, 49.5
20.81, 49.5
20.81, 49.5
20.81, 49.5
20.80, 49.5
20.79, 49.5
20.79, 49.5
20.80, 49.5
20.80, 49.5
20.80, 49.5
20.80, 49.5
20.79, 49.5
20.79, 49.5
20.80, 49.5
20.80, 49.5
20.80, 49.5
20.79, 49.5
20.79, 49.5
20.79, 49.5
20.79, 49.5
20.79, 49.5
20.79, 49.5
20.79, 49.5
20.79, 49.5
20.79, 49.5
20.78, 49.5
20.78, 49.5
20.77, 49.4
20.77, 49.4
20.77, 49.4
20.77, 49.4
20.77, 49.4
20.77, 49.4
20.77, 49.4
20.77, 49.4
20.77, 49.4
20.77, 49.4
20.77, 49.4
20.77, 49.4
20.77, 49.4
20.77, 49.4
20.77, 49.4
20.79, 49.5
20.79, 49.5
20.79, 49.5
20.79, 49.5
20.79, 49.5
20.79, 49.5
20.76, 49.4
20.76, 49.4
20.76, 49.4
20.76, 49.4
20.75, 49.4
20.74, 49.4
20.74, 49.4
20.76, 49.4
20.75, 49.4
20.75, 49.4
20.75, 49.4
20.75, 49.4
20.74, 49.4
20.74, 49.4
20.75, 49.4
20.75, 49.4
20.75, 49.4
20.75, 49.4
20.75, 49.4
20.75, 49.4
20.75, 49.4
20.73, 49.3
20.73, 49.3
20.75, 49.4
20.72, 49.3
20.72, 49.3
20.72, 49.3
20.75, 49.4
20.77, 49.4
20.77, 49.4
20.75, 49.4
20.75, 49.4
20.76, 49.4
20.76, 49.4
20.74, 49.4
20.74, 49.4
20.73, 49.3
20.75, 49.4
20.75, 49.4
20.75, 49.4
20.75, 49.4
20.74, 49.4
20.74, 49.4
20.74, 49.4
20.74, 49.4
20.74, 49.4
20.74, 49.4
20.74, 49.4
20.74, 49.4
20.74, 49.4
20.74, 49.4
20.77, 49.4
20.77, 49.4
20.77, 49.4
20.77, 49.4
20.77, 49.4
20.77, 49.4
20.77, 49.4
20.77, 49.4
20.77, 49.4
20.77, 49.4
20.77, 49.4
20.76, 49.4
20.75, 49.4
20.76, 49.4
20.76, 49.4
20.76, 49.4
20.76, 49.4
20.76, 49.4
20.76, 49.4
20.76, 49.4
20.76, 49.4
20.76, 49.4
20.76, 49.4
20.76, 49.4
20.76, 49.4
20.76, 49.4
20.76, 49.4
20.76, 49.4
20.76, 49.4
20.76, 49.4
20.76, 49.4
20.76, 49.4
20.76, 49.4
20.76, 49.4
20.76, 49.4
20.73, 49.3
20.73, 49.3
20.64, 49.1
20.64, 49.1
20.64, 49.1
20.64, 49.1
20.68, 49.2
20.68, 49.2
20.69, 49.2
20.69, 49.2
20.69, 49.2
20.69, 49.2
20.69, 49.2
20.69, 49.2
20.68, 49.2
20.67, 49.2
20.67, 49.2
20.72, 49.3
20.72, 49.3
20.72, 49.3
20.73, 49.3
20.74, 49.4
20.74, 49.4
20.74, 49.4
20.74, 49.4
20.73, 49.3
20.73, 49.3
20.73, 49.3
20.75, 49.4
20.75, 49.4
20.75, 49.4
20.75, 49.4
20.75, 49.4
20.75, 49.4
20.77, 49.4
20.77, 49.4
20.77, 49.4
20.77, 49.4
21.69, 51.7
21.94, 52.3
22.25, 53.1
22.25, 53.1
22.56, 53.9
22.56, 53.9
22.68, 54.2
22.81, 54.5
22.84, 54.6
22.84, 54.6
22.85, 54.6
22.85, 54.6
22.88, 54.7
22.88, 54.7
22.88, 54.7
22.88, 54.7
22.88, 54.7
22.88, 54.7
22.88, 54.7
22.88, 54.7
22.88, 54.7
22.07, 52.7
21.91, 52.3
21.87, 52.2
21.87, 52.2
21.80, 52.0
21.80, 52.0
21.71, 51.8
21.71, 51.8
21.71, 51.8
21.63, 51.6
21.63, 51.6
21.60, 51.5
21.60, 51.5
21.56, 51.4
21.56, 51.4
21.56, 51.4
21.56, 51.4
21.56, 51.4
21.56, 51.4
21.56, 51.4
21.56, 51.4
21.53, 51.3
21.52, 51.3
21.52, 51.3
21.52, 51.3
21.52, 51.3
21.53, 51.3
21.53, 51.3
21.51, 51.3
21.51, 51.3
21.52, 51.3
21.52, 51.3
21.51, 51.3
21.51, 51.3
21.54, 51.3
21.54, 51.3
21.54, 51.3
21.54, 51.3
21.54, 51.3
21.54, 51.3
21.62, 51.5
21.62, 51.5
21.62, 51.5
21.62, 51.5
21.62, 51.5
21.59, 51.5
21.58, 51.4
21.58, 51.4
21.56, 51.4
21.60, 51.5
21.60, 51.5
21.61, 51.5
21.62, 51.5
21.62, 51.5
21.62, 51.5
21.62, 51.5
21.62, 51.5
21.67, 51.7
21.67, 51.7
21.69, 51.7
21.69, 51.7
21.68, 51.7
21.68, 51.7
21.68, 51.7
21.68, 51.7
21.68, 51.7
21.68, 51.7
21.68, 51.7
21.68, 51.7
21.76, 51.9
21.76, 51.9
21.78, 52.0
21.81, 52.0
21.79, 52.0
21.79, 52.0
21.79, 52.0
21.90, 52.2
21.90, 52.2
21.90, 52.2
22.00, 52.5
21.99, 52.5
21.95, 52.4
21.95, 52.4
21.94, 52.3
21.94, 52.3
21.90, 52.2
21.90, 52.2
21.94, 52.3
21.93, 52.3
21.93, 52.3
21.93, 52.3
21.96, 52.4
21.96, 52.4
21.96, 52.4
22.00, 52.5
22.00, 52.5
22.00, 52.5
22.04, 52.6
22.04, 52.6
22.04, 52.6
22.04, 52.6
22.04, 52.6
22.04, 52.6
22.34, 53.4
22.34, 53.4
22.32, 53.3
22.32, 53.3
22.32, 53.3
22.36, 53.4
22.36, 53.4
22.37, 53.4
22.35, 53.4
22.35, 53.4
22.34, 53.4
22.34, 53.4
22.32, 53.3
22.32, 53.3
22.41, 53.5
22.41, 53.5
22.41, 53.5
22.44, 53.6
22.52, 53.8
22.52, 53.8
22.52, 53.8
22.60, 54.0
22.60, 54.0
22.60, 54.0
22.60, 54.0
22.65, 54.1
22.65, 54.1
22.58, 53.9
22.60, 54.0
22.60, 54.0
22.60, 54.0
22.67, 54.2
22.67, 54.2
22.67, 54.2
22.67, 54.2
22.67, 54.2
22.67, 54.2
22.74, 54.4
22.74, 54.4
22.77, 54.4
22.77, 54.4
22.75, 54.4
22.81, 54.5
22.81, 54.5
22.81, 54.5
22.81, 54.5
22.81, 54.5
22.84, 54.6
22.84, 54.6
22.81, 54.5
22.85, 54.6
22.85, 54.6
22.72, 54.3
22.72, 54.3
22.72, 54.3
22.66, 54.2
22.66, 54.2
22.66, 54.2
22.74, 54.4
22.63, 54.1
22.63, 54.1
22.55, 53.9
22.55, 53.9
22.55, 53.9
22.55, 53.9
22.65, 54.1
22.65, 54.1
22.63, 54.1
22.63, 54.1
22.63, 54.1
22.63, 54.1
22.63, 54.1
22.63, 54.1
22.42, 53.5
22.42, 53.5
22.42, 53.5
22.42, 53.5
22.43, 53.6
22.43, 53.6
22.43, 53.6
22.43, 53.6
22.43, 53.6
22.43, 53.6
22.43, 53.6
22.43, 53.6
22.43, 53.6
22.43, 53.6
22.31, 53.3
22.32, 53.3
22.32, 53.3
22.32, 53.3
22.38, 53.4
22.38, 53.4
22.38, 53.4
22.38, 53.4
22.38, 53.4
22.38, 53.4
22.38, 53.4
22.38, 53.4
22.38, 53.4
22.38, 53.4
22.38, 53.4
22.42, 53.5
22.42, 53.5
22.42, 53.5
22.42, 53.5
22.42, 53.5
22.42, 53.5
22.10, 52.7
22.10, 52.7
22.09, 52.7
22.09, 52.7
22.02, 52.5
22.02, 52.5
21.98, 52.4
21.95, 52.4
21.95, 52.4
21.96, 52.4
21.94, 52.3
21.88, 52.2
21.85, 52.1
21.85, 52.1
21.85, 52.1
21.85, 52.1
21.85, 52.1
21.85, 52.1
21.85, 52.1
21.85, 52.1
21.91, 52.3
21.91, 52.3
21.93, 52.3
21.94, 52.3
21.94, 52.3
21.94, 52.3
21.98, 52.4
21.98, 52.4
21.98, 52.4
21.98, 52.4
21.98, 52.4
21.86, 52.2
21.86, 52.2
21.86, 52.2
21.86, 52.2
21.86, 52.2
21.73, 51.8
21.73, 51.8
21.73, 51.8
21.67, 51.7
21.67, 51.7
21.67, 51.7
21.67, 51.7
21.67, 51.7
21.67, 51.7
21.56, 51.4
21.56, 51.4
21.56, 51.4
21.56, 51.4
21.56, 51.4
21.46, 51.1
21.48, 51.2
21.47, 51.2
21.47, 51.2
21.47, 51.2
21.58, 51.4
21.60, 51.5
21.59, 51.5
21.59, 51.5
21.59, 51.5
21.60, 51.5
21.60, 51.5
21.60, 51.5
21.60, 51.5
21.60, 51.5
21.76, 51.9
21.77, 51.9
21.77, 51.9
21.77, 51.9
21.81, 52.0
21.81, 52.0
21.81, 52.0
21.87, 52.2
21.87, 52.2
21.84, 52.1
21.84, 52.1
21.87, 52.2
21.87, 52.2
21.95, 52.4
21.95, 52.4
21.95, 52.4
21.95, 52.4
21.95, 52.4
22.02, 52.5
22.02, 52.5
22.02, 52.5
22.02, 52.5
22.02, 52.5
21.62, 51.5
21.62, 51.5
21.62, 51.5
21.62, 51.5
21.62, 51.5
21.62, 51.5
21.62, 51.5
21.62, 51.5
21.62, 51.5
21.62, 51.5
21.77, 51.9
21.77, 51.9
21.86, 52.2
21.86, 52.2
21.86, 52.2
21.86, 52.2
22.05, 52.6
22.07, 52.7
22.08, 52.7
22.08, 52.7
21.91, 52.3
21.91, 52.3
21.97, 52.4
22.00, 52.5
22.00, 52.5
21.96, 52.4
21.96, 52.4
21.96, 52.4
21.98, 52.4
21.98, 52.4
22.05, 52.6
22.05, 52.6
22.05, 52.6
22.05, 52.6
21.81, 52.0
21.85, 52.1
21.91, 52.3
21.91, 52.3
21.91, 52.3
21.91, 52.3
21.96, 52.4
21.81, 52.0
21.81, 52.0
21.81, 52.0
21.98, 52.4
21.98, 52.4
21.98, 52.4
21.98, 52.4
21.81, 52.0
21.82, 52.1
21.82, 52.1
21.81, 52.0
21.81, 52.0
21.81, 52.0
21.81, 52.0
21.89, 52.2
21.95, 52.4
22.05, 52.6
22.05, 52.6
22.10, 52.7
22.12, 52.8
22.12, 52.8
22.12, 52.8
22.12, 52.8
22.12, 52.8
22.12, 52.8
22.12, 52.8
22.38, 53.4
22.38, 53.4
22.38, 53.4
22.38, 53.4
22.38, 53.4
22.38, 53.4
22.38, 53.4
22.38, 53.4
22.38, 53.4
22.38, 53.4
22.38, 53.4
22.38, 53.4
22.38, 53.4
22.38, 53.4
22.16, 52.9
22.16, 52.9
22.05, 52.6
22.05, 52.6
22.05, 52.6
21.97, 52.4
21.97, 52.4
21.97, 52.4
21.91, 52.3
21.91, 52.3
21.87, 52.2
21.89, 52.2
21.89, 52.2
21.89, 52.2
21.89, 52.2
21.89, 52.2
21.89, 52.2
21.89, 52.2
21.89, 52.2
21.89, 52.2
21.89, 52.2
21.89, 52.2
21.89, 52.2
21.95, 52.4
21.95, 52.4
21.95, 52.4
21.95, 52.4
21.91, 52.3
21.91, 52.3
21.91, 52.3
21.91, 52.3
21.93, 52.3
21.93, 52.3
21.93, 52.3
21.93, 52.3
21.95, 52.4
21.95, 52.4
21.95, 52.4
22.06, 52.6
22.06, 52.6
22.12, 52.8
22.12, 52.8
22.12, 52.8
22.14, 52.9
22.14, 52.9
22.19, 53.0
22.19, 53.0
22.19, 53.0
22.35, 53.4
22.35, 53.4
22.29, 53.2
22.29, 53.2
22.26, 53.2
22.20, 53.0
22.20, 53.0
22.16, 52.9
22.12, 52.8
22.12, 52.8
22.11, 52.8
22.11, 52.8
22.11, 52.8
21.99, 52.5
21.99, 52.5
21.99, 52.5
21.99, 52.5
21.99, 52.5
21.99, 52.5
21.99, 52.5
21.99, 52.5
21.96, 52.4
21.96, 52.4
21.96, 52.4
22.00, 52.5
22.00, 52.5
21.93, 52.3
21.93, 52.3
22.04, 52.6
22.04, 52.6
22.11, 52.8
22.17, 52.9
22.17, 52.9
22.17, 52.9
22.30, 53.3
22.30, 53.3
22.30, 53.3
22.30, 53.3
22.30, 53.3
22.16, 52.9
22.18, 53.0
22.18, 53.0
22.12, 52.8
22.12, 52.8
22.12, 52.8
22.12, 52.8
22.12, 52.8
22.08, 52.7
22.08, 52.7
22.08, 52.7
22.08, 52.7
22.08, 52.7
22.08, 52.7
22.13, 52.8
22.13, 52.8
22.20, 53.0
22.20, 53.0
22.20, 53.0
22.20, 53.0
22.20, 53.0
22.22, 53.1
22.22, 53.1
22.22, 53.1
22.22, 53.1
21.98, 52.4
22.01, 52.5
22.01, 52.5
22.07, 52.7
22.15, 52.9
22.15, 52.9
22.15, 52.9
22.15, 52.9
22.15, 52.9
22.15, 52.9
22.15, 52.9
22.15, 52.9
22.11, 52.8
22.11, 52.8
22.11, 52.8
22.11, 52.8
22.11, 52.8
22.11, 52.8
22.21, 53.0
22.21, 53.0
22.21, 53.0
22.21, 53.0
22.21, 53.0
22.20, 53.0
22.20, 53.0
22.20, 53.0
22.20, 53.0
22.20, 53.0
22.20, 53.0
22.12, 52.8
22.12, 52.8
22.12, 52.8
22.12, 52.8
22.12, 52.8
22.12, 52.8
22.12, 52.8
22.12, 52.8
22.12, 52.8
22.01, 52.5
22.00, 52.5
22.00, 52.5
22.00, 52.5
22.00, 52.5
22.00, 52.5
22.00, 52.5
22.00, 52.5
22.00, 52.5
22.00, 52.5
21.89, 52.2
21.89, 52.2
21.89, 52.2
21.89, 52.2
21.89, 52.2
21.89, 52.2
21.89, 52.2
21.63, 51.6
21.63, 51.6
21.63, 51.6
21.64, 51.6
21.64, 51.6
21.65, 51.6
21.65, 51.6
21.63, 51.6
21.63, 51.6
21.63, 51.6
21.63, 51.6
21.62, 51.5
21.62, 51.5
21.62, 51.5
21.50, 51.2
21.50, 51.2
21.50, 51.2
21.50, 51.2
21.50, 51.2
21.50, 51.2
21.44, 51.1
21.44, 51.1
21.44, 51.1
21.44, 51.1
21.44, 51.1
21.44, 51.1
21.44, 51.1
21.36, 50.9
21.36, 50.9
21.39, 51.0
21.37, 50.9
21.37, 50.9
21.37, 50.9
21.39, 51.0
21.39, 51.0
21.39, 51.0
21.43, 51.1
21.46, 51.1
21.46, 51.1
21.46, 51.1
21.46, 51.1
21.46, 51.1
21.46, 51.1
21.29, 50.7
21.29, 50.7
21.29, 50.7
21.34, 50.9
21.34, 50.9
21.34, 50.9
21.34, 50.9
21.34, 50.9
21.34, 50.9
21.31, 50.8
21.31, 50.8
21.35, 50.9
21.35, 50.9
21.34, 50.9
21.34, 50.9
21.34, 50.9
21.34, 50.9
21.14, 50.3
21.14, 50.3
21.14, 50.4
21.14, 50.4
21.14, 50.4
21.23, 50.6
21.23, 50.6
21.22, 50.6
21.20, 50.5
21.20, 50.5
21.20, 50.5
21.20, 50.5
21.29, 50.7
21.29, 50.7
21.24, 50.6
21.24, 50.6
21.25, 50.6
21.25, 50.6
21.31, 50.8
21.31, 50.8
21.29, 50.7
21.30, 50.8
21.30, 50.8
21.30, 50.8
21.22, 50.6
21.22, 50.6
21.23, 50.6
21.23, 50.6
21.26, 50.7
21.34, 50.9
21.34, 50.9
21.34, 50.9
21.42, 51.0
21.42, 51.0
21.46, 51.1
21.46, 51.1
21.46, 51.1
21.46, 51.1
21.46, 51.1
21.46, 51.1
21.46, 51.1
21.46, 51.1
21.61, 51.5
21.61, 51.5
21.62, 51.5
21.62, 51.5
21.62, 51.5
21.62, 51.5
21.67, 51.7
21.69, 51.7
21.69, 51.7
21.70, 51.8
21.70, 51.8
21.70, 51.8
22.70, 54.3
22.70, 54.3
22.70, 54.3
22.70, 54.3
23.48, 56.2
23.59, 56.5
23.59, 56.5
23.59, 56.5
23.59, 56.5
24.18, 58.0
24.18, 58.0
24.18, 58.0
24.18, 58.0
24.18, 58.0
24.18, 58.0
24.18, 58.0
24.18, 58.0
24.18, 58.0
24.18, 58.0
24.18, 58.0
24.18, 58.0
24.18, 58.0
24.18, 58.0
24.18, 58.0
24.18, 58.0
24.18, 58.0
24.18, 58.0
24.18, 58.0
24.18, 58.0
24.18, 58.0
24.18, 58.0
24.18, 58.0
24.18, 58.0
24.18, 58.0
24.18, 58.0
24.18, 58.0
24.18, 58.0
24.18, 58.0
24.18, 58.0
24.18, 58.0
24.18, 58.0
24.18, 58.0
24.18, 58.0
24.18, 58.0
24.18, 58.0
24.18, 58.0
24.18, 58.0
24.18, 58.0
24.18, 58.0
24.18, 58.0
24.18, 58.0
24.18, 58.0
24.18, 58.0
24.18, 58.0
24.18, 58.0
24.18, 58.0
24.18, 58.0
24.18, 58.0
24.18, 58.0
24.18, 58.0
24.18, 58.0
24.18, 58.0
24.18, 58.0
24.18, 58.0
24.18, 58.0
24.18, 58.0
24.18, 58.0
24.18, 58.0
24.18, 58.0
24.18, 58.0
24.18, 58.0
24.18, 58.0
24.18, 58.0
24.18, 58.0
24.18, 58.0
24.18, 58.0
24.18, 58.0
24.18, 58.0
24.18, 58.0
24.18, 58.0
24.18, 58.0
24.18, 58.0
24.18, 58.0
24.18, 58.0
24.18, 58.0
24.18, 58.0
24.18, 58.0
24.18, 58.0
24.18, 58.0
24.18, 58.0
24.18, 58.0
24.18, 58.0
24.18, 58.0
24.18, 58.0
24.18, 58.0
24.18, 58.0
24.18, 58.0
24.18, 58.0
24.18, 58.0
24.18, 58.0
24.18, 58.0
24.18, 58.0
24.18, 58.0
24.18, 58.0
24.18, 58.0
24.18, 58.0
24.18, 58.0
24.18, 58.0
24.18, 58.0
24.18, 58.0
24.18, 58.0
24.18, 58.0
24.18, 58.0
24.18, 58.0
24.18, 58.0
24.18, 58.0
24.18, 58.0
24.18, 58.0
24.18, 58.0
24.18, 58.0
24.18, 58.0
24.18, 58.0
24.18, 58.0
24.18, 58.0
24.18, 58.0
24.18, 58.0
24.18, 58.0
24.18, 58.0
24.18, 58.0
24.18, 58.0
24.18, 58.0
24.18, 58.0
24.18, 58.0
24.18, 58.0
24.18, 58.0
24.18, 58.0
24.18, 58.0
24.18, 58.0
24.18, 58.0
24.18, 58.0
24.18, 58.0
24.18, 58.0
24.18, 58.0
24.18, 58.0
24.18, 58.0
24.18, 58.0
24.18, 58.0
24.18, 58.0
24.18, 58.0
24.18, 58.0
24.18, 58.0
24.18, 58.0
24.18, 58.0
24.18, 58.0
24.18, 58.0
24.18, 58.0
24.18, 58.0
24.18, 58.0
24.18, 58.0
24.18, 58.0
24.18, 58.0
24.18, 58.0
24.18, 58.0
24.18, 58.0
24.18, 58.0
24.18, 58.0
24.18, 58.0
24.18, 58.0
24.18, 58.0
24.18, 58.0
24.18, 58.0
24.18, 58.0
24.18, 58.0
24.18, 58.0
24.18, 58.0
24.18, 58.0
24.18, 58.0
24.18, 58.0
24.18, 58.0
24.18, 58.0
24.18, 58.0
24.18, 58.0
24.18, 58.0
24.18, 58.0
24.18, 58.0
24.18, 58.0
24.18, 58.0
24.18, 58.0
24.18, 58.0
24.18, 58.0
24.18, 58.0
24.18, 58.0
24.18, 58.0
24.18, 58.0
24.18, 58.0
24.18, 58.0
24.18, 58.0
24.18, 58.0
24.18, 58.0
24.18, 58.0
24.18, 58.0
24.18, 58.0
24.18, 58.0
24.18, 58.0
24.18, 58.0
24.18, 58.0
24.18, 58.0
24.18, 58.0
24.18, 58.0
24.18, 58.0
24.18, 58.0
24.18, 58.0
24.18, 58.0
24.18, 58.0
24.18, 58.0
24.18, 58.0
24.18, 58.0
24.18, 58.0
24.18, 58.0
24.18, 58.0
24.18, 58.0
24.18, 58.0
24.18, 58.0
24.18, 58.0
24.18, 58.0
24.18, 58.0
24.18, 58.0
24.18, 58.0
24.18, 58.0
24.18, 58.0
24.18, 58.0
24.18, 58.0
24.18, 58.0
24.18, 58.0
24.18, 58.0
24.18, 58.0
24.18, 58.0
24.18, 58.0
24.18, 58.0
24.18, 58.0
24.18, 58.0
24.18, 58.0
24.18, 58.0
24.18, 58.0
24.18, 58.0
24.18, 58.0
24.18, 58.0
24.18, 58.0
24.18, 58.0
24.18, 58.0
24.18, 58.0
24.18, 58.0
24.18, 58.0
24.18, 58.0
24.18, 58.0
24.18, 58.0
24.18, 58.0
24.18, 58.0
24.18, 58.0
24.18, 58.0
24.18, 58.0
24.18, 58.0
24.18, 58.0
24.18, 58.0
24.18, 58.0
24.18, 58.0
24.18, 58.0
24.18, 58.0
24.18, 58.0
24.18, 58.0
24.18, 58.0
24.18, 58.0
24.18, 58.0
24.18, 58.0
24.18, 58.0
24.18, 58.0
24.18, 58.0
24.18, 58.0
24.18, 58.0
24.18, 58.0
24.18, 58.0
24.18, 58.0
24.18, 58.0
24.18, 58.0
24.18, 58.0
24.18, 58.0
24.18, 58.0
24.18, 58.0
24.18, 58.0
24.18, 58.0
24.18, 58.0
24.18, 58.0
24.18, 58.0
24.18, 58.0
24.18, 58.0
24.18, 58.0
24.18, 58.0
24.18, 58.0
24.18, 58.0
24.18, 58.0
24.18, 58.0
24.18, 58.0
24.18, 58.0
24.18, 58.0
24.18, 58.0
24.18, 58.0
24.18, 58.0
24.18, 58.0
24.18, 58.0
24.18, 58.0
24.18, 58.0
24.18, 58.0
24.18, 58.0
24.18, 58.0
24.18, 58.0
24.18, 58.0
24.18, 58.0
24.18, 58.0
24.18, 58.0
24.18, 58.0
24.18, 58.0
24.18, 58.0
24.18, 58.0
24.18, 58.0
24.18, 58.0
24.18, 58.0
24.18, 58.0
24.18, 58.0
24.18, 58.0
24.18, 58.0
24.18, 58.0
24.18, 58.0
24.18, 58.0
24.18, 58.0
24.18, 58.0
24.18, 58.0
24.18, 58.0
24.18, 58.0
24.18, 58.0
24.18, 58.0
24.18, 58.0
24.18, 58.0
24.18, 58.0
24.18, 58.0
24.18, 58.0
24.18, 58.0
24.18, 58.0
24.18, 58.0
24.18, 58.0
24.18, 58.0
24.18, 58.0
24.18, 58.0
24.18, 58.0
24.18, 58.0
24.18, 58.0
24.18, 58.0
24.18, 58.0
24.18, 58.0
24.18, 58.0
24.18, 58.0
24.18, 58.0
24.18, 58.0
24.18, 58.0
24.18, 58.0
24.18, 58.0
24.18, 58.0
24.18, 58.0
24.18, 58.0
24.18, 58.0
24.18, 58.0
24.18, 58.0
24.18, 58.0
24.18, 58.0
24.18, 58.0
24.18, 58.0
24.18, 58.0
24.18, 58.0
24.18, 58.0
24.18, 58.0
24.18, 58.0
24.18, 58.0
24.18, 58.0
24.18, 58.0
24.18, 58.0
24.18, 58.0
24.18, 58.0
24.18, 58.0
24.18, 58.0
24.18, 58.0
24.18, 58.0
24.18, 58.0
24.18, 58.0
24.18, 58.0
24.18, 58.0
24.18, 58.0
24.18, 58.0
24.18, 58.0
24.18, 58.0
24.18, 58.0
24.18, 58.0
24.18, 58.0
24.18, 58.0
24.18, 58.0
24.18, 58.0
24.18, 58.0
24.18, 58.0
24.18, 58.0
24.18, 58.0
24.18, 58.0
24.18, 58.0
24.18, 58.0
24.18, 58.0
24.18, 58.0
24.18, 58.0
24.18, 58.0
24.18, 58.0
24.18, 58.0
24.18, 58.0
24.18, 58.0
24.18, 58.0
24.18, 58.0
24.18, 58.0
24.18, 58.0
24.18, 58.0
24.18, 58.0
24.18, 58.0
24.18, 58.0
24.18, 58.0
24.18, 58.0
24.18, 58.0
24.18, 58.0
24.18, 58.0
24.18, 58.0
24.18, 58.0
24.18, 58.0
24.18, 58.0
24.18, 58.0
24.18, 58.0
24.18, 58.0
24.18, 58.0
24.18, 58.0
24.18, 58.0
24.18, 58.0
24.18, 58.0
24.18, 58.0
24.18, 58.0
24.18, 58.0
24.18, 58.0
24.18, 58.0
24.18, 58.0
24.18, 58.0
24.18, 58.0
24.18, 58.0
24.18, 58.0
24.18, 58.0
24.18, 58.0
24.18, 58.0
24.18, 58.0
24.18, 58.0
24.18, 58.0
24.18, 58.0
24.18, 58.0
24.18, 58.0
24.18, 58.0
24.18, 58.0
24.18, 58.0
24.18, 58.0
24.18, 58.0
24.18, 58.0
24.18, 58.0
24.18, 58.0
24.18, 58.0
24.18, 58.0
24.18, 58.0
24.18, 58.0
24.18, 58.0
24.18, 58.0
24.18, 58.0
24.18, 58.0
24.18, 58.0
24.18, 58.0
24.18, 58.0
24.18, 58.0
24.18, 58.0
24.18, 58.0
24.18, 58.0
24.18, 58.0
24.18, 58.0
24.18, 58.0
24.18, 58.0
24.18, 58.0
24.18, 58.0
24.18, 58.0
24.18, 58.0
24.18, 58.0
24.18, 58.0
24.18, 58.0
24.18, 58.0
24.18, 58.0
24.18, 58.0
24.18, 58.0
24.18, 58.0
24.18, 58.0
24.18, 58.0
24.18, 58.0
24.18, 58.0
24.18, 58.0
24.18, 58.0
24.18, 58.0
24.18, 58.0
24.18, 58.0
24.18, 58.0
24.18, 58.0
24.18, 58.0
24.18, 58.0
24.18, 58.0
24.18, 58.0
24.18, 58.0
24.18, 58.0
24.18, 58.0
24.18, 58.0
24.18, 58.0
24.18, 58.0
24.18, 58.0
24.18, 58.0
24.18, 58.0
24.18, 58.0
24.18, 58.0
24.18, 58.0
24.18, 58.0
24.18, 58.0
24.18, 58.0
24.18, 58.0
24.18, 58.0
24.18, 58.0
24.18, 58.0
24.18, 58.0
24.18, 58.0
24.18, 58.0
24.18, 58.0
24.18, 58.0
24.18, 58.0
24.18, 58.0
24.18, 58.0
24.18, 58.0
24.18, 58.0
24.18, 58.0
24.18, 58.0
24.18, 58.0
24.18, 58.0
24.18, 58.0
24.18, 58.0
24.18, 58.0
24.18, 58.0
24.18, 58.0
24.18, 58.0
24.18, 58.0
24.18, 58.0
24.18, 58.0
24.18, 58.0
24.18, 58.0
24.18, 58.0
24.18, 58.0
24.18, 58.0
24.18, 58.0
24.18, 58.0
24.18, 58.0
24.18, 58.0
24.18, 58.0
24.18, 58.0
24.18, 58.0
24.18, 58.0
24.18, 58.0
24.18, 58.0
24.18, 58.0
24.18, 58.0
24.18, 58.0
24.18, 58.0
24.18, 58.0
24.18, 58.0
24.18, 58.0
24.18, 58.0
24.18, 58.0
24.18, 58.0
24.18, 58.0
24.18, 58.0
24.18, 58.0
24.18, 58.0
24.18, 58.0
24.18, 58.0
24.18, 58.0
24.18, 58.0
24.18, 58.0
24.18, 58.0
24.18, 58.0
24.18, 58.0
24.18, 58.0
24.18, 58.0
24.18, 58.0
24.18, 58.0
24.18, 58.0
24.18, 58.0
24.18, 58.0
24.18, 58.0
24.18, 58.0
24.18, 58.0
24.18, 58.0
24.18, 58.0
24.18, 58.0
24.18, 58.0
24.18, 58.0
24.18, 58.0
24.18, 58.0
24.18, 58.0
24.18, 58.0
24.18, 58.0
24.18, 58.0
24.18, 58.0
24.18, 58.0
24.18, 58.0
24.18, 58.0
24.18, 58.0
24.18, 58.0
24.18, 58.0
24.18, 58.0
24.18, 58.0
24.18, 58.0
24.18, 58.0
24.18, 58.0
24.18, 58.0
24.18, 58.0
24.18, 58.0
24.18, 58.0
24.18, 58.0
24.18, 58.0
24.18, 58.0
24.18, 58.0
24.18, 58.0
24.18, 58.0
24.18, 58.0
24.18, 58.0
24.18, 58.0
24.18, 58.0
24.18, 58.0
24.18, 58.0
24.18, 58.0
24.18, 58.0
24.18, 58.0
24.18, 58.0
24.18, 58.0
24.18, 58.0
24.18, 58.0
24.18, 58.0
24.18, 58.0
24.18, 58.0
24.18, 58.0
24.18, 58.0
24.18, 58.0
24.18, 58.0
24.18, 58.0
24.18, 58.0
24.18, 58.0
24.18, 58.0
24.18, 58.0
24.18, 58.0
24.18, 58.0
24.18, 58.0
24.18, 58.0
24.18, 58.0
24.18, 58.0
24.18, 58.0
24.18, 58.0
24.18, 58.0
24.18, 58.0
24.18, 58.0
24.18, 58.0
24.18, 58.0
24.18, 58.0
24.18, 58.0
24.18, 58.0
24.18, 58.0
24.18, 58.0
24.18, 58.0
24.18, 58.0
24.18, 58.0
24.18, 58.0
24.18, 58.0
24.18, 58.0
24.18, 58.0
24.18, 58.0
24.18, 58.0
24.18, 58.0
24.18, 58.0
24.18, 58.0
24.18, 58.0
24.18, 58.0
24.18, 58.0
24.18, 58.0
24.18, 58.0
24.18, 58.0
24.18, 58.0
24.18, 58.0
24.18, 58.0
24.18, 58.0
24.18, 58.0
24.18, 58.0
24.18, 58.0
24.18, 58.0
24.18, 58.0
24.18, 58.0
24.18, 58.0
24.18, 58.0
24.18, 58.0
24.18, 58.0
24.18, 58.0
24.18, 58.0
24.18, 58.0
24.18, 58.0
24.18, 58.0
24.18, 58.0
24.18, 58.0
24.18, 58.0
24.18, 58.0
24.18, 58.0
24.18, 58.0
24.18, 58.0
24.18, 58.0
24.18, 58.0
24.18, 58.0
24.18, 58.0
24.18, 58.0
24.18, 58.0
24.18, 58.0
24.18, 58.0
24.18, 58.0
24.18, 58.0
24.18, 58.0
24.18, 58.0
24.18, 58.0
24.18, 58.0
24.18, 58.0
24.18, 58.0
24.18, 58.0
24.18, 58.0
24.18, 58.0
24.18, 58.0
24.18, 58.0
24.18, 58.0
24.18, 58.0
24.18, 58.0
24.18, 58.0
24.18, 58.0
24.18, 58.0
24.18, 58.0
24.18, 58.0
24.18, 58.0
24.18, 58.0
24.18, 58.0
24.18, 58.0
24.18, 58.0
24.18, 58.0
24.18, 58.0
24.18, 58.0
24.18, 58.0
24.18, 58.0
24.18, 58.0
24.18, 58.0
24.18, 58.0
24.18, 58.0
24.18, 58.0
24.18, 58.0
24.18, 58.0
24.18, 58.0
24.18, 58.0
24.18, 58.0
24.18, 58.0
24.18, 58.0
24.18, 58.0
24.18, 58.0
24.18, 58.0
24.18, 58.0
24.18, 58.0
24.18, 58.0
24.18, 58.0
24.18, 58.0
24.18, 58.0
24.18, 58.0
24.18, 58.0
24.18, 58.0
24.18, 58.0
24.18, 58.0
24.18, 58.0
24.18, 58.0
24.18, 58.0
24.18, 58.0
24.18, 58.0
24.18, 58.0
24.18, 58.0
24.18, 58.0
24.18, 58.0
24.18, 58.0
24.18, 58.0
24.18, 58.0
24.18, 58.0
24.18, 58.0
24.18, 58.0
24.18, 58.0
24.18, 58.0
24.18, 58.0
24.18, 58.0
24.18, 58.0
24.18, 58.0
24.18, 58.0
24.18, 58.0
24.18, 58.0
24.18, 58.0
24.18, 58.0
24.18, 58.0
24.18, 58.0
24.18, 58.0
24.18, 58.0
24.18, 58.0
24.18, 58.0
24.18, 58.0
24.18, 58.0
24.18, 58.0
24.18, 58.0
24.18, 58.0
24.18, 58.0
24.18, 58.0
24.18, 58.0
24.18, 58.0
24.18, 58.0
24.18, 58.0
24.18, 58.0
24.18, 58.0
24.18, 58.0
24.18, 58.0
24.18, 58.0
24.18, 58.0
24.18, 58.0
24.18, 58.0
24.18, 58.0
24.18, 58.0
24.18, 58.0
24.18, 58.0
24.18, 58.0
24.18, 58.0
24.18, 58.0
24.18, 58.0
24.18, 58.0
24.18, 58.0
24.18, 58.0
24.18, 58.0
24.18, 58.0
24.18, 58.0
24.18, 58.0
24.18, 58.0
24.18, 58.0
24.18, 58.0
24.18, 58.0
24.18, 58.0
24.18, 58.0
24.18, 58.0
24.18, 58.0
24.18, 58.0
24.18, 58.0
24.18, 58.0
24.18, 58.0
24.18, 58.0
24.18, 58.0
24.18, 58.0
24.18, 58.0
24.18, 58.0
24.18, 58.0
24.18, 58.0
24.18, 58.0
24.18, 58.0
24.18, 58.0
24.18, 58.0
24.18, 58.0
24.18, 58.0
24.18, 58.0
24.18, 58.0
24.18, 58.0
24.18, 58.0
24.18, 58.0
24.18, 58.0
24.18, 58.0
24.18, 58.0
24.18, 58.0
24.18, 58.0
24.18, 58.0
24.18, 58.0
24.18, 58.0
24.18, 58.0
24.18, 58.0
24.18, 58.0
24.18, 58.0
24.18, 58.0
24.18, 58.0
24.18, 58.0
24.18, 58.0
24.18, 58.0
24.18, 58.0
24.18, 58.0
24.18, 58.0
24.18, 58.0
24.18, 58.0
24.18, 58.0
24.18, 58.0
24.18, 58.0
24.18, 58.0
24.18, 58.0
24.18, 58.0
24.18, 58.0
24.18, 58.0
24.18, 58.0
24.18, 58.0
24.18, 58.0
24.18, 58.0
24.18, 58.0
24.18, 58.0
24.18, 58.0
24.18, 58.0
24.18, 58.0
24.18, 58.0
24.18, 58.0
24.18, 58.0
24.18, 58.0
24.18, 58.0
24.18, 58.0
24.18, 58.0
24.18, 58.0
24.18, 58.0
24.18, 58.0
24.18, 58.0
24.18, 58.0
24.18, 58.0
24.18, 58.0
24.18, 58.0
24.18, 58.0
24.18, 58.0
24.18, 58.0
24.18, 58.0
24.18, 58.0
24.18, 58.0
24.18, 58.0
24.18, 58.0
24.18, 58.0
24.18, 58.0
24.18, 58.0
24.18, 58.0
24.18, 58.0
24.18, 58.0
24.18, 58.0
24.18, 58.0
24.18, 58.0
24.18, 58.0
24.18, 58.0
24.18, 58.0
24.18, 58.0
24.18, 58.0
24.18, 58.0
24.18, 58.0
24.18, 58.0
24.18, 58.0
24.18, 58.0
24.18, 58.0
24.18, 58.0
24.18, 58.0
24.18, 58.0
24.18, 58.0
24.18, 58.0
24.18, 58.0
24.18, 58.0
24.18, 58.0
24.18, 58.0
24.18, 58.0
24.18, 58.0
24.18, 58.0
24.18, 58.0
24.18, 58.0
24.18, 58.0
24.18, 58.0
24.18, 58.0
24.18, 58.0
24.18, 58.0
24.18, 58.0
24.18, 58.0
24.18, 58.0
24.18, 58.0
24.18, 58.0
24.18, 58.0
24.18, 58.0
24.18, 58.0
24.18, 58.0
24.18, 58.0
24.18, 58.0
24.18, 58.0
24.18, 58.0
24.18, 58.0
24.18, 58.0
24.18, 58.0
24.18, 58.0
24.18, 58.0
24.18, 58.0
24.18, 58.0
24.18, 58.0
24.18, 58.0
24.18, 58.0
24.18, 58.0
24.18, 58.0
24.18, 58.0
24.18, 58.0
24.18, 58.0
24.18, 58.0
24.18, 58.0
24.18, 58.0
